﻿<window id="40">
	<defaultcontrol always="true">50</defaultcontrol>
	<allowoverlay>yes</allowoverlay>
	<views>50,574</views>
	<controls>
		<include>global_Background</include>
		<include>global_Includes</include>
		<include>windowTitle_Addons</include>
		<include>nav_Indicator</include>
		<include>toggle_Menu</include>
		<include>menu_Addons</include>
		<include>PageControls</include>
		<include>view_IconSquare</include>
		<include>view_List</include>
		<include>view_Thumbs</include>
		<include>info_AddonList</include>
		<include>info_AddonThumbs</include>
	</controls>
</window>