﻿<window type="dialog" id="62">
	<defaultcontrol always="true">100</defaultcontrol>
	<include>dialogOpen</include>
	<coordinates>
		<system>1</system>
		<posx>415</posx>
		<posy>185</posy>
	</coordinates>
	<controls>
		<control type="image">
			<width>450</width>
			<height>360</height>
			<include>dialogWindow</include>
		</control>
		<control type="label" id="1">
			<width>382</width>
			<label>$LOCALIZE[21435]</label>
			<include>dialog_Windowtitle</include>
		</control>
		<control type="group">
			<posx>19</posx>
			<posy>75</posy>
			<control type="image">
				<width>413</width>
				<include>dialog_Separator</include>
			</control>
			<control type="list" id="100">
				<width>413</width>
				<height>320</height>
				<onup>100</onup>
				<ondown>100</ondown>
				<onright>-</onright>
				<scrolltime tween="Cubic" easing="Out">200</scrolltime>
				<itemlayout height="40">
					<control type="image">
						<width>413</width>
						<include>dialog_CommonList</include>
					</control>
					<control type="label">
						<width>397</width>
						<info>ListItem.Label</info>
						<include>dialog_CommonListItem</include>
					</control>
				</itemlayout>
				<focusedlayout height="40">
					<control type="image">
						<width>413</width>
						<include>dialog_CommonList</include>
						<visible>!Control.HasFocus(100)</visible>
					</control>
					<control type="image">
						<width>413</width>
						<height>40</height>
						<include>dialog_CommonListFocus</include>
						<visible>Control.HasFocus(100)</visible>
					</control>
					<control type="label">
						<posx>15</posx>
						<width>397</width>
						<info>ListItem.Label</info>
						<include>dialog_CommonListItemFocus</include>
					</control>
				</focusedlayout>
				<content>
					<!--refresh-->
					<item id="1">
						<label>$LOCALIZE[31942]</label>
						<onclick>Close</onclick>
						<onclick>SendClick(2003,6)</onclick>
					</item>
					<!--thumbnail-->
					<item id="2">
						<label>$LOCALIZE[31943]</label>
						<onclick>SendClick(2003,10)</onclick>
					</item>
					<!--fanart-->
					<item id="3">
						<label>$LOCALIZE[31944]</label>
						<onclick>SendClick(2003,12)</onclick>
						<visible>Container.Content(movies) | Container.Content(tvshows)</visible>
					</item>
					<!--banner-->
					<item id="4">
						<label>$LOCALIZE[31945]</label>
						<onclick>Close</onclick>
						<onclick>XBMC.RunScript(script.artwork.downloader, mode=custom, mediatype=tvshow, medianame=$INFO[ListItem.TVShowTitle],banner)</onclick>
						<visible>Container.Content(tvshows)</visible>
						<enable>System.HasAddon(script.artwork.downloader)</enable>
					</item>
					<!--logo-->
					<item id="5">
						<label>$LOCALIZE[31946]</label>
						<onclick>Close</onclick>
						<onclick>XBMC.RunScript(script.artwork.downloader, mode=custom, mediatype=tvshow, medianame=$INFO[ListItem.TVShowTitle],clearlogo)</onclick>
						<visible>Container.Content(tvshows)</visible>
						<enable>System.HasAddon(script.artwork.downloader)</enable>
					</item>
					<!--extrafanart-->
					<item id="6">
						<label>$LOCALIZE[31131]</label>
						<onclick>Close</onclick>
						<onclick>XBMC.RunScript(script.artwork.downloader, mode=custom, mediatype=tvshow, medianame=$INFO[ListItem.TVShowTitle],extrafanart)</onclick>
						<visible>Container.Content(tvshows)</visible>
						<enable>System.HasAddon(script.artwork.downloader)</enable>
					</item>
					<item id="7">
						<label>$LOCALIZE[31131]</label>
						<onclick>Close</onclick>
						<onclick>XBMC.RunScript(script.artwork.downloader, mode=custom, mediatype=movie, medianame=$INFO[ListItem.Title],mediapath=$INFO[ListItem.Path],extrafanart)</onclick>
						<visible>Container.Content(movies)</visible>
						<enable>System.HasAddon(script.artwork.downloader)</enable>
					</item>
				</content>
			</control>
		</control>
	</controls>
</window>