<window id="112">
	<coordinates>
		<system>1</system>
		<posx>0</posx>
		<posy>0</posy>
	</coordinates>
	<controls>
		<control type="group">
			<visible>![Window.IsActive(startup) | Window.IsActive(fullscreenvideo) | Window.IsActive(musicscan) | Window.IsActive(infodialog) | Window.IsActive(script-XBMC_Lyrics-main.xml)]</visible>
			<include>toggle_ToastMute</include>
			<control type="fadelabel" id="401">
				<posx>530r</posx>
				<width>400</width>
				<include>toast_Top</include>
			</control>
			<control type="fadelabel" id="405">
				<posx>530r</posx>
				<width>400</width>
				<include>toast_Bottom</include>
			</control>
			<control type="label" id="1">
				<posx>120r</posx>
				<label>$INFO[Control.GetLabel(404),,%]</label>
				<include>toast_Side</include>
			</control>
			<control type="progress" id="403">
				<texturebg>-</texturebg>
				<lefttexture>-</lefttexture>
				<midtexture>-</midtexture>
				<righttexture>-</righttexture>
				<overlaytexture>-</overlaytexture>
				<visible>false</visible>
			</control>
			<control type="progress" id="404">
				<texturebg>-</texturebg>
				<lefttexture>-</lefttexture>
				<midtexture>-</midtexture>
				<righttexture>-</righttexture>
				<overlaytexture>-</overlaytexture>
				<visible>false</visible>
			</control>
		</control>
	</controls>
</window>