﻿<window id="128">
	<defaultcontrol>10</defaultcontrol>
	<include>dialogOpen</include>
	<coordinates>
		<system>1</system>
		<posx>340</posx>
		<posy>110</posy>
	</coordinates>
	<controls>
		<control type="image" id="0">
			<width>600</width>
			<height>500</height>
			<include>dialogWindow</include>
		</control>
		<control type="label" id="20">
			<posx>34</posx>
			<width>532</width>
			<label>$LOCALIZE[1007]</label>
			<include>dialog_Windowtitle</include>
		</control>
		<control type="group">
			<posx>19</posx>
			<posy>75</posy>
			<control type="image">
				<width>563</width>
				<include>dialog_Separator</include>
			</control>
			<!--protocol-->
			<control type="spincontrolex" id="10">
				<posy>0</posy>
				<width>563</width>
				<label>$LOCALIZE[1008]</label>
				<reverse>yes</reverse>
				<onup>18</onup>
				<ondown>11</ondown>
				<onleft>10</onleft>
				<onright>10</onright>
				<include>dialog_Spin</include>
			</control>
			<!--server name-->
			<control type="button" id="11">
				<posy>40</posy>
				<width>523</width>
				<onup>10</onup>
				<onleft>12</onleft>
				<onright>12</onright>
				<ondown>16</ondown>
				<include>dialog_Button-list</include>
			</control>
			<!--server browse-->
			<control type="group">
				<posx>523</posx>
				<posy>40</posy>
				<control type="button" id="12">
					<label>-</label>
					<onup>10</onup>
					<onleft>11</onleft>
					<onright>11</onright>
					<ondown>16</ondown>
					<texturenofocus border="0">dialogs/button_Inline-edit.png</texturenofocus>
					<texturefocus border="0">dialogs/button_Inline-edit-focus.png</texturefocus>
					<include>dialog_Button-inline</include>
				</control>
				<control type="image">
					<height>39</height>
					<include>dialog_Separator-y</include>
				</control>
				<control type="image">
					<posy>39</posy>
					<width>563</width>
					<include>dialog_Separator</include>
				</control>
			</control>
			<!--remote path-->
			<control type="button" id="16">
				<posy>80</posy>
				<width>563</width>
				<label>-</label>
				<onup>11</onup>
				<onleft>16</onleft>
				<onright>16</onright>
				<ondown>13</ondown>
				<include>dialog_Button-list</include>
			</control>
			<!--port-->
			<control type="button" id="13">
				<posy>120</posy>
				<width>563</width>
				<label>$LOCALIZE[1013]</label>
				<onup>16</onup>
				<onleft>13</onleft>
				<onright>13</onright>
				<ondown>14</ondown>
				<include>dialog_Button-list</include>
			</control>
			<!--username-->
			<control type="button" id="14">
				<posy>160</posy>
				<width>563</width>
				<label>$LOCALIZE[1014]</label>
				<onup>13</onup>
				<onleft>14</onleft>
				<onright>14</onright>
				<ondown>15</ondown>
				<include>dialog_Button-list</include>
			</control>
			<!--password-->
			<control type="button" id="15">
				<posy>200</posy>
				<width>563</width>
				<label>$LOCALIZE[15052]</label>
				<onup>14</onup>
				<onleft>15</onleft>
				<onright>15</onright>
				<ondown>18</ondown>
				<include>dialog_Button-list</include>
			</control>
		</control>
	<!--dialog controls------>
		<control type="group">
			<posx>315</posx>
			<posy>423</posy>
			<!--ok-->
			<control type="button" id="18">
				<label>$LOCALIZE[186]</label>
				<onup>15</onup>
				<onleft>19</onleft>
				<onright>19</onright>
				<ondown>10</ondown>
				<include>dialog_Button</include>
			</control>
			<!--cancel-->
			<control type="button" id="19">
				<posx>130</posx>
				<label>$LOCALIZE[222]</label>
				<onup>15</onup>
				<onleft>18</onleft>
				<onright>18</onright>
				<ondown>10</ondown>
				<include>dialog_Button</include>
			</control>
		</control>
	</controls>
</window>