﻿<includes>
<!---NEXTAIRED------>
	<include name="nextaired_Date">
		<posx>75</posx>
		<posy>70</posy>
		<width>150</width>
		<height>20</height>
		<label>$INFO[ListItem.Property(NextDate)]</label>
		<textcolor>Color1</textcolor>
		<font>smallerCaps</font>
		<align>center</align>
	</include>
	<include name="nextaired_Time">
		<posx>75</posx>
		<posy>90</posy>
		<width>150</width>
		<height>20</height>
		<align>center</align>
		<font>smallerCaps</font>
		<textcolor>Color2</textcolor>
		<label>$INFO[ListItem.Property(ShortTime)]</label>
	</include>
	<include name="nextaired_Time-focus">
		<posx>75</posx>
		<posy>90</posy>
		<width>150</width>
		<height>20</height>
		<align>center</align>
		<font>smallerCaps</font>
		<textcolor>Color1</textcolor>
		<label>$INFO[ListItem.Property(ShortTime)]</label>
	</include>
	<include name="nextaired_Frame">
		<width>150</width>
		<height>121</height>
		<colordiffuse>column3</colordiffuse>
		<include>listButton_Alt</include>
	</include>
	<include name="nextaired_Frame-focus">
		<width>150</width>
		<height>121</height>
		<colordiffuse>column1</colordiffuse>
		<include>listButton_Alt</include>
	</include>
	<include name="nextaired_Thumb">
		<posx>11</posx>
		<posy>11</posy>
		<width>128</width>
		<height>55</height>
		<aspectratio>keep</aspectratio>
		<texture background="true">$INFO[ListItem.Thumb]</texture>
		<visible>StringCompare(Window(Home).Property(TVGuide.ThumbType),0)</visible>
	</include>
	<include name="nextaired_Banner">
		<posx>1</posx>
		<posy>7</posy>
		<width>148</width>
		<height>72</height>
		<aspectratio>keep</aspectratio>
		<texture background="true">$INFO[ListItem.Property(Path),,banner.jpg]</texture>
		<visible>StringCompare(Window(Home).Property(TVGuide.ThumbType),1)</visible>
	</include>
	<include name="nextaired_Logo">
		<posx>11</posx>
		<posy>11</posy>
		<width>128</width>
		<height>50</height>
		<aspectratio>keep</aspectratio>
		<texture background="true">$INFO[ListItem.Property(Path),,logo.png]</texture>
		<visible>StringCompare(Window(Home).Property(TVGuide.ThumbType),2)</visible>
	</include>
	<include name="nextaired_InfoImage">
		<width>258</width>
		<height>145</height>
		<aspectratio>stretch</aspectratio>
	</include>
	<include name="nextaired_Fanart">
		<include>screen_Dimensions</include>
		<animation effect="fade" time="600">Visible</animation>
		<animation effect="fade" time="600">Hidden</animation>
	</include>
	<include name="nextaired_MenuToggle">
		<animation type="Conditional" condition="ControlGroup(9000).HasFocus">
			<effect type="zoom" time="250" center="screen_Center" start="100" end="55" />
			<effect type="fade" time="250" center="screen_Center" start="100" end="20" />
		</animation>			
		<animation type="Conditional" condition="!ControlGroup(9000).HasFocus">
			<effect type="zoom" time="250" center="screen_Center" start="140" end="100" />
			<effect type="fade" time="250" center="screen_Center" start="20" end="100" />
		</animation>
	</include>
	<include name="nextaired_Menu">
		<control type="group">
			<control type="grouplist" id="9000">
				<posx>-275</posx>
				<posy>20</posy>
				<width>800</width>
				<height>800</height>
				<onright>9002</onright>
				<onup>9000</onup>
				<ondown>9000</ondown>
				<orientation>vertical</orientation>
				<include>MenuOpen</include>
				<visible allowhiddenfocus="true">ControlGroup(9000).HasFocus</visible>
				<control type="group">
					<width>220</width>
					<height>42</height>
					<control type="button" id="8">
						<label>$LOCALIZE[5]</label>
						<onback>9002</onback>
						<onup>8</onup>
						<ondown>8</ondown>
						<onright>9002</onright>
						<include>button_Menu</include>
						<onright>ClearProperty(TVGuide.MondayList,Home)</onright>
						<onright>ClearProperty(TVGuide.TuesdayList,Home)</onright>
						<onright>ClearProperty(TVGuide.WednesdayList,Home)</onright>
						<onright>ClearProperty(TVGuide.ThursdayList,Home)</onright>
						<onright>ClearProperty(TVGuide.FridayList,Home)</onright>
						<onright>ClearProperty(TVGuide.SaturdayList,Home)</onright>
						<onright>ClearProperty(TVGuide.SundayList,Home)</onright>
					</control>
				</control>
			</control>
		</control>
	</include>
	
<!---WATCHLIST------>	
	<include name="watchlist_Shows">
		<content>
			<item id="1">
				<label>$LOCALIZE[593]</label>
				<property name="Node">$LOCALIZE[31079]</property>
				<thumb>thumbs/tvshow_portrait.jpg</thumb>
				<property name="ShowThumb">thumbs/tvshow_portrait.jpg</property>
				<property name="Fanart">backgrounds/tvshows.jpg</property>
				<onclick>ActivateWindow(videolibrary,tvshowtitles,return)</onclick>
			</item>
			<item id="2">
				<label>$LOCALIZE[31094]</label>
				<property name="Node">$LOCALIZE[31081]</property>
				<thumb>thumbs/tvshow_portrait.jpg</thumb>
				<property name="ShowThumb">thumbs/tvshow_portrait.jpg</property>
				<property name="Fanart">backgrounds/tvshows.jpg</property>
				<property name="Latest1">$INFO[Window(Home).Property(WatchList_Episode.1.TVShowThumb)]</property>
				<property name="Latest2">$INFO[Window(Home).Property(WatchList_Episode.2.TVShowThumb)]</property>
				<property name="Latest3">$INFO[Window(Home).Property(WatchList_Episode.3.TVShowThumb)]</property>
				<property name="Latest4">$INFO[Window(Home).Property(WatchList_Episode.4.TVShowThumb)]</property>
				<onclick>ActivateWindow(videolibrary,recentlyaddedepisodes,return)</onclick>
			</item>
			<item id="3">
				<label>$INFO[Window(Home).Property(WatchList_Episode.1.TVShowTitle)]</label>
				<label2>$INFO[Window(Home).Property(WatchList_Episode.1.Season),$LOCALIZE[31087] , - ]$INFO[Window(Home).Property(WatchList_Episode.1.Episode),$LOCALIZE[31088] ]</label2>
				<icon fallback="tvshow_portrait.jpg">$INFO[Window(Home).Property(WatchList_Episode.1.TvshowThumb)]</icon>
		  		<thumb>$INFO[Window(Home).Property(WatchList_Episode.1.SeasonThumb)]</thumb>
				<property name="Title">$INFO[Window(Home).Property(WatchList_Episode.1.Label)]</property>
				<property name="ShowThumb">$INFO[Window(Home).Property(WatchList_Episode.1.TVShowThumb)]</property>
				<property name="EpisodeThumb">$INFO[Window(Home).Property(WatchList_Episode.1.Thumb)]</property>
				<property name="Fanart">$INFO[Window(Home).Property(WatchList_Episode.1.Fanart)]</property>
				<property name="Plot">$INFO[Window(Home).Property(WatchList_Episode.1.Plot)]</property>
				<property name="Episode">$INFO[Window(Home).Property(WatchList_Episode.1.Label)]</property>
				<property name="Rating">$INFO[Window(Home).Property(WatchList_Episode.1.Rating)]</property>
				<property name="Studio">$INFO[Window(Home).Property(WatchList_Episode.1.Studio)]</property>
				<property name="Progress">$INFO[Window(Home).Property(WatchList_Episode.1.IsResumable)]</property>
				<onclick>PlayMedia($INFO[Window(Home).Property(WatchList_Episode.1.Path)])</onclick>
				<visible>!IsEmpty(Window(Home).Property(WatchList_Episode.1.Label))</visible>
			</item>
			<item id="4">
				<label>$INFO[Window(Home).Property(WatchList_Episode.2.TVShowTitle)]</label>
				<label2>$INFO[Window(Home).Property(WatchList_Episode.2.Season),$LOCALIZE[31087] , - ]$INFO[Window(Home).Property(WatchList_Episode.2.Episode),$LOCALIZE[31088] ]</label2>
				<icon fallback="thumbs/tvshow_portrait.jpg">$INFO[Window(Home).Property(WatchList_Episode.2.TvshowThumb)]</icon>
				<property name="EpisodeThumb">$INFO[Window(Home).Property(WatchList_Episode.2.Thumb)]</property>
				<thumb>$INFO[Window(Home).Property(WatchList_Episode.2.SeasonThumb)]</thumb>
				<property name="Title">$INFO[Window(Home).Property(WatchList_Episode.2.Label)]</property>
				<property name="Fanart">$INFO[Window(Home).Property(WatchList_Episode.2.Fanart)]</property>
				<property name="Plot">$INFO[Window(Home).Property(WatchList_Episode.2.Plot)]</property>
				<property name="Episode">$INFO[Window(Home).Property(WatchList_Episode.2.Label)]</property>
				<property name="Rating">$INFO[Window(Home).Property(WatchList_Episode.2.Rating)]</property>
				<property name="Studio">$INFO[Window(Home).Property(WatchList_Episode.2.Studio)]</property>
				<property name="Progress">$INFO[Window(Home).Property(WatchList_Episode.2.IsResumable)]</property>
				<onclick>PlayMedia($INFO[Window(Home).Property(WatchList_Episode.2.Path)])</onclick>
				<visible>!IsEmpty(Window(Home).Property(WatchList_Episode.2.Label))</visible>
			</item>
			<item id="5">
				<label>$INFO[Window(Home).Property(WatchList_Episode.3.TVShowTitle)]</label>
				<label2>$INFO[Window(Home).Property(WatchList_Episode.3.Season),$LOCALIZE[31087] , - ]$INFO[Window(Home).Property(WatchList_Episode.3.Episode),$LOCALIZE[31088] ]</label2>
				<icon fallback="thumbs/tvshow_portrait.jpg">$INFO[Window(Home).Property(WatchList_Episode.3.TvshowThumb)]</icon>
				<property name="EpisodeThumb">$INFO[Window(Home).Property(WatchList_Episode.3.Thumb)]</property>
				<thumb>$INFO[Window(Home).Property(WatchList_Episode.3.SeasonThumb)]</thumb>
				<property name="Title">$INFO[Window(Home).Property(WatchList_Episode.3.Label)]</property>
				<property name="Fanart">$INFO[Window(Home).Property(WatchList_Episode.3.Fanart)]</property>
				<property name="Plot">$INFO[Window(Home).Property(WatchList_Episode.3.Plot)]</property>
				<property name="Episode">$INFO[Window(Home).Property(WatchList_Episode.3.Label)]</property>
				<property name="Rating">$INFO[Window(Home).Property(WatchList_Episode.3.Rating)]</property>
				<property name="Studio">$INFO[Window(Home).Property(WatchList_Episode.3.Studio)]</property>
				<property name="Progress">$INFO[Window(Home).Property(WatchList_Episode.3.IsResumable)]</property>
				<onclick>PlayMedia($INFO[Window(Home).Property(WatchList_Episode.3.Path)])</onclick>
				<visible>!IsEmpty(Window(Home).Property(WatchList_Episode.3.Label))</visible>
			</item>
			<item id="6">
				<label>$INFO[Window(Home).Property(WatchList_Episode.4.TVShowTitle)]</label>
				<label2>$INFO[Window(Home).Property(WatchList_Episode.4.Season),$LOCALIZE[31087] , - ]$INFO[Window(Home).Property(WatchList_Episode.4.Episode),$LOCALIZE[31088] ]</label2>
				<icon fallback="thumbs/tvshow_portrait.jpg">$INFO[Window(Home).Property(WatchList_Episode.4.TvshowThumb)]</icon>
				<property name="EpisodeThumb">$INFO[Window(Home).Property(WatchList_Episode.4.Thumb)]</property>
				<thumb>$INFO[Window(Home).Property(WatchList_Episode.4.SeasonThumb)]</thumb>
				<property name="Title">$INFO[Window(Home).Property(WatchList_Episode.4.Label)]</property>
				<property name="Fanart">$INFO[Window(Home).Property(WatchList_Episode.4.Fanart)]</property>
				<property name="Plot">$INFO[Window(Home).Property(WatchList_Episode.4.Plot)]</property>
				<property name="Episode">$INFO[Window(Home).Property(WatchList_Episode.4.Label)]</property>
				<property name="Rating">$INFO[Window(Home).Property(WatchList_Episode.4.Rating)]</property>
				<property name="Studio">$INFO[Window(Home).Property(WatchList_Episode.4.Studio)]</property>
				<property name="Progress">$INFO[Window(Home).Property(WatchList_Episode.4.IsResumable)]</property>
				<onclick>PlayMedia($INFO[Window(Home).Property(WatchList_Episode.4.Path)])</onclick>
				<visible>!IsEmpty(Window(Home).Property(WatchList_Episode.4.Label))</visible>
			</item>
			<item id="7">
				<label>$INFO[Window(Home).Property(WatchList_Episode.5.TVShowTitle)]</label>
				<label2>$INFO[Window(Home).Property(WatchList_Episode.5.Season),$LOCALIZE[31087] , - ]$INFO[Window(Home).Property(WatchList_Episode.5.Episode),$LOCALIZE[31088] ]</label2>
				<icon fallback="thumbs/tvshow_portrait.jpg">$INFO[Window(Home).Property(WatchList_Episode.5.TvshowThumb)]</icon>
				<property name="EpisodeThumb">$INFO[Window(Home).Property(WatchList_Episode.5.Thumb)]</property>
				<thumb>$INFO[Window(Home).Property(WatchList_Episode.5.SeasonThumb)]</thumb>
				<property name="Title">$INFO[Window(Home).Property(WatchList_Episode.5.Label)]</property>
				<property name="Fanart">$INFO[Window(Home).Property(WatchList_Episode.5.Fanart)]</property>
				<property name="Plot">$INFO[Window(Home).Property(WatchList_Episode.5.Plot)]</property>
				<property name="Episode">$INFO[Window(Home).Property(WatchList_Episode.5.Label)]</property>
				<property name="Rating">$INFO[Window(Home).Property(WatchList_Episode.5.Rating)]</property>
				<property name="Studio">$INFO[Window(Home).Property(WatchList_Episode.5.Studio)]</property>
				<property name="Progress">$INFO[Window(Home).Property(WatchList_Episode.5.IsResumable)]</property>
				<onclick>PlayMedia($INFO[Window(Home).Property(WatchList_Episode.5.Path)])</onclick>
				<visible>!IsEmpty(Window(Home).Property(WatchList_Episode.5.Label))</visible>
			</item>
			<item id="8">
				<label>$INFO[Window(Home).Property(WatchList_Episode.6.TVShowTitle)]</label>
				<label2>$INFO[Window(Home).Property(WatchList_Episode.6.Season),$LOCALIZE[31087] , - ]$INFO[Window(Home).Property(WatchList_Episode.6.Episode),$LOCALIZE[31088] ]</label2>
				<icon fallback="thumbs/tvshow_portrait.jpg">$INFO[Window(Home).Property(WatchList_Episode.6.TvshowThumb)]</icon>
				<property name="EpisodeThumb">$INFO[Window(Home).Property(WatchList_Episode.6.Thumb)]</property>
				<thumb>$INFO[Window(Home).Property(WatchList_Episode.6.SeasonThumb)]</thumb>
				<property name="Title">$INFO[Window(Home).Property(WatchList_Episode.6.Label)]</property>
				<property name="Fanart">$INFO[Window(Home).Property(WatchList_Episode.6.Fanart)]</property>
				<property name="Plot">$INFO[Window(Home).Property(WatchList_Episode.6.Plot)]</property>
				<property name="Episode">$INFO[Window(Home).Property(WatchList_Episode.6.Label)]</property>
				<property name="Rating">$INFO[Window(Home).Property(WatchList_Episode.6.Rating)]</property>
				<property name="Studio">$INFO[Window(Home).Property(WatchList_Episode.6.Studio)]</property>
				<property name="Progress">$INFO[Window(Home).Property(WatchList_Episode.6.IsResumable)]</property>
				<onclick>PlayMedia($INFO[Window(Home).Property(WatchList_Episode.6.Path)])</onclick>
				<visible>!IsEmpty(Window(Home).Property(WatchList_Episode.6.Label))</visible>
			</item>
			<item id="9">
				<label>$INFO[Window(Home).Property(WatchList_Episode.7.TVShowTitle)]</label>
				<label2>$INFO[Window(Home).Property(WatchList_Episode.7.Season),$LOCALIZE[31087] , - ]$INFO[Window(Home).Property(WatchList_Episode.7.Episode),$LOCALIZE[31088] ]</label2>
				<icon fallback="thumbs/tvshow_portrait.jpg">$INFO[Window(Home).Property(WatchList_Episode.7.TvshowThumb)]</icon>
				<property name="EpisodeThumb">$INFO[Window(Home).Property(WatchList_Episode.7.Thumb)]</property>
				<thumb>$INFO[Window(Home).Property(WatchList_Episode.7.SeasonThumb)]</thumb>
				<property name="Title">$INFO[Window(Home).Property(WatchList_Episode.7.Label)]</property>
				<property name="Fanart">$INFO[Window(Home).Property(WatchList_Episode.7.Fanart)]</property>
				<property name="Plot">$INFO[Window(Home).Property(WatchList_Episode.7.Plot)]</property>
				<property name="Episode">$INFO[Window(Home).Property(WatchList_Episode.7.Label)]</property>
				<property name="Rating">$INFO[Window(Home).Property(WatchList_Episode.7.Rating)]</property>
				<property name="Studio">$INFO[Window(Home).Property(WatchList_Episode.7.Studio)]</property>
				<property name="Progress">$INFO[Window(Home).Property(WatchList_Episode.7.IsResumable)]</property>
				<onclick>PlayMedia($INFO[Window(Home).Property(WatchList_Episode.7.Path)])</onclick>
				<visible>!IsEmpty(Window(Home).Property(WatchList_Episode.7.Label))</visible>
			</item>
			<item id="10">
				<label>$INFO[Window(Home).Property(WatchList_Episode.8.TVShowTitle)]</label>
				<label2>$INFO[Window(Home).Property(WatchList_Episode.8.Season),$LOCALIZE[31087] , - ]$INFO[Window(Home).Property(WatchList_Episode.8.Episode),$LOCALIZE[31088] ]</label2>
				<icon fallback="thumbs/tvshow_portrait.jpg">$INFO[Window(Home).Property(WatchList_Episode.8.TvshowThumb)]</icon>
				<property name="EpisodeThumb">$INFO[Window(Home).Property(WatchList_Episode.8.Thumb)]</property>
				<thumb>$INFO[Window(Home).Property(WatchList_Episode.8.SeasonThumb)]</thumb>
				<property name="Title">$INFO[Window(Home).Property(WatchList_Episode.8.Label)]</property>
				<property name="Fanart">$INFO[Window(Home).Property(WatchList_Episode.8.Fanart)]</property>
				<property name="Plot">$INFO[Window(Home).Property(WatchList_Episode.8.Plot)]</property>
				<property name="Episode">$INFO[Window(Home).Property(WatchList_Episode.8.Label)]</property>
				<property name="Rating">$INFO[Window(Home).Property(WatchList_Episode.8.Rating)]</property>
				<property name="Studio">$INFO[Window(Home).Property(WatchList_Episode.8.Studio)]</property>
				<property name="Progress">$INFO[Window(Home).Property(WatchList_Episode.8.IsResumable)]</property>
				<onclick>PlayMedia($INFO[Window(Home).Property(WatchList_Episode.8.Path)])</onclick>
				<visible>!IsEmpty(Window(Home).Property(WatchList_Episode.8.Label))</visible>
			</item>
			<item id="11">
				<label>$INFO[Window(Home).Property(WatchList_Episode.9.TVShowTitle)]</label>
				<label2>$INFO[Window(Home).Property(WatchList_Episode.9.Season),$LOCALIZE[31087] , - ]$INFO[Window(Home).Property(WatchList_Episode.9.Episode),$LOCALIZE[31088] ]</label2>
				<icon fallback="thumbs/tvshow_portrait.jpg">$INFO[Window(Home).Property(WatchList_Episode.9.TvshowThumb)]</icon>
				<property name="EpisodeThumb">$INFO[Window(Home).Property(WatchList_Episode.9.Thumb)]</property>
				<thumb>$INFO[Window(Home).Property(WatchList_Episode.9.SeasonThumb)]</thumb>
				<property name="Title">$INFO[Window(Home).Property(WatchList_Episode.9.Label)]</property>
				<property name="Fanart">$INFO[Window(Home).Property(WatchList_Episode.9.Fanart)]</property>
				<property name="Plot">$INFO[Window(Home).Property(WatchList_Episode.9.Plot)]</property>
				<property name="Episode">$INFO[Window(Home).Property(WatchList_Episode.9.Label)]</property>
				<property name="Rating">$INFO[Window(Home).Property(WatchList_Episode.9.Rating)]</property>
				<property name="Studio">$INFO[Window(Home).Property(WatchList_Episode.9.Studio)]</property>
				<property name="Progress">$INFO[Window(Home).Property(WatchList_Episode.9.IsResumable)]</property>
				<onclick>PlayMedia($INFO[Window(Home).Property(WatchList_Episode.9.Path)])</onclick>
				<visible>!IsEmpty(Window(Home).Property(WatchList_Episode.9.Label))</visible>
			</item>
			<item id="12">
				<label>$INFO[Window(Home).Property(WatchList_Episode.10.TVShowTitle)]</label>
				<label2>$INFO[Window(Home).Property(WatchList_Episode.10.Season),$LOCALIZE[31087] , - ]$INFO[Window(Home).Property(WatchList_Episode.10.Episode),$LOCALIZE[31088] ]</label2>
				<icon fallback="thumbs/tvshow_portrait.jpg">$INFO[Window(Home).Property(WatchList_Episode.10.TvshowThumb)]</icon>
				<property name="EpisodeThumb">$INFO[Window(Home).Property(WatchList_Episode.10.Thumb)]</property>
				<thumb>$INFO[Window(Home).Property(WatchList_Episode.10.SeasonThumb)]</thumb>
				<property name="Title">$INFO[Window(Home).Property(WatchList_Episode.10.Label)]</property>
				<property name="Fanart">$INFO[Window(Home).Property(WatchList_Episode.10.Fanart)]</property>
				<property name="Plot">$INFO[Window(Home).Property(WatchList_Episode.10.Plot)]</property>
				<property name="Episode">$INFO[Window(Home).Property(WatchList_Episode.10.Label)]</property>
				<property name="Rating">$INFO[Window(Home).Property(WatchList_Episode.10.Rating)]</property>
				<property name="Studio">$INFO[Window(Home).Property(WatchList_Episode.10.Studio)]</property>
				<property name="Progress">$INFO[Window(Home).Property(WatchList_Episode.10.IsResumable)]</property>
				<onclick>PlayMedia($INFO[Window(Home).Property(WatchList_Episode.10.Path)])</onclick>
				<visible>!IsEmpty(Window(Home).Property(WatchList_Episode.10.Label))</visible>
			</item>
			<item id="13">
				<label>$INFO[Window(Home).Property(WatchList_Episode.11.TVShowTitle)]</label>
				<label2>$INFO[Window(Home).Property(WatchList_Episode.11.Season),$LOCALIZE[31087] , - ]$INFO[Window(Home).Property(WatchList_Episode.11.Episode),$LOCALIZE[31088] ]</label2>
				<icon fallback="thumbs/tvshow_portrait.jpg">$INFO[Window(Home).Property(WatchList_Episode.11.TvshowThumb)]</icon>
				<property name="EpisodeThumb">$INFO[Window(Home).Property(WatchList_Episode.11.Thumb)]</property>
				<thumb>$INFO[Window(Home).Property(WatchList_Episode.11.SeasonThumb)]</thumb>
				<property name="Title">$INFO[Window(Home).Property(WatchList_Episode.11.Label)]</property>
				<property name="Fanart">$INFO[Window(Home).Property(WatchList_Episode.11.Fanart)]</property>
				<property name="Plot">$INFO[Window(Home).Property(WatchList_Episode.11.Plot)]</property>
				<property name="Episode">$INFO[Window(Home).Property(WatchList_Episode.11.Label)]</property>
				<property name="Rating">$INFO[Window(Home).Property(WatchList_Episode.11.Rating)]</property>
				<property name="Studio">$INFO[Window(Home).Property(WatchList_Episode.11.Studio)]</property>
				<property name="Progress">$INFO[Window(Home).Property(WatchList_Episode.11.IsResumable)]</property>
				<onclick>PlayMedia($INFO[Window(Home).Property(WatchList_Episode.11.Path)])</onclick>
				<visible>!IsEmpty(Window(Home).Property(WatchList_Episode.11.Label))</visible>
			</item>
			<item id="14">
				<label>$INFO[Window(Home).Property(WatchList_Episode.12.TVShowTitle)]</label>
				<label2>$INFO[Window(Home).Property(WatchList_Episode.12.Season),$LOCALIZE[31087] , - ]$INFO[Window(Home).Property(WatchList_Episode.12.Episode),$LOCALIZE[31088] ]</label2>
				<icon fallback="thumbs/tvshow_portrait.jpg">$INFO[Window(Home).Property(WatchList_Episode.12.TvshowThumb)]</icon>
				<property name="EpisodeThumb">$INFO[Window(Home).Property(WatchList_Episode.12.Thumb)]</property>
				<thumb>$INFO[Window(Home).Property(WatchList_Episode.12.SeasonThumb)]</thumb>
				<property name="Title">$INFO[Window(Home).Property(WatchList_Episode.12.Label)]</property>
				<property name="Fanart">$INFO[Window(Home).Property(WatchList_Episode.12.Fanart)]</property>
				<property name="Plot">$INFO[Window(Home).Property(WatchList_Episode.12.Plot)]</property>
				<property name="Episode">$INFO[Window(Home).Property(WatchList_Episode.12.Label)]</property>
				<property name="Rating">$INFO[Window(Home).Property(WatchList_Episode.12.Rating)]</property>
				<property name="Studio">$INFO[Window(Home).Property(WatchList_Episode.12.Studio)]</property>
				<property name="Progress">$INFO[Window(Home).Property(WatchList_Episode.12.IsResumable)]</property>
				<onclick>PlayMedia($INFO[Window(Home).Property(WatchList_Episode.12.Path)])</onclick>
				<visible>!IsEmpty(Window(Home).Property(WatchList_Episode.12.Label))</visible>
			</item>
			<item id="15">
				<label>$INFO[Window(Home).Property(WatchList_Episode.13.TVShowTitle)]</label>
				<label2>$INFO[Window(Home).Property(WatchList_Episode.13.Season),$LOCALIZE[31087] , - ]$INFO[Window(Home).Property(WatchList_Episode.13.Episode),$LOCALIZE[31088] ]</label2>
				<icon fallback="thumbs/tvshow_portrait.jpg">$INFO[Window(Home).Property(WatchList_Episode.13.TvshowThumb)]</icon>
				<property name="EpisodeThumb">$INFO[Window(Home).Property(WatchList_Episode.13.Thumb)]</property>
				<thumb>$INFO[Window(Home).Property(WatchList_Episode.13.SeasonThumb)]</thumb>
				<property name="Title">$INFO[Window(Home).Property(WatchList_Episode.13.Label)]</property>
				<property name="Fanart">$INFO[Window(Home).Property(WatchList_Episode.13.Fanart)]</property>
				<property name="Plot">$INFO[Window(Home).Property(WatchList_Episode.13.Plot)]</property>
				<property name="Episode">$INFO[Window(Home).Property(WatchList_Episode.13.Label)]</property>
				<property name="Rating">$INFO[Window(Home).Property(WatchList_Episode.13.Rating)]</property>
				<property name="Studio">$INFO[Window(Home).Property(WatchList_Episode.13.Studio)]</property>
				<property name="Progress">$INFO[Window(Home).Property(WatchList_Episode.13.IsResumable)]</property>
				<onclick>PlayMedia($INFO[Window(Home).Property(WatchList_Episode.13.Path)])</onclick>
				<visible>!IsEmpty(Window(Home).Property(WatchList_Episode.13.Label))</visible>
			</item>
			<item id="16">
				<label>$INFO[Window(Home).Property(WatchList_Episode.14.TVShowTitle)]</label>
				<label2>$INFO[Window(Home).Property(WatchList_Episode.14.Season),$LOCALIZE[31087] , - ]$INFO[Window(Home).Property(WatchList_Episode.14.Episode),$LOCALIZE[31088] ]</label2>
				<icon fallback="thumbs/tvshow_portrait.jpg">$INFO[Window(Home).Property(WatchList_Episode.14.TvshowThumb)]</icon>
				<property name="EpisodeThumb">$INFO[Window(Home).Property(WatchList_Episode.14.Thumb)]</property>
				<thumb>$INFO[Window(Home).Property(WatchList_Episode.14.SeasonThumb)]</thumb>
				<property name="Title">$INFO[Window(Home).Property(WatchList_Episode.14.Label)]</property>
				<property name="Fanart">$INFO[Window(Home).Property(WatchList_Episode.14.Fanart)]</property>
				<property name="Plot">$INFO[Window(Home).Property(WatchList_Episode.14.Plot)]</property>
				<property name="Episode">$INFO[Window(Home).Property(WatchList_Episode.14.Label)]</property>
				<property name="Rating">$INFO[Window(Home).Property(WatchList_Episode.14.Rating)]</property>
				<property name="Studio">$INFO[Window(Home).Property(WatchList_Episode.14.Studio)]</property>
				<property name="Progress">$INFO[Window(Home).Property(WatchList_Episode.14.IsResumable)]</property>
				<onclick>PlayMedia($INFO[Window(Home).Property(WatchList_Episode.14.Path)])</onclick>
				<visible>!IsEmpty(Window(Home).Property(WatchList_Episode.14.Label))</visible>
			</item>
			<item id="17">
				<label>$INFO[Window(Home).Property(WatchList_Episode.15.TVShowTitle)]</label>
				<label2>$INFO[Window(Home).Property(WatchList_Episode.15.Season),$LOCALIZE[31087] , - ]$INFO[Window(Home).Property(WatchList_Episode.15.Episode),$LOCALIZE[31088] ]</label2>
				<icon fallback="thumbs/tvshow_portrait.jpg">$INFO[Window(Home).Property(WatchList_Episode.15.TvshowThumb)]</icon>
				<property name="EpisodeThumb">$INFO[Window(Home).Property(WatchList_Episode.15.Thumb)]</property>
				<thumb>$INFO[Window(Home).Property(WatchList_Episode.15.SeasonThumb)]</thumb>
				<property name="Title">$INFO[Window(Home).Property(WatchList_Episode.15.Label)]</property>
				<property name="Fanart">$INFO[Window(Home).Property(WatchList_Episode.15.Fanart)]</property>
				<property name="Plot">$INFO[Window(Home).Property(WatchList_Episode.15.Plot)]</property>
				<property name="Episode">$INFO[Window(Home).Property(WatchList_Episode.15.Label)]</property>
				<property name="Rating">$INFO[Window(Home).Property(WatchList_Episode.15.Rating)]</property>
				<property name="Studio">$INFO[Window(Home).Property(WatchList_Episode.15.Studio)]</property>
				<property name="Progress">$INFO[Window(Home).Property(WatchList_Episode.15.IsResumable)]</property>
				<onclick>PlayMedia($INFO[Window(Home).Property(WatchList_Episode.15.Path)])</onclick>
				<visible>!IsEmpty(Window(Home).Property(WatchList_Episode.15.Label))</visible>
			</item>
			<item id="18">
				<label>$INFO[Window(Home).Property(WatchList_Episode.16.TVShowTitle)]</label>
				<label2>$INFO[Window(Home).Property(WatchList_Episode.16.Season),$LOCALIZE[31087] , - ]$INFO[Window(Home).Property(WatchList_Episode.16.Episode),$LOCALIZE[31088] ]</label2>
				<icon fallback="thumbs/tvshow_portrait.jpg">$INFO[Window(Home).Property(WatchList_Episode.16.TvshowThumb)]</icon>
				<property name="EpisodeThumb">$INFO[Window(Home).Property(WatchList_Episode.16.Thumb)]</property>
				<thumb>$INFO[Window(Home).Property(WatchList_Episode.16.SeasonThumb)]</thumb>
				<property name="Title">$INFO[Window(Home).Property(WatchList_Episode.16.Label)]</property>
				<property name="Fanart">$INFO[Window(Home).Property(WatchList_Episode.16.Fanart)]</property>
				<property name="Plot">$INFO[Window(Home).Property(WatchList_Episode.16.Plot)]</property>
				<property name="Episode">$INFO[Window(Home).Property(WatchList_Episode.16.Label)]</property>
				<property name="Rating">$INFO[Window(Home).Property(WatchList_Episode.16.Rating)]</property>
				<property name="Studio">$INFO[Window(Home).Property(WatchList_Episode.16.Studio)]</property>
				<property name="Progress">$INFO[Window(Home).Property(WatchList_Episode.16.IsResumable)]</property>
				<onclick>PlayMedia($INFO[Window(Home).Property(WatchList_Episode.16.Path)])</onclick>
				<visible>!IsEmpty(Window(Home).Property(WatchList_Episode.16.Label))</visible>
			</item>
			<item id="19">
				<label>$INFO[Window(Home).Property(WatchList_Episode.17.TVShowTitle)]</label>
				<label2>$INFO[Window(Home).Property(WatchList_Episode.17.Season),$LOCALIZE[31087] , - ]$INFO[Window(Home).Property(WatchList_Episode.17.Episode),$LOCALIZE[31088] ]</label2>
				<icon fallback="thumbs/tvshow_portrait.jpg">$INFO[Window(Home).Property(WatchList_Episode.17.TvshowThumb)]</icon>
				<property name="EpisodeThumb">$INFO[Window(Home).Property(WatchList_Episode.17.Thumb)]</property>
				<thumb>$INFO[Window(Home).Property(WatchList_Episode.17.SeasonThumb)]</thumb>
				<property name="Title">$INFO[Window(Home).Property(WatchList_Episode.17.Label)]</property>
				<property name="Fanart">$INFO[Window(Home).Property(WatchList_Episode.17.Fanart)]</property>
				<property name="Plot">$INFO[Window(Home).Property(WatchList_Episode.17.Plot)]</property>
				<property name="Episode">$INFO[Window(Home).Property(WatchList_Episode.17.Label)]</property>
				<property name="Rating">$INFO[Window(Home).Property(WatchList_Episode.17.Rating)]</property>
				<property name="Studio">$INFO[Window(Home).Property(WatchList_Episode.17.Studio)]</property>
				<property name="Progress">$INFO[Window(Home).Property(WatchList_Episode.17.IsResumable)]</property>
				<onclick>PlayMedia($INFO[Window(Home).Property(WatchList_Episode.17.Path)])</onclick>
				<visible>!IsEmpty(Window(Home).Property(WatchList_Episode.17.Label))</visible>
			</item>
			<item id="20">
				<label>$INFO[Window(Home).Property(WatchList_Episode.18.TVShowTitle)]</label>
				<label2>$INFO[Window(Home).Property(WatchList_Episode.18.Season),$LOCALIZE[31087] , - ]$INFO[Window(Home).Property(WatchList_Episode.18.Episode),$LOCALIZE[31088] ]</label2>
				<icon fallback="thumbs/tvshow_portrait.jpg">$INFO[Window(Home).Property(WatchList_Episode.18.TvshowThumb)]</icon>
				<property name="EpisodeThumb">$INFO[Window(Home).Property(WatchList_Episode.18.Thumb)]</property>
				<thumb>$INFO[Window(Home).Property(WatchList_Episode.18.SeasonThumb)]</thumb>
				<property name="Title">$INFO[Window(Home).Property(WatchList_Episode.18.Label)]</property>
				<property name="Fanart">$INFO[Window(Home).Property(WatchList_Episode.18.Fanart)]</property>
				<property name="Plot">$INFO[Window(Home).Property(WatchList_Episode.18.Plot)]</property>
				<property name="Episode">$INFO[Window(Home).Property(WatchList_Episode.18.Label)]</property>
				<property name="Rating">$INFO[Window(Home).Property(WatchList_Episode.18.Rating)]</property>
				<property name="Studio">$INFO[Window(Home).Property(WatchList_Episode.18.Studio)]</property>
				<property name="Progress">$INFO[Window(Home).Property(WatchList_Episode.18.IsResumable)]</property>
				<onclick>PlayMedia($INFO[Window(Home).Property(WatchList_Episode.18.Path)])</onclick>
				<visible>!IsEmpty(Window(Home).Property(WatchList_Episode.18.Label))</visible>
			</item>
			<item id="21">
				<label>$INFO[Window(Home).Property(WatchList_Episode.19.TVShowTitle)]</label>
				<label2>$INFO[Window(Home).Property(WatchList_Episode.19.Season),$LOCALIZE[31087] , - ]$INFO[Window(Home).Property(WatchList_Episode.19.Episode),$LOCALIZE[31088] ]</label2>
				<icon fallback="thumbs/tvshow_portrait.jpg">$INFO[Window(Home).Property(WatchList_Episode.19.TvshowThumb)]</icon>
				<property name="EpisodeThumb">$INFO[Window(Home).Property(WatchList_Episode.19.Thumb)]</property>
				<thumb>$INFO[Window(Home).Property(WatchList_Episode.19.SeasonThumb)]</thumb>
				<property name="Title">$INFO[Window(Home).Property(WatchList_Episode.19.Label)]</property>
				<property name="Fanart">$INFO[Window(Home).Property(WatchList_Episode.19.Fanart)]</property>
				<property name="Plot">$INFO[Window(Home).Property(WatchList_Episode.19.Plot)]</property>
				<property name="Episode">$INFO[Window(Home).Property(WatchList_Episode.19.Label)]</property>
				<property name="Rating">$INFO[Window(Home).Property(WatchList_Episode.19.Rating)]</property>
				<property name="Studio">$INFO[Window(Home).Property(WatchList_Episode.19.Studio)]</property>
				<property name="Progress">$INFO[Window(Home).Property(WatchList_Episode.19.IsResumable)]</property>
				<onclick>PlayMedia($INFO[Window(Home).Property(WatchList_Episode.19.Path)])</onclick>
				<visible>!IsEmpty(Window(Home).Property(WatchList_Episode.19.Label))</visible>
			</item>
			<item id="22">
				<label>$INFO[Window(Home).Property(WatchList_Episode.20.TVShowTitle)]</label>
				<label2>$INFO[Window(Home).Property(WatchList_Episode.20.Season),$LOCALIZE[31087] , - ]$INFO[Window(Home).Property(WatchList_Episode.20.Episode),$LOCALIZE[31088] ]</label2>
				<icon fallback="thumbs/tvshow_portrait.jpg">$INFO[Window(Home).Property(WatchList_Episode.20.TvshowThumb)]</icon>
				<property name="EpisodeThumb">$INFO[Window(Home).Property(WatchList_Episode.20.Thumb)]</property>
				<thumb>$INFO[Window(Home).Property(WatchList_Episode.20.SeasonThumb)]</thumb>
				<property name="Title">$INFO[Window(Home).Property(WatchList_Episode.20.Label)]</property>
				<property name="Fanart">$INFO[Window(Home).Property(WatchList_Episode.20.Fanart)]</property>
				<property name="Plot">$INFO[Window(Home).Property(WatchList_Episode.20.Plot)]</property>
				<property name="Episode">$INFO[Window(Home).Property(WatchList_Episode.20.Label)]</property>
				<property name="Rating">$INFO[Window(Home).Property(WatchList_Episode.20.Rating)]</property>
				<property name="Studio">$INFO[Window(Home).Property(WatchList_Episode.20.Studio)]</property>
				<property name="Progress">$INFO[Window(Home).Property(WatchList_Episode.20.IsResumable)]</property>
				<onclick>PlayMedia($INFO[Window(Home).Property(WatchList_Episode.20.Path)])</onclick>
				<visible>!IsEmpty(Window(Home).Property(WatchList_Episode.20.Label))</visible>
			</item>
			<item id="23">
				<label>$INFO[Window(Home).Property(WatchList_Episode.21.TVShowTitle)]</label>
				<label2>$INFO[Window(Home).Property(WatchList_Episode.21.Season),$LOCALIZE[31087] , - ]$INFO[Window(Home).Property(WatchList_Episode.21.Episode),$LOCALIZE[31088] ]</label2>
				<icon fallback="thumbs/tvshow_portrait.jpg">$INFO[Window(Home).Property(WatchList_Episode.21.TvshowThumb)]</icon>
				<property name="EpisodeThumb">$INFO[Window(Home).Property(WatchList_Episode.21.Thumb)]</property>
				<thumb>$INFO[Window(Home).Property(WatchList_Episode.21.SeasonThumb)]</thumb>
				<property name="Title">$INFO[Window(Home).Property(WatchList_Episode.21.Label)]</property>
				<property name="Fanart">$INFO[Window(Home).Property(WatchList_Episode.21.Fanart)]</property>
				<property name="Plot">$INFO[Window(Home).Property(WatchList_Episode.21.Plot)]</property>
				<property name="Episode">$INFO[Window(Home).Property(WatchList_Episode.21.Label)]</property>
				<property name="Rating">$INFO[Window(Home).Property(WatchList_Episode.21.Rating)]</property>
				<property name="Studio">$INFO[Window(Home).Property(WatchList_Episode.21.Studio)]</property>
				<property name="Progress">$INFO[Window(Home).Property(WatchList_Episode.21.IsResumable)]</property>
				<onclick>PlayMedia($INFO[Window(Home).Property(WatchList_Episode.21.Path)])</onclick>
				<visible>!IsEmpty(Window(Home).Property(WatchList_Episode.21.Label))</visible>
			</item>
			<item id="24">
				<label>$INFO[Window(Home).Property(WatchList_Episode.22.TVShowTitle)]</label>
				<label2>$INFO[Window(Home).Property(WatchList_Episode.22.Season),$LOCALIZE[31087] , - ]$INFO[Window(Home).Property(WatchList_Episode.22.Episode),$LOCALIZE[31088] ]</label2>
				<icon fallback="thumbs/tvshow_portrait.jpg">$INFO[Window(Home).Property(WatchList_Episode.22.TvshowThumb)]</icon>
				<property name="EpisodeThumb">$INFO[Window(Home).Property(WatchList_Episode.22.Thumb)]</property>
				<thumb>$INFO[Window(Home).Property(WatchList_Episode.22.SeasonThumb)]</thumb>
				<property name="Title">$INFO[Window(Home).Property(WatchList_Episode.22.Label)]</property>
				<property name="Fanart">$INFO[Window(Home).Property(WatchList_Episode.22.Fanart)]</property>
				<property name="Plot">$INFO[Window(Home).Property(WatchList_Episode.22.Plot)]</property>
				<property name="Episode">$INFO[Window(Home).Property(WatchList_Episode.22.Label)]</property>
				<property name="Rating">$INFO[Window(Home).Property(WatchList_Episode.22.Rating)]</property>
				<property name="Studio">$INFO[Window(Home).Property(WatchList_Episode.22.Studio)]</property>
				<property name="Progress">$INFO[Window(Home).Property(WatchList_Episode.22.IsResumable)]</property>
				<onclick>PlayMedia($INFO[Window(Home).Property(WatchList_Episode.22.Path)])</onclick>
				<visible>!IsEmpty(Window(Home).Property(WatchList_Episode.22.Label))</visible>
			</item>
			<item id="25">
				<label>$INFO[Window(Home).Property(WatchList_Episode.23TVShowTitle)]</label>
				<label2>$INFO[Window(Home).Property(WatchList_Episode.23.Season),$LOCALIZE[31087] , - ]$INFO[Window(Home).Property(WatchList_Episode.23.Episode),$LOCALIZE[31088] ]</label2>
				<icon fallback="thumbs/tvshow_portrait.jpg">$INFO[Window(Home).Property(WatchList_Episode.23.TvshowThumb)]</icon>
				<property name="EpisodeThumb">$INFO[Window(Home).Property(WatchList_Episode.23.Thumb)]</property>
				<thumb>$INFO[Window(Home).Property(WatchList_Episode.23.SeasonThumb)]</thumb>
				<property name="Title">$INFO[Window(Home).Property(WatchList_Episode.23.Label)]</property>
				<property name="Fanart">$INFO[Window(Home).Property(WatchList_Episode.23.Fanart)]</property>
				<property name="Plot">$INFO[Window(Home).Property(WatchList_Episode.23.Plot)]</property>
				<property name="Episode">$INFO[Window(Home).Property(WatchList_Episode.23.Label)]</property>
				<property name="Rating">$INFO[Window(Home).Property(WatchList_Episode.23.Rating)]</property>
				<property name="Studio">$INFO[Window(Home).Property(WatchList_Episode.23.Studio)]</property>
				<property name="Progress">$INFO[Window(Home).Property(WatchList_Episode.23.IsResumable)]</property>
				<onclick>PlayMedia($INFO[Window(Home).Property(WatchList_Episode.23.Path)])</onclick>
				<visible>!IsEmpty(Window(Home).Property(WatchList_Episode.23.Label))</visible>
			</item>
			<item id="26">
				<label>$INFO[Window(Home).Property(WatchList_Episode.24.TVShowTitle)]</label>
				<label2>$INFO[Window(Home).Property(WatchList_Episode.24.Season),$LOCALIZE[31087] , - ]$INFO[Window(Home).Property(WatchList_Episode.24.Episode),$LOCALIZE[31088] ]</label2>
				<icon fallback="thumbs/tvshow_portrait.jpg">$INFO[Window(Home).Property(WatchList_Episode.24.TvshowThumb)]</icon>
				<property name="EpisodeThumb">$INFO[Window(Home).Property(WatchList_Episode.24.Thumb)]</property>
				<thumb>$INFO[Window(Home).Property(WatchList_Episode.24.SeasonThumb)]</thumb>
				<property name="Title">$INFO[Window(Home).Property(WatchList_Episode.24.Label)]</property>
				<property name="Fanart">$INFO[Window(Home).Property(WatchList_Episode.24.Fanart)]</property>
				<property name="Plot">$INFO[Window(Home).Property(WatchList_Episode.24.Plot)]</property>
				<property name="Episode">$INFO[Window(Home).Property(WatchList_Episode.24.Label)]</property>
				<property name="Rating">$INFO[Window(Home).Property(WatchList_Episode.24.Rating)]</property>
				<property name="Studio">$INFO[Window(Home).Property(WatchList_Episode.24.Studio)]</property>
				<property name="Progress">$INFO[Window(Home).Property(WatchList_Episode.24.IsResumable)]</property>
				<onclick>PlayMedia($INFO[Window(Home).Property(WatchList_Episode.24.Path)])</onclick>
				<visible>!IsEmpty(Window(Home).Property(WatchList_Episode.24.Label))</visible>
			</item>
			<item id="27">
				<label>$INFO[Window(Home).Property(WatchList_Episode.25.TVShowTitle)]</label>
				<label2>$INFO[Window(Home).Property(WatchList_Episode.25.Season),$LOCALIZE[31087] , - ]$INFO[Window(Home).Property(WatchList_Episode.25.Episode),$LOCALIZE[31088] ]</label2>
				<icon fallback="thumbs/tvshow_portrait.jpg">$INFO[Window(Home).Property(WatchList_Episode.25.TvshowThumb)]</icon>
				<property name="EpisodeThumb">$INFO[Window(Home).Property(WatchList_Episode.25.Thumb)]</property>
				<thumb>$INFO[Window(Home).Property(WatchList_Episode.25.SeasonThumb)]</thumb>
				<property name="Title">$INFO[Window(Home).Property(WatchList_Episode.25.Label)]</property>
				<property name="Fanart">$INFO[Window(Home).Property(WatchList_Episode.25.Fanart)]</property>
				<property name="Plot">$INFO[Window(Home).Property(WatchList_Episode.25.Plot)]</property>
				<property name="Episode">$INFO[Window(Home).Property(WatchList_Episode.25.Label)]</property>
				<property name="Rating">$INFO[Window(Home).Property(WatchList_Episode.25.Rating)]</property>
				<property name="Studio">$INFO[Window(Home).Property(WatchList_Episode.25.Studio)]</property>
				<property name="Progress">$INFO[Window(Home).Property(WatchList_Episode.25.IsResumable)]</property>
				<onclick>PlayMedia($INFO[Window(Home).Property(WatchList_Episode.25.Path)])</onclick>
				<visible>!IsEmpty(Window(Home).Property(WatchList_Episode.25.Label))</visible>
			</item>
		</content>
	</include>
	<include name="watchlist_Movies">
		<content>
			<item id="1">
				<label>$LOCALIZE[593]</label>
				<property name="Node">$LOCALIZE[31078]</property>
				<thumb>thumbs/movie_portrait.jpg</thumb>
				<property name="Fanart">backgrounds/movies.jpg</property>
				<onclick>ActivateWindow(videolibrary,movietitles,return)</onclick>
			</item>
			<item id="2">
				<label>$LOCALIZE[31095]</label>
				<property name="Node">$LOCALIZE[31080]</property>
				<property name="Fanart">backgrounds/movies.jpg</property>
				<thumb>thumbs/movie_portrait.jpg</thumb>
				<property name="Latest1">$INFO[Window(Home).Property(LatestMovie.1.Thumb)]</property>
				<property name="Latest2">$INFO[Window(Home).Property(LatestMovie.2.Thumb)]</property>
				<property name="Latest3">$INFO[Window(Home).Property(LatestMovie.3.Thumb)]</property>
				<property name="Latest4">$INFO[Window(Home).Property(LatestMovie.4.Thumb)]</property>
				<onclick>ActivateWindow(videolibrary,recentlyaddedmovies,return)</onclick>
			</item>
			<item id="3">
				<label>$INFO[Window(Home).Property(WatchList_Movie.1.Label)]</label>
				<label2>$INFO[Window(Home).Property(WatchList_Movie.1.Runtime),, $LOCALIZE[31100]]</label2>
				<property name="Genre">$INFO[Window(Home).Property(WatchList_Movie.1.Genre)]</property>
				<property name="Year">$INFO[Window(Home).Property(WatchList_Movie.1.Year)]</property>
				<property name="Fanart">$INFO[Window(Home).Property(WatchList_Movie.1.Fanart)]</property>
				<property name="Plot">$INFO[Window(Home).Property(WatchList_Movie.1.Plot)]</property>
				<property name="Info">$INFO[Window(Home).Property(WatchList_Movie.1.Genre)]</property>
				<property name="Studio">$INFO[Window(Home).Property(WatchList_Movie.1.Studio)]</property>
				<property name="Rating">$INFO[Window(Home).Property(WatchList_Movie.1.Rating)]</property>
				<icon fallback="thumbs/movie_portrait.jpg">$INFO[Window(Home).Property(WatchList_Movie.1.Thumb)]</icon>
				<onclick>PlayMedia($INFO[Window(Home).Property(WatchList_Movie.1.Path)])</onclick>
				<visible>!IsEmpty(Window(Home).Property(WatchList_Movie.1.Label))</visible>
			</item>
			<item id="4">
				<label>$INFO[Window(Home).Property(WatchList_Movie.2.Label)]</label>
				<label2>$INFO[Window(Home).Property(WatchList_Movie.2.Runtime),, $LOCALIZE[31100]]</label2>
				<property name="Genre">$INFO[Window(Home).Property(WatchList_Movie.2.Genre)]</property>
				<property name="Year">$INFO[Window(Home).Property(WatchList_Movie.2.Year)]</property>
				<property name="Fanart">$INFO[Window(Home).Property(WatchList_Movie.2.Fanart)]</property>
				<property name="Plot">$INFO[Window(Home).Property(WatchList_Movie.2.Plot)]</property>
				<property name="Info">$INFO[Window(Home).Property(WatchList_Movie.2.Genre)]</property>
				<property name="Studio">$INFO[Window(Home).Property(WatchList_Movie.2.Studio)]</property>
				<property name="Rating">$INFO[Window(Home).Property(WatchList_Movie.2.Rating)]</property>
				<icon fallback="thumbs/movie_portrait.jpg">$INFO[Window(Home).Property(WatchList_Movie.2.Thumb)]</icon>
				<onclick>PlayMedia($INFO[Window(Home).Property(WatchList_Movie.2.Path)])</onclick>
				<visible>!IsEmpty(Window(Home).Property(WatchList_Movie.2.Label))</visible>
			</item>
			<item id="5">
				<label>$INFO[Window(Home).Property(WatchList_Movie.3.Label)]</label>
				<label2>$INFO[Window(Home).Property(WatchList_Movie.3.Runtime),, $LOCALIZE[31100]]</label2>
				<property name="Genre">$INFO[Window(Home).Property(WatchList_Movie.3.Genre)]</property>
				<property name="Year">$INFO[Window(Home).Property(WatchList_Movie.3.Year)]</property>
				<property name="Fanart">$INFO[Window(Home).Property(WatchList_Movie.3.Fanart)]</property>
				<property name="Plot">$INFO[Window(Home).Property(WatchList_Movie.3.Plot)]</property>
				<property name="Info">$INFO[Window(Home).Property(WatchList_Movie.3.Genre)]</property>
				<property name="Studio">$INFO[Window(Home).Property(WatchList_Movie.3.Studio)]</property>
				<property name="Rating">$INFO[Window(Home).Property(WatchList_Movie.3.Rating)]</property>
				<icon fallback="thumbs/movie_portrait.jpg">$INFO[Window(Home).Property(WatchList_Movie.3.Thumb)]</icon>
				<onclick>PlayMedia($INFO[Window(Home).Property(WatchList_Movie.3.Path)])</onclick>
				<visible>!IsEmpty(Window(Home).Property(WatchList_Movie.3.Label))</visible>
			</item>
			<item id="6">
				<label>$INFO[Window(Home).Property(WatchList_Movie.4.Label)]</label>
				<label2>$INFO[Window(Home).Property(WatchList_Movie.4.Runtime),, $LOCALIZE[31100]]</label2>
				<property name="Genre">$INFO[Window(Home).Property(WatchList_Movie.4.Genre)]</property>
				<property name="Year">$INFO[Window(Home).Property(WatchList_Movie.4.Year)]</property>
				<property name="Fanart">$INFO[Window(Home).Property(WatchList_Movie.4.Fanart)]</property>
				<property name="Plot">$INFO[Window(Home).Property(WatchList_Movie.4.Plot)]</property>
				<property name="Info">$INFO[Window(Home).Property(WatchList_Movie.4.Genre)]</property>
				<property name="Studio">$INFO[Window(Home).Property(WatchList_Movie.4.Studio)]</property>
				<property name="Rating">$INFO[Window(Home).Property(WatchList_Movie.4.Rating)]</property>
				<icon fallback="thumbs/movie_portrait.jpg">$INFO[Window(Home).Property(WatchList_Movie.4.Thumb)]</icon>
				<onclick>PlayMedia($INFO[Window(Home).Property(WatchList_Movie.4.Path)])</onclick>
				<visible>!IsEmpty(Window(Home).Property(WatchList_Movie.4.Label))</visible>
			</item>
			<item id="7">
				<label>$INFO[Window(Home).Property(WatchList_Movie.5.Label)]</label>
				<label2>$INFO[Window(Home).Property(WatchList_Movie.5.Runtime),, $LOCALIZE[31100]]</label2>
				<property name="Genre">$INFO[Window(Home).Property(WatchList_Movie.5.Genre)]</property>
				<property name="Year">$INFO[Window(Home).Property(WatchList_Movie.5.Year)]</property>
				<property name="Fanart">$INFO[Window(Home).Property(WatchList_Movie.5.Fanart)]</property>
				<property name="Plot">$INFO[Window(Home).Property(WatchList_Movie.5.Plot)]</property>
				<property name="Info">$INFO[Window(Home).Property(WatchList_Movie.5.Genre)]</property>
				<property name="Studio">$INFO[Window(Home).Property(WatchList_Movie.5.Studio)]</property>
				<property name="Rating">$INFO[Window(Home).Property(WatchList_Movie.5.Rating)]</property>
				<icon fallback="thumbs/movie_portrait.jpg">$INFO[Window(Home).Property(WatchList_Movie.5.Thumb)]</icon>
				<onclick>PlayMedia($INFO[Window(Home).Property(WatchList_Movie.5.Path)])</onclick>
				<visible>!IsEmpty(Window(Home).Property(WatchList_Movie.5.Label))</visible>
			</item>
			<item id="8">
				<label>$INFO[Window(Home).Property(WatchList_Movie.6.Label)]</label>
				<label2>$INFO[Window(Home).Property(WatchList_Movie.6.Runtime),, $LOCALIZE[31100]]</label2>
				<property name="Genre">$INFO[Window(Home).Property(WatchList_Movie.6.Genre)]</property>
				<property name="Year">$INFO[Window(Home).Property(WatchList_Movie.6.Year)]</property>
				<property name="Fanart">$INFO[Window(Home).Property(WatchList_Movie.6.Fanart)]</property>
				<property name="Plot">$INFO[Window(Home).Property(WatchList_Movie.6.Plot)]</property>
				<property name="Info">$INFO[Window(Home).Property(WatchList_Movie.6.Genre)]</property>
				<property name="Studio">$INFO[Window(Home).Property(WatchList_Movie.6.Studio)]</property>
				<property name="Rating">$INFO[Window(Home).Property(WatchList_Movie.6.Rating)]</property>
				<icon fallback="thumbs/movie_portrait.jpg">$INFO[Window(Home).Property(WatchList_Movie.6.Thumb)]</icon>
				<onclick>PlayMedia($INFO[Window(Home).Property(WatchList_Movie.6.Path)])</onclick>
				<visible>!IsEmpty(Window(Home).Property(WatchList_Movie.6.Label))</visible>
			</item>
			<item id="9">
				<label>$INFO[Window(Home).Property(WatchList_Movie.7.Label)]</label>
				<label2>$INFO[Window(Home).Property(WatchList_Movie.7.Runtime),, $LOCALIZE[31100]]</label2>
				<property name="Genre">$INFO[Window(Home).Property(WatchList_Movie.7.Genre)]</property>
				<property name="Year">$INFO[Window(Home).Property(WatchList_Movie.7.Year)]</property>
				<property name="Fanart">$INFO[Window(Home).Property(WatchList_Movie.7.Fanart)]</property>
				<property name="Plot">$INFO[Window(Home).Property(WatchList_Movie.7.Plot)]</property>
				<property name="Info">$INFO[Window(Home).Property(WatchList_Movie.7.Genre)]</property>
				<property name="Studio">$INFO[Window(Home).Property(WatchList_Movie.7.Studio)]</property>
				<property name="Rating">$INFO[Window(Home).Property(WatchList_Movie.7.Rating)]</property>
				<icon fallback="thumbs/movie_portrait.jpg">$INFO[Window(Home).Property(WatchList_Movie.7.Thumb)]</icon>
				<onclick>PlayMedia($INFO[Window(Home).Property(WatchList_Movie.7.Path)])</onclick>
				<visible>!IsEmpty(Window(Home).Property(WatchList_Movie.7.Label))</visible>
			</item>
			<item id="10">
				<label>$INFO[Window(Home).Property(WatchList_Movie.8.Label)]</label>
				<label2>$INFO[Window(Home).Property(WatchList_Movie.8.Runtime),, $LOCALIZE[31100]]</label2>
				<property name="Genre">$INFO[Window(Home).Property(WatchList_Movie.8.Genre)]</property>
				<property name="Year">$INFO[Window(Home).Property(WatchList_Movie.8.Year)]</property>
				<property name="Fanart">$INFO[Window(Home).Property(WatchList_Movie.8.Fanart)]</property>
				<property name="Plot">$INFO[Window(Home).Property(WatchList_Movie.8.Plot)]</property>
				<property name="Info">$INFO[Window(Home).Property(WatchList_Movie.8.Genre)]</property>
				<property name="Studio">$INFO[Window(Home).Property(WatchList_Movie.8.Studio)]</property>
				<property name="Rating">$INFO[Window(Home).Property(WatchList_Movie.8.Rating)]</property>
				<icon fallback="thumbs/movie_portrait.jpg">$INFO[Window(Home).Property(WatchList_Movie.8.Thumb)]</icon>
				<onclick>PlayMedia($INFO[Window(Home).Property(WatchList_Movie.8.Path)])</onclick>
				<visible>!IsEmpty(Window(Home).Property(WatchList_Movie.8.Label))</visible>
			</item>
			<item id="11">
				<label>$INFO[Window(Home).Property(WatchList_Movie.9.Label)]</label>
				<label2>$INFO[Window(Home).Property(WatchList_Movie.9.Runtime),, $LOCALIZE[31100]]</label2>
				<property name="Genre">$INFO[Window(Home).Property(WatchList_Movie.9.Genre)]</property>
				<property name="Year">$INFO[Window(Home).Property(WatchList_Movie.9.Year)]</property>
				<property name="Fanart">$INFO[Window(Home).Property(WatchList_Movie.9.Fanart)]</property>
				<property name="Plot">$INFO[Window(Home).Property(WatchList_Movie.9.Plot)]</property>
				<property name="Info">$INFO[Window(Home).Property(WatchList_Movie.9.Genre)]</property>
				<property name="Studio">$INFO[Window(Home).Property(WatchList_Movie.9.Studio)]</property>
				<property name="Rating">$INFO[Window(Home).Property(WatchList_Movie.9.Rating)]</property>
				<icon fallback="thumbs/movie_portrait.jpg">$INFO[Window(Home).Property(WatchList_Movie.9.Thumb)]</icon>
				<onclick>PlayMedia($INFO[Window(Home).Property(WatchList_Movie.9.Path)])</onclick>
				<visible>!IsEmpty(Window(Home).Property(WatchList_Movie.9.Label))</visible>
			</item>
			<item id="12">
				<label>$INFO[Window(Home).Property(WatchList_Movie.10.Label)]</label>
				<label2>$INFO[Window(Home).Property(WatchList_Movie.10.Runtime),, $LOCALIZE[31100]]</label2>
				<property name="Genre">$INFO[Window(Home).Property(WatchList_Movie.10.Genre)]</property>
				<property name="Year">$INFO[Window(Home).Property(WatchList_Movie.10.Year)]</property>
				<property name="Fanart">$INFO[Window(Home).Property(WatchList_Movie.10.Fanart)]</property>
				<property name="Plot">$INFO[Window(Home).Property(WatchList_Movie.10.Plot)]</property>
				<property name="Info">$INFO[Window(Home).Property(WatchList_Movie.10.Genre)]</property>
				<property name="Studio">$INFO[Window(Home).Property(WatchList_Movie.10.Studio)]</property>
				<property name="Rating">$INFO[Window(Home).Property(WatchList_Movie.10.Rating)]</property>
				<icon fallback="thumbs/movie_portrait.jpg">$INFO[Window(Home).Property(WatchList_Movie.10.Thumb)]</icon>
				<onclick>PlayMedia($INFO[Window(Home).Property(WatchList_Movie.10.Path)])</onclick>
				<visible>!IsEmpty(Window(Home).Property(WatchList_Movie.10.Label))</visible>
			</item>
			<item id="13">
				<label>$INFO[Window(Home).Property(WatchList_Movie.11.Label)]</label>
				<label2>$INFO[Window(Home).Property(WatchList_Movie.11.Runtime),, $LOCALIZE[31100]]</label2>
				<property name="Genre">$INFO[Window(Home).Property(WatchList_Movie.11.Genre)]</property>
				<property name="Year">$INFO[Window(Home).Property(WatchList_Movie.11.Year)]</property>
				<property name="Fanart">$INFO[Window(Home).Property(WatchList_Movie.11.Fanart)]</property>
				<property name="Plot">$INFO[Window(Home).Property(WatchList_Movie.11.Plot)]</property>
				<property name="Info">$INFO[Window(Home).Property(WatchList_Movie.11.Genre)]</property>
				<property name="Studio">$INFO[Window(Home).Property(WatchList_Movie.11.Studio)]</property>
				<property name="Rating">$INFO[Window(Home).Property(WatchList_Movie.11.Rating)]</property>
				<icon fallback="thumbs/movie_portrait.jpg">$INFO[Window(Home).Property(WatchList_Movie.11.Thumb)]</icon>
				<onclick>PlayMedia($INFO[Window(Home).Property(WatchList_Movie.11.Path)])</onclick>
				<visible>!IsEmpty(Window(Home).Property(WatchList_Movie.11.Label))</visible>
			</item>
			<item id="14">
				<label>$INFO[Window(Home).Property(WatchList_Movie.12.Label)]</label>
				<label2>$INFO[Window(Home).Property(WatchList_Movie.12.Runtime),, $LOCALIZE[31100]]</label2>
				<property name="Genre">$INFO[Window(Home).Property(WatchList_Movie.12.Genre)]</property>
				<property name="Year">$INFO[Window(Home).Property(WatchList_Movie.12.Year)]</property>
				<property name="Fanart">$INFO[Window(Home).Property(WatchList_Movie.12.Fanart)]</property>
				<property name="Plot">$INFO[Window(Home).Property(WatchList_Movie.12.Plot)]</property>
				<property name="Info">$INFO[Window(Home).Property(WatchList_Movie.12.Genre)]</property>
				<property name="Studio">$INFO[Window(Home).Property(WatchList_Movie.12.Studio)]</property>
				<property name="Rating">$INFO[Window(Home).Property(WatchList_Movie.12.Rating)]</property>
				<icon fallback="thumbs/movie_portrait.jpg">$INFO[Window(Home).Property(WatchList_Movie.12.Thumb)]</icon>
				<onclick>PlayMedia($INFO[Window(Home).Property(WatchList_Movie.12.Path)])</onclick>
				<visible>!IsEmpty(Window(Home).Property(WatchList_Movie.12.Label))</visible>
			</item>
			<item id="15">
				<label>$INFO[Window(Home).Property(WatchList_Movie.13.Label)]</label>
				<label2>$INFO[Window(Home).Property(WatchList_Movie.13.Runtime),, $LOCALIZE[31100]]</label2>
				<property name="Genre">$INFO[Window(Home).Property(WatchList_Movie.13.Genre)]</property>
				<property name="Year">$INFO[Window(Home).Property(WatchList_Movie.13.Year)]</property>
				<property name="Fanart">$INFO[Window(Home).Property(WatchList_Movie.13.Fanart)]</property>
				<property name="Plot">$INFO[Window(Home).Property(WatchList_Movie.13.Plot)]</property>
				<property name="Info">$INFO[Window(Home).Property(WatchList_Movie.13.Genre)]</property>
				<property name="Studio">$INFO[Window(Home).Property(WatchList_Movie.13.Studio)]</property>
				<property name="Rating">$INFO[Window(Home).Property(WatchList_Movie.13.Rating)]</property>
				<icon fallback="thumbs/movie_portrait.jpg">$INFO[Window(Home).Property(WatchList_Movie.13.Thumb)]</icon>
				<onclick>PlayMedia($INFO[Window(Home).Property(WatchList_Movie.13.Path)])</onclick>
				<visible>!IsEmpty(Window(Home).Property(WatchList_Movie.13.Label))</visible>
			</item>
			<item id="16">
				<label>$INFO[Window(Home).Property(WatchList_Movie.14.Label)]</label>
				<label2>$INFO[Window(Home).Property(WatchList_Movie.14.Runtime),, $LOCALIZE[31100]]</label2>
				<property name="Genre">$INFO[Window(Home).Property(WatchList_Movie.14.Genre)]</property>
				<property name="Year">$INFO[Window(Home).Property(WatchList_Movie.14.Year)]</property>
				<property name="Fanart">$INFO[Window(Home).Property(WatchList_Movie.14.Fanart)]</property>
				<property name="Plot">$INFO[Window(Home).Property(WatchList_Movie.14.Plot)]</property>
				<property name="Info">$INFO[Window(Home).Property(WatchList_Movie.14.Genre)]</property>
				<property name="Studio">$INFO[Window(Home).Property(WatchList_Movie.14.Studio)]</property>
				<property name="Rating">$INFO[Window(Home).Property(WatchList_Movie.14.Rating)]</property>
				<icon fallback="thumbs/movie_portrait.jpg">$INFO[Window(Home).Property(WatchList_Movie.14.Thumb)]</icon>
				<onclick>PlayMedia($INFO[Window(Home).Property(WatchList_Movie.14.Path)])</onclick>
				<visible>!IsEmpty(Window(Home).Property(WatchList_Movie.14.Label))</visible>
			</item>
			<item id="17">
				<label>$INFO[Window(Home).Property(WatchList_Movie.15.Label)]</label>
				<label2>$INFO[Window(Home).Property(WatchList_Movie.15.Runtime),, $LOCALIZE[31100]]</label2>
				<property name="Genre">$INFO[Window(Home).Property(WatchList_Movie.15.Genre)]</property>
				<property name="Year">$INFO[Window(Home).Property(WatchList_Movie.15.Year)]</property>
				<property name="Fanart">$INFO[Window(Home).Property(WatchList_Movie.15.Fanart)]</property>
				<property name="Plot">$INFO[Window(Home).Property(WatchList_Movie.15.Plot)]</property>
				<property name="Info">$INFO[Window(Home).Property(WatchList_Movie.15.Genre)]</property>
				<property name="Studio">$INFO[Window(Home).Property(WatchList_Movie.15.Studio)]</property>
				<property name="Rating">$INFO[Window(Home).Property(WatchList_Movie.15.Rating)]</property>
				<icon fallback="thumbs/movie_portrait.jpg">$INFO[Window(Home).Property(WatchList_Movie.15.Thumb)]</icon>
				<onclick>PlayMedia($INFO[Window(Home).Property(WatchList_Movie.15.Path)])</onclick>
				<visible>!IsEmpty(Window(Home).Property(WatchList_Movie.15.Label))</visible>
			</item>
			<item id="18">
				<label>$INFO[Window(Home).Property(WatchList_Movie.16.Label)]</label>
				<label2>$INFO[Window(Home).Property(WatchList_Movie.16.Runtime),, $LOCALIZE[31100]]</label2>
				<property name="Genre">$INFO[Window(Home).Property(WatchList_Movie.16.Genre)]</property>
				<property name="Year">$INFO[Window(Home).Property(WatchList_Movie.16.Year)]</property>
				<property name="Fanart">$INFO[Window(Home).Property(WatchList_Movie.16.Fanart)]</property>
				<property name="Plot">$INFO[Window(Home).Property(WatchList_Movie.16.Plot)]</property>
				<property name="Info">$INFO[Window(Home).Property(WatchList_Movie.16.Genre)]</property>
				<property name="Studio">$INFO[Window(Home).Property(WatchList_Movie.16.Studio)]</property>
				<property name="Rating">$INFO[Window(Home).Property(WatchList_Movie.16.Rating)]</property>
				<icon fallback="thumbs/movie_portrait.jpg">$INFO[Window(Home).Property(WatchList_Movie.16.Thumb)]</icon>
				<onclick>PlayMedia($INFO[Window(Home).Property(WatchList_Movie.16.Path)])</onclick>
				<visible>!IsEmpty(Window(Home).Property(WatchList_Movie.16.Label))</visible>
			</item>
			<item id="19">
				<label>$INFO[Window(Home).Property(WatchList_Movie.17.Label)]</label>
				<label2>$INFO[Window(Home).Property(WatchList_Movie.17.Runtime),, $LOCALIZE[31100]]</label2>
				<property name="Genre">$INFO[Window(Home).Property(WatchList_Movie.17.Genre)]</property>
				<property name="Year">$INFO[Window(Home).Property(WatchList_Movie.17.Year)]</property>
				<property name="Fanart">$INFO[Window(Home).Property(WatchList_Movie.17.Fanart)]</property>
				<property name="Plot">$INFO[Window(Home).Property(WatchList_Movie.17.Plot)]</property>
				<property name="Info">$INFO[Window(Home).Property(WatchList_Movie.17.Genre)]</property>
				<property name="Studio">$INFO[Window(Home).Property(WatchList_Movie.17.Studio)]</property>
				<property name="Rating">$INFO[Window(Home).Property(WatchList_Movie.17.Rating)]</property>
				<icon fallback="thumbs/movie_portrait.jpg">$INFO[Window(Home).Property(WatchList_Movie.17.Thumb)]</icon>
				<onclick>PlayMedia($INFO[Window(Home).Property(WatchList_Movie.17.Path)])</onclick>
				<visible>!IsEmpty(Window(Home).Property(WatchList_Movie.17.Label))</visible>
			</item>
			<item id="20">
				<label>$INFO[Window(Home).Property(WatchList_Movie.18.Label)]</label>
				<label2>$INFO[Window(Home).Property(WatchList_Movie.18.Runtime),, $LOCALIZE[31100]]</label2>
				<property name="Genre">$INFO[Window(Home).Property(WatchList_Movie.18.Genre)]</property>
				<property name="Year">$INFO[Window(Home).Property(WatchList_Movie.18.Year)]</property>
				<property name="Fanart">$INFO[Window(Home).Property(WatchList_Movie.18.Fanart)]</property>
				<property name="Plot">$INFO[Window(Home).Property(WatchList_Movie.18.Plot)]</property>
				<property name="Info">$INFO[Window(Home).Property(WatchList_Movie.18.Genre)]</property>
				<property name="Studio">$INFO[Window(Home).Property(WatchList_Movie.18.Studio)]</property>
				<property name="Rating">$INFO[Window(Home).Property(WatchList_Movie.18.Rating)]</property>
				<icon fallback="thumbs/movie_portrait.jpg">$INFO[Window(Home).Property(WatchList_Movie.18.Thumb)]</icon>
				<onclick>PlayMedia($INFO[Window(Home).Property(WatchList_Movie.18.Path)])</onclick>
				<visible>!IsEmpty(Window(Home).Property(WatchList_Movie.18.Label))</visible>
			</item>
			<item id="21">
				<label>$INFO[Window(Home).Property(WatchList_Movie.19.Label)]</label>
				<label2>$INFO[Window(Home).Property(WatchList_Movie.19.Runtime),, $LOCALIZE[31100]]</label2>
				<property name="Genre">$INFO[Window(Home).Property(WatchList_Movie.19.Genre)]</property>
				<property name="Year">$INFO[Window(Home).Property(WatchList_Movie.19.Year)]</property>
				<property name="Fanart">$INFO[Window(Home).Property(WatchList_Movie.19.Fanart)]</property>
				<property name="Plot">$INFO[Window(Home).Property(WatchList_Movie.19.Plot)]</property>
				<property name="Info">$INFO[Window(Home).Property(WatchList_Movie.19.Genre)]</property>
				<property name="Studio">$INFO[Window(Home).Property(WatchList_Movie.19.Studio)]</property>
				<property name="Rating">$INFO[Window(Home).Property(WatchList_Movie.19.Rating)]</property>
				<icon fallback="thumbs/movie_portrait.jpg">$INFO[Window(Home).Property(WatchList_Movie.19.Thumb)]</icon>
				<onclick>PlayMedia($INFO[Window(Home).Property(WatchList_Movie.19.Path)])</onclick>
				<visible>!IsEmpty(Window(Home).Property(WatchList_Movie.19.Label))</visible>
			</item>
			<item id="22">
				<label>$INFO[Window(Home).Property(WatchList_Movie.20.Label)]</label>
				<label2>$INFO[Window(Home).Property(WatchList_Movie.20.Runtime),, $LOCALIZE[31100]]</label2>
				<property name="Genre">$INFO[Window(Home).Property(WatchList_Movie.20.Genre)]</property>
				<property name="Year">$INFO[Window(Home).Property(WatchList_Movie.20.Year)]</property>
				<property name="Fanart">$INFO[Window(Home).Property(WatchList_Movie.20.Fanart)]</property>
				<property name="Plot">$INFO[Window(Home).Property(WatchList_Movie.20.Plot)]</property>
				<property name="Info">$INFO[Window(Home).Property(WatchList_Movie.20.Genre)]</property>
				<property name="Studio">$INFO[Window(Home).Property(WatchList_Movie.20.Studio)]</property>
				<property name="Rating">$INFO[Window(Home).Property(WatchList_Movie.20.Rating)]</property>
				<icon fallback="thumbs/movie_portrait.jpg">$INFO[Window(Home).Property(WatchList_Movie.20.Thumb)]</icon>
				<onclick>PlayMedia($INFO[Window(Home).Property(WatchList_Movie.20.Path)])</onclick>
				<visible>!IsEmpty(Window(Home).Property(WatchList_Movie.20.Label))</visible>
			</item>
			<item id="23">
				<label>$INFO[Window(Home).Property(WatchList_Movie.21.Label)]</label>
				<label2>$INFO[Window(Home).Property(WatchList_Movie.21.Runtime),, $LOCALIZE[31100]]</label2>
				<property name="Genre">$INFO[Window(Home).Property(WatchList_Movie.21.Genre)]</property>
				<property name="Year">$INFO[Window(Home).Property(WatchList_Movie.21.Year)]</property>
				<property name="Fanart">$INFO[Window(Home).Property(WatchList_Movie.21.Fanart)]</property>
				<property name="Plot">$INFO[Window(Home).Property(WatchList_Movie.21.Plot)]</property>
				<property name="Info">$INFO[Window(Home).Property(WatchList_Movie.21.Genre)]</property>
				<property name="Studio">$INFO[Window(Home).Property(WatchList_Movie.21.Studio)]</property>
				<property name="Rating">$INFO[Window(Home).Property(WatchList_Movie.21.Rating)]</property>
				<icon fallback="thumbs/movie_portrait.jpg">$INFO[Window(Home).Property(WatchList_Movie.21.Thumb)]</icon>
				<onclick>PlayMedia($INFO[Window(Home).Property(WatchList_Movie.21.Path)])</onclick>
				<visible>!IsEmpty(Window(Home).Property(WatchList_Movie.21.Label))</visible>
			</item>
			<item id="24">
				<label>$INFO[Window(Home).Property(WatchList_Movie.22.Label)]</label>
				<label2>$INFO[Window(Home).Property(WatchList_Movie.22.Runtime),, $LOCALIZE[31100]]</label2>
				<property name="Genre">$INFO[Window(Home).Property(WatchList_Movie.22.Genre)]</property>
				<property name="Year">$INFO[Window(Home).Property(WatchList_Movie.22.Year)]</property>
				<property name="Fanart">$INFO[Window(Home).Property(WatchList_Movie.22.Fanart)]</property>
				<property name="Plot">$INFO[Window(Home).Property(WatchList_Movie.22.Plot)]</property>
				<property name="Info">$INFO[Window(Home).Property(WatchList_Movie.22.Genre)]</property>
				<property name="Studio">$INFO[Window(Home).Property(WatchList_Movie.22.Studio)]</property>
				<property name="Rating">$INFO[Window(Home).Property(WatchList_Movie.22.Rating)]</property>
				<icon fallback="thumbs/movie_portrait.jpg">$INFO[Window(Home).Property(WatchList_Movie.22.Thumb)]</icon>
				<onclick>PlayMedia($INFO[Window(Home).Property(WatchList_Movie.22.Path)])</onclick>
				<visible>!IsEmpty(Window(Home).Property(WatchList_Movie.22.Label))</visible>
			</item>
			<item id="25">
				<label>$INFO[Window(Home).Property(WatchList_Movie.23.Label)]</label>
				<label2>$INFO[Window(Home).Property(WatchList_Movie.23.Runtime),, $LOCALIZE[31100]]</label2>
				<property name="Genre">$INFO[Window(Home).Property(WatchList_Movie.23.Genre)]</property>
				<property name="Year">$INFO[Window(Home).Property(WatchList_Movie.23.Year)]</property>
				<property name="Fanart">$INFO[Window(Home).Property(WatchList_Movie.23.Fanart)]</property>
				<property name="Plot">$INFO[Window(Home).Property(WatchList_Movie.23.Plot)]</property>
				<property name="Info">$INFO[Window(Home).Property(WatchList_Movie.23.Genre)]</property>
				<property name="Studio">$INFO[Window(Home).Property(WatchList_Movie.23.Studio)]</property>
				<property name="Rating">$INFO[Window(Home).Property(WatchList_Movie.23.Rating)]</property>
				<icon fallback="thumbs/movie_portrait.jpg">$INFO[Window(Home).Property(WatchList_Movie.23.Thumb)]</icon>
				<onclick>PlayMedia($INFO[Window(Home).Property(WatchList_Movie.23.Path)])</onclick>
				<visible>!IsEmpty(Window(Home).Property(WatchList_Movie.23.Label))</visible>
			</item>
			<item id="26">
				<label>$INFO[Window(Home).Property(WatchList_Movie.24.Label)]</label>
				<label2>$INFO[Window(Home).Property(WatchList_Movie.24.Runtime),, $LOCALIZE[31100]]</label2>
				<property name="Genre">$INFO[Window(Home).Property(WatchList_Movie.24.Genre)]</property>
				<property name="Year">$INFO[Window(Home).Property(WatchList_Movie.24.Year)]</property>
				<property name="Fanart">$INFO[Window(Home).Property(WatchList_Movie.24.Fanart)]</property>
				<property name="Plot">$INFO[Window(Home).Property(WatchList_Movie.24.Plot)]</property>
				<property name="Info">$INFO[Window(Home).Property(WatchList_Movie.24.Genre)]</property>
				<property name="Studio">$INFO[Window(Home).Property(WatchList_Movie.24.Studio)]</property>
				<property name="Rating">$INFO[Window(Home).Property(WatchList_Movie.24.Rating)]</property>
				<icon fallback="thumbs/movie_portrait.jpg">$INFO[Window(Home).Property(WatchList_Movie.24.Thumb)]</icon>
				<onclick>PlayMedia($INFO[Window(Home).Property(WatchList_Movie.24.Path)])</onclick>
				<visible>!IsEmpty(Window(Home).Property(WatchList_Movie.24.Label))</visible>
			</item>
			<item id="27">
				<label>$INFO[Window(Home).Property(WatchList_Movie.25.Label)]</label>
				<label2>$INFO[Window(Home).Property(WatchList_Movie.25.Runtime),, $LOCALIZE[31100]]</label2>
				<property name="Genre">$INFO[Window(Home).Property(WatchList_Movie.25.Genre)]</property>
				<property name="Year">$INFO[Window(Home).Property(WatchList_Movie.25.Year)]</property>
				<property name="Fanart">$INFO[Window(Home).Property(WatchList_Movie.25.Fanart)]</property>
				<property name="Plot">$INFO[Window(Home).Property(WatchList_Movie.25.Plot)]</property>
				<property name="Info">$INFO[Window(Home).Property(WatchList_Movie.25.Genre)]</property>
				<property name="Studio">$INFO[Window(Home).Property(WatchList_Movie.25.Studio)]</property>
				<property name="Rating">$INFO[Window(Home).Property(WatchList_Movie.25.Rating)]</property>
				<icon fallback="thumbs/movie_portrait.jpg">$INFO[Window(Home).Property(WatchList_Movie.25.Thumb)]</icon>
				<onclick>PlayMedia($INFO[Window(Home).Property(WatchList_Movie.25.Path)])</onclick>
				<visible>!IsEmpty(Window(Home).Property(WatchList_Movie.25.Label))</visible>
			</item>
		</content>
	</include>

<!---GLOBAL SEARCH------>
	<include name="globalsearch_Header">
		<control type="image">
			<width>1215</width>
			<height>35</height>
			<texture border="8">addons/globalsearch/header.png</texture>
			<colordiffuse>column3</colordiffuse>
		</control>
		<control type="image">
			<width>185</width>
			<height>35</height>
			<texture>addons/globalsearch/arrow.png</texture>
			<colordiffuse>column2</colordiffuse>
		</control>
	</include>
</includes>