﻿<includes>
<!---RESOLUTION------>
	<include name="flag_Res">
		<texture>$INFO[Listitem.VideoResolution,flags/video/resolution/,.png]</texture>
		<visible>!IsEmpty(Listitem.VideoResolution)</visible>
	</include>
	<include name="flag_Res-play">
		<texture>$INFO[Listitem.VideoResolution,flags/video/resolution/,.png]</texture>
		<colordiffuse>Color4</colordiffuse>
	</include>
	<include name="flag_HD">
		<texture>flags/video/HD/HD.png</texture>
		<visible>stringcompare(Listitem.VideoResolution,720) | stringcompare(Listitem.VideoResolution,1080)</visible>
	</include>
	<include name="flag_HD-play">
		<texture>flags/video/HD/HD.png</texture>
		<visible>stringcompare(VideoPlayer.VideoResolution,720) | stringcompare(VideoPlayer.VideoResolution,1080)</visible>
	</include>

<!---AUDIO CHANNELS------>
	<include name="flag_Audio">
		<texture>$INFO[Listitem.AudioChannels,flags/audio/,.png]</texture>
		<visible>!IsEmpty(Listitem.AudioChannels)</visible>
	</include>

<!---CODEC------>
	<include name="flag_VideoCodec-play">
		<width>128</width>
		<height>64</height>
		<texture>$INFO[VideoPlayer.VideoCodec,flags/codec/,.png]</texture>
	</include>
	<include name="flag_AudioCodec-play">
		<width>128</width>
		<height>64</height>
		<texture>$INFO[VideoPlayer.AudioCodec,flags/codec/,.png]</texture>
	</include>

<!---NETWORK------>	
	<include name="flag_Network-mono">
		<texture>$INFO[Listitem.studio,flags/networks/mono/,.png]</texture>
		<width>128</width>
		<height>64</height>
		<visible>!IsEmpty(ListItem.Title)</visible>
	</include>

<!--- PVR ---------------------------------------->
	<include name="flag_Channel">
		<width>128</width>
		<height>64</height>
		<texture>$INFO[Listitem.ChannelName,flags/networks/,.png]</texture>
		<aspectratio align="right">keep</aspectratio>
	</include>

	<include name="flag_Channel-mono-play">
		<texture fallback="flags/networks/default.png">$INFO[VideoPlayer.ChannelName,flags/mono/networks/,.png]</texture>
	</include>

<!--- GROUPS ---------------------------------------->
	<!--slide view-->
	<include name="flags_Slide-media">
		<control type="grouplist">
			<posx>222</posx>
			<posy>660</posy>
			<width>900</width>
			<height>64</height>
			<itemgap>10</itemgap>
			<orientation>horizontal</orientation>
			<visible>Control.IsVisible(52) | Control.IsVisible(521) | Control.IsVisible(522)</visible>
			<control type="image">
				<width>128</width>
				<height>32</height>
				<info>ListItem.StarRating</info>
				<aspectratio align="center">keep</aspectratio>
				<!--<visible>![Window.IsVisible(VideoFiles) | Container.Content(seasons) | Container.Content(musicvideos) | [ListItem.IsFolder + !Container.Content(tvshows)]] + IsEmpty(ListItem.Property(ReleaseDate)) + !SubString(ListItem.Icon,default)</visible>-->
				<visible>IntegerGreaterThan(ListItem.Rating,0)</visible>
			</control>
			<control type="image">
				<width>96</width>
				<height>34</height>
				<aspectratio align="center">keep</aspectratio>
				<include>flag_Res</include>
			</control>
			<control type="image">
				<width>53</width>
				<height>34</height>
				<aspectratio align="center">keep</aspectratio>
				<include>flag_Audio</include>
			</control>
		</control>
	</include>

	<!--video info dialog-->
	<include name="flags_Type-info">
		<control type="grouplist" id="100">
			<width>900</width>
			<height>64</height>
			<itemgap>10</itemgap>
			<orientation>horizontal</orientation>
			<control type="image">
				<width>128</width>
				<height>64</height>
				<info>ListItem.StarRating</info>
				<aspectratio align="center">keep</aspectratio>
				<!--<visible>![Window.IsVisible(VideoFiles) | Container.Content(seasons) | Container.Content(musicvideos) | [ListItem.IsFolder + !Container.Content(tvshows)]] + IsEmpty(ListItem.Property(ReleaseDate)) + !SubString(ListItem.Icon,default)</visible>-->
				<visible>IntegerGreaterThan(ListItem.Rating,0)</visible>
			</control>
			<control type="image">
				<width>96</width>
				<height>64</height>
				<include>flag_Res</include>
				<aspectratio align="center">keep</aspectratio>
				<visible>[Container.Content(movies) | Container.Content(episodes) | Container.Content(musicvideos)] + !IsEmpty(Listitem.VideoResolution)</visible>
			</control>
			<control type="image">
				<width>96</width>
				<height>64</height>
				<texture>$INFO[Listitem.VideoCodec,flags/codec/,.png]</texture>
				<aspectratio align="center">keep</aspectratio>
				<visible>[Container.Content(movies) | Container.Content(episodes) | Container.Content(musicvideos)] + !IsEmpty(Listitem.VideoCodec)</visible>
			</control>
			<control type="image">
				<width>96</width>
				<height>64</height>
				<texture>$INFO[Listitem.AudioCodec,flags/codec/,.png]</texture>
				<aspectratio align="center">keep</aspectratio>
				<visible>[Container.Content(movies) | Container.Content(episodes) | Container.Content(musicvideos)] + !IsEmpty(Listitem.AudioCodec)</visible>
			</control>
			<control type="image">
				<width>96</width>
				<height>64</height>
				<texture>$INFO[Listitem.VideoAspect,flags/video/aspectratio/,.png]</texture>
				<aspectratio align="center">keep</aspectratio>
				<visible>[Container.Content(movies) | Container.Content(episodes) | Container.Content(musicvideos)] + !IsEmpty(Listitem.VideoAspect)</visible>
			</control>
			<control type="image">
				<width>128</width>
				<height>64</height>
				<texture>$VAR[flag_Studio]</texture>
				<aspectratio align="center">keep</aspectratio>
				<visible>Container.Content(tvshows) | Container.Content(episodes) | Container.Content(musicvideos)</visible>
			</control>
			<control type="image">
				<width>96</width>
				<height>64</height>
				<texture>$VAR[flag_Studio]</texture>
				<aspectratio align="center">keep</aspectratio>
				<visible>Container.Content(movies)</visible>
			</control>
		</control>
	</include>
	<!--pvr-->
	<include name="flags_PVR">
		<control type="image">
			<width>128</width>
			<height>64</height>
			<aspectratio align="right">keep</aspectratio>
			<include>flag_Channel</include>
		</control>
		<control type="image">
			<width>128</width>
			<height>64</height>
			<aspectratio align="right">keep</aspectratio>
			<texture>$INFO[Listitem.Icon]</texture>
			<visible>stringcompare(Listitem.ChannelName,flags/networks/,.png)</visible>
		</control>
	</include>
</includes>