﻿<includes>
	<include name="menu_Constants">
		<!--sort-->
		<control type="group">
			<width>220</width>
			<height>42</height>
			<!--<visible>Control.IsEnabled(3)</visible>-->
			<control type="button" id="3">
				<label>$LOCALIZE[103]</label>
				<onright>-</onright>
				<onup>1</onup>
				<ondown>4</ondown>
				<onright>50</onright>
				<include>button_Menu</include>
			</control>
		</control>
		<!--order-->
		<control type="group">
			<width>220</width>
			<height>42</height>
			<!--<visible>Control.IsEnabled(4)</visible>-->
			<control type="togglebutton" id="4">
				<label>$LOCALIZE[584]</label>
				<altlabel>$LOCALIZE[585]</altlabel>
				<onup>3</onup>
				<ondown>5</ondown>
				<onright>50</onright>
				<include>button_Menu</include>
			</control>
		</control>
		<!--library/files-->
		<control type="group">
			<width>220</width>
			<height>42</height>
			<visible>Window.IsVisible(MusicFiles)</visible>
			<control type="button" id="5">
				<label>$LOCALIZE[29800]</label>
				<onup>4</onup>
				<ondown>14</ondown>
				<onright>50</onright>
				<onclick>ReplaceWindow(MusicLibrary)</onclick>
				<include>button_Menu</include>
			</control>
		</control>
		<control type="group">
			<width>220</width>
			<height>42</height>
			<visible>Window.IsActive(MusicLibrary)</visible>
			<control type="button" id="5">
				<label>$LOCALIZE[31901]</label>
				<onup>4</onup>
				<ondown>14</ondown>
				<onright>50</onright>
				<onclick>ReplaceWindow(MusicFiles)</onclick>
				<include>button_Menu</include>
			</control>
		</control>
		<!--watched toggle-->
		<control type="group">
			<width>220</width>
			<height>42</height>
			<visible>Window.IsActive(myvideolibrary)</visible>
			<control type="togglebutton" id="14">
				<label>$LOCALIZE[20367]</label>
				<altlabel>$LOCALIZE[31900]</altlabel>
				<onup>5</onup>
				<ondown>7</ondown>
				<onright>50</onright>
				<include>button_Menu</include>
			</control>
		</control>
		<!--stack-->
		<control type="group">
			<width>220</width>
			<height>42</height>
			<visible>Control.IsEnabled(7) + Window.IsVisible(videolibrary)</visible>
			<control type="togglebutton" id="7">
				<label>$LOCALIZE[14000]</label>
				<altlabel>$LOCALIZE[14001]</altlabel>
				<onup>14</onup>
				<ondown>17</ondown>
				<onright>50</onright>
				<include>button_Menu</include>
			</control>
		</control>
		<!--flatten-->
		<control type="group">
			<width>220</width>
			<height>42</height>
			<visible>Control.IsEnabled(17) + Window.IsVisible(videolibrary)</visible>
			<control type="togglebutton" id="17">
				<label>$LOCALIZE[20411]</label>
				<altlabel>$LOCALIZE[31905]</altlabel>
				<onup>7</onup>
				<ondown>8</ondown>
				<onright>50</onright>
				<include>button_Menu</include>
				<onclick>SetFocus(50)</onclick>
			</control>
		</control>
		<!--search-->
		<control type="group">
			<width>220</width>
			<height>42</height>
			<visible>!Skin.HasSetting(search.addon)</visible>
			<control type="button" id="8">
				<label>$LOCALIZE[137]</label>
				<onup>17</onup>
				<ondown>9</ondown>
				<onright>50</onright>
				<include>button_Menu</include>
				<onclick>SetFocus(300)</onclick>
			</control>
		</control>
		<control type="group">
			<width>220</width>
			<height>42</height>
			<visible>Skin.HasSetting(search.addon)</visible>
			<control type="button" id="9">
				<label>$LOCALIZE[137]</label>
				<onup>8</onup>
				<ondown>19</ondown>
				<onright>50</onright>
				<include>button_Menu</include>
				<onclick>RunAddon(script.globalsearch)</onclick>
			</control>
		</control>
		<!--filter-->
		<control type="group">
			<width>220</width>
			<height>42</height>
			<control type="button" id="19">
				<label>$LOCALIZE[587]</label>
				<onup>9</onup>
				<ondown>16</ondown>
				<onright>50</onright>
				<include>button_Menu</include>
				<onclick>SetFocus(300)</onclick>
			</control>
		</control>
		<!--partymode-->
		<control type="group">
			<width>220</width>
			<height>42</height>
			<visible>Container.Content(musicvideos) | Window.IsVisible(musicfiles) | Window.IsActive(musiclibrary)</visible>
			<control type="button" id="16">
				<label>$LOCALIZE[589]</label>
				<onup>19</onup>
				<ondown>31</ondown>
				<onright>50</onright>
				<include>button_Menu</include>
			</control>
		</control>
	</include>
	
	<include name="menu_Video">
		<control type="group" id="6000">
			<visible>!Skin.HasSetting(global.kiosk)</visible>
			<control type="grouplist" id="30">
				<posx>-275</posx>
				<posy>20</posy>
				<visible allowhiddenfocus="true">ControlGroup(6000).HasFocus + !ControlGroup(40).HasFocus + !Skin.HasSetting(global.kiosk) + !Window.IsActive(virtualkeyboard)</visible>
				<onright>50</onright>
				<include>MenuOpen</include>
				<include>transition_Menu</include>
				<include>toggle_NumItems-menumove</include>
				<control type="group">
					<width>220</width>
					<height>42</height>
					<control type="button" id="1">
						<label>$LOCALIZE[31930]</label>
						<onup>90</onup>
						<ondown>3</ondown>
						<onright>50</onright>
						<onclick>SetFocus(40)</onclick>
						<include>button_Menu</include>
					</control>
				</control>
				<include>menu_Constants</include>
				<!--favourites-->
				<control type="group">
					<width>220</width>
					<height>42</height>
					<control type="button" id="31">
						<label>$LOCALIZE[1036]</label>
						<onup>16</onup>
						<ondown>90</ondown>
						<onright>50</onright>
						<onclick>ActivateWindow(Favourites)</onclick>
						<include>button_Menu</include>
					</control>
				</control>
<!--layout options-->	
				<!--SLIDE: use posters-->
				<control type="group">
					<width>220</width>
					<height>42</height>
					<visible>Control.IsVisible(521) + [Container.Content(movies) | Container.Content(tvshows)] + !SubString(Container.FolderPath,plugin://)</visible>
					<control type="button" id="90">
						<label>$LOCALIZE[31061]</label>
						<onup>31</onup>
						<ondown>1</ondown>
						<onright>50</onright>
						<onclick>Container.SetViewMode(52)</onclick>
						<onclick>SetFocus(52)</onclick>
						<onclick>Skin.ToggleSetting(view.slide.fanart)</onclick>
						<include>button_Menu</include>
					</control>
				</control>
				<!--SLIDE: use fanart-->
				<control type="group">
					<width>220</width>
					<height>42</height>
					<visible>Control.IsVisible(52) + [Container.Content(movies) | Container.Content(tvshows)] + !SubString(Container.FolderPath,plugin://)</visible>
					<control type="button" id="90">
						<label>$LOCALIZE[31039]</label>
						<onup>31</onup>
						<ondown>1</ondown>
						<onright>50</onright>
						<onclick>Container.SetViewMode(521)</onclick>
						<onclick>Skin.ToggleSetting(view.slide.fanart)</onclick>
						<onclick>SetFocus(521)</onclick>
						<include>button_Menu</include>
					</control>
				</control>
				<!--SLIDE: artist landscape-->
				<control type="group">
					<width>220</width>
					<height>42</height>
					<visible>Container.Content(artists) + Control.IsVisible(522)</visible>
					<control type="button" id="90">
						<label>$LOCALIZE[31039]</label>
						<onup>31</onup>
						<ondown>1</ondown>
						<onright>50</onright>
						<onclick>Container.SetViewMode(521)</onclick>
						<onclick>SetFocus(521)</onclick>
						<include>button_Menu</include>
					</control>
				</control>
				<!--SLIDE: artist thumbs-->
				<control type="group">
					<width>220</width>
					<height>42</height>
					<visible>Container.Content(artists) + Control.IsVisible(521)</visible>
					<control type="button" id="90">
						<label>$LOCALIZE[31059]</label>
						<onup>31</onup>
						<ondown>1</ondown>
						<onright>50</onright>
						<onclick>Container.SetViewMode(522)</onclick>
						<onclick>SetFocus(522)</onclick>
						<include>button_Menu</include>
					</control>
				</control>
				<!--GALLERY: no fullscreen-->
				<control type="group">
					<width>220</width>
					<height>42</height>
					<visible>Control.IsVisible(531) + [Container.Content(movies) | Container.Content(tvshows)] + !SubString(Container.FolderPath,plugin://)</visible>
					<control type="button" id="90">
						<label>$LOCALIZE[31063]</label>
						<onup>31</onup>
						<ondown>1</ondown>
						<onright>50</onright>
						<onclick>Skin.ToggleSetting(view.gallery.full)</onclick>
						<onclick>Container.SetViewMode(53)</onclick>
						<onclick>SetFocus(53)</onclick>
						<include>button_Menu</include>
					</control>
				</control>
				<!--GALLERY: fullscreen-->
				<control type="group">
					<width>220</width>
					<height>42</height>
					<visible>Control.IsVisible(53) + [Container.Content(movies) | Container.Content(tvshows)] + !SubString(Container.FolderPath,plugin://)</visible>
					<control type="button" id="90">
						<label>$LOCALIZE[31062]</label>
						<onup>31</onup>
						<ondown>1</ondown>
						<onright>50</onright>
						<onclick>Skin.ToggleSetting(view.gallery.full)</onclick>
						<onclick>Container.SetViewMode(531)</onclick>
						<onclick>SetFocus(531)</onclick>
						<include>button_Menu</include>
					</control>
				</control>
				<!--LIST: no fanart-->
				<control type="group">
					<width>220</width>
					<height>42</height>
					<visible>Control.IsVisible(50) + [Container.Content(movies) | Container.Content(tvshows)]  + !SubString(Container.FolderPath,plugin://)</visible>
					<control type="togglebutton" id="90">
						<label>$LOCALIZE[31061]</label>
						<altlabel>$LOCALIZE[31039]</altlabel>
						<onup>31</onup>
						<ondown>1</ondown>
						<onright>50</onright>
						<onclick>Skin.ToggleSetting(view.list.fanart)</onclick>
						<onclick>SetFocus(50)</onclick>
						<include>button_Menu</include>
					</control>
				</control>
				<!--THUMBS: info-->
				<control type="group">
					<width>220</width>
					<height>42</height>
					<visible>Control.IsVisible(57) + [[[Container.Content(movies) | Container.Content(tvshows) | Container.Content(seasons)] + !SubString(Container.FolderPath,plugin://)] | [Container.Content(movies) + SubString(Container.FolderPath,plugin://)]]</visible>
					<control type="button" id="90">
						<label>$LOCALIZE[31975]</label>
						<onup>31</onup>
						<ondown>1</ondown>
						<onright>50</onright>
						<onclick>Skin.ToggleSetting(view.thumbnails.info)</onclick>
						<onclick>Container.SetViewMode(571)</onclick>
						<onclick>SetFocus(571)</onclick>
						<include>button_Menu</include>
					</control>
				</control>
				<!--THUMBS: no info-->
				<control type="group">
					<width>220</width>
					<height>42</height>
					<visible>Control.IsVisible(571) + [Container.Content(movies) | Container.Content(tvshows) | Container.Content(seasons)]</visible>
					<control type="button" id="90">
						<label>$LOCALIZE[31974]</label>
						<onup>31</onup>
						<ondown>1</ondown>
						<onright>50</onright>
						<onclick>Skin.ToggleSetting(view.thumbnails.info)</onclick>
						<onclick>Container.SetViewMode(57)</onclick>
						<onclick>SetFocus(57)</onclick>
						<include>button_Menu</include>
					</control>
				</control>
				<!--BIG LIST: use posters-->
				<control type="group">
					<width>220</width>
					<height>42</height>
					<visible>Control.IsVisible(51) + !Container.Content(episodes) + !SubString(Container.FolderPath,plugin://) + Skin.HasSetting(view.biglist.posters)</visible>
					<control type="button" id="90">
						<label>$LOCALIZE[31039]</label>
						<onup>31</onup>
						<ondown>1</ondown>
						<onright>50</onright>
						<onclick>Skin.ToggleSetting(view.biglist.posters)</onclick>
						<onclick>SetFocus(51)</onclick>
						<include>button_Menu</include>
					</control>
				</control>
				<!--BIG LIST: use fanart-->
				<control type="group">
					<width>220</width>
					<height>42</height>
					<visible>Control.IsVisible(51) + !Container.Content(episodes) + !SubString(Container.FolderPath,plugin://) + !Skin.HasSetting(view.biglist.posters)</visible>
					<control type="button" id="90">
						<label>$LOCALIZE[31061]</label>
						<onup>31</onup>
						<ondown>1</ondown>
						<onright>50</onright>
						<onclick>Skin.ToggleSetting(view.biglist.posters)</onclick>
						<onclick>SetFocus(51)</onclick>
						<include>button_Menu</include>
					</control>
				</control>
			</control>
<!---viewtype selection------>
			<control type="grouplist" id="40">
				<posy>20</posy>
				<visible allowhiddenfocus="true">ControlGroup(40).HasFocus()</visible>
				<onright>50</onright>
				<include>toggle_NumItems-menumove</include>
				<!--list-->
				<control type="group">
					<width>220</width>
					<height>42</height>
					<control type="button" id="401">
						<label>$LOCALIZE[535]</label>
						<onclick>Container.SetViewMode(50)</onclick>
						<onclick>SetFocus(1)</onclick>
						<onclick>SetFocus(50)</onclick>
						<onright>30</onright>
						<onback>30</onback>
						<onup>410</onup>
						<ondown>402</ondown>
						<include>button_Menu</include>
					</control>
				</control>
				<!--big list-->
				<control type="group">
					<width>220</width>
					<height>42</height>
					<visible>[Container.Content(movies) | Container.Content(tvshows) | Container.Content(episodes)] + !SubString(Container.FolderPath,plugin://)] | [Container.Content(movies) + SubString(Container.FolderPath,plugin://)]</visible>
					<control type="button" id="402">
						<label>$LOCALIZE[537]</label>
						<onclick>Container.SetViewMode(51)</onclick>
						<onclick>SetFocus(1)</onclick>
						<onclick>SetFocus(51)</onclick>
						<onright>30</onright>
						<onback>30</onback>
						<onup>401</onup>
						<ondown>403</ondown>
						<include>button_Menu</include>
					</control>
				</control>
				<!--slide portrait-->
				<control type="group">
					<width>220</width>
					<height>42</height>
					<visible>[[Container.Content(movies) | Container.Content(tvshows) | Container.Content(seasons)] + [SubString(Container.FolderPath,videodb) | SubString(Container.FolderPath,special://profile/playlists)]] | [[Container.Content(movies) | Container.Content(tvshows) | Container.Content(seasons) | Container.Content(episodes)] + SubString(Container.FolderPath,plugin://)] | [SubString(Container.FolderPath,special://skin/playlists/) + !Container.Content(episodes)]</visible>
					<control type="button" id="403">
						<label>$LOCALIZE[31003]</label>
						<onclick>Container.SetViewMode(52)</onclick>
						<onclick>SetFocus(1)</onclick>
						<onclick>SetFocus(52)</onclick>
						<onright>30</onright>
						<onback>30</onback>
						<onup>402</onup>
						<ondown>404</ondown>
						<include>button_Menu</include>
					</control>
				</control>
				<!--slide landscape-->
				<control type="group">
					<width>220</width>
					<height>42</height>
					<visible>Container.Content(episodes) | Container.Content(musicvideos) | Container.Content(artists) | [Container.Content(files) + Container.HasFiles]</visible>
					<control type="button" id="404">
						<label>$LOCALIZE[31003]</label>
						<onclick>Container.SetViewMode(521)</onclick>
						<onclick>SetFocus(1)</onclick>
						<onclick>SetFocus(521)</onclick>
						<onright>30</onright>
						<onup>403</onup>
						<ondown>405</ondown>
						<include>button_Menu</include>
					</control>
				</control>
				<!--slide square-->
				<control type="group">
					<width>220</width>
					<height>42</height>
					<visible>Container.Content(addons) | [SubString(Container.FolderPath,plugin://) + !Container.HasFiles + ![Container.Content(movies) | Container.Content(tvshows) | Container.Content(seasons) | Container.Content(episodes)]</visible>
					<control type="button" id="404">
						<label>$LOCALIZE[31003]</label>
						<onclick>Container.SetViewMode(522)</onclick>
						<onclick>SetFocus(1)</onclick>
						<onclick>SetFocus(522)</onclick>
						<onright>30</onright>
						<onup>403</onup>
						<ondown>405</ondown>
						<include>button_Menu</include>
					</control>
				</control>
				<!--thumbnails portrait-->
				<control type="group">
					<width>220</width>
					<height>42</height>
					<visible>[Container.Content(movies) | Container.Content(tvshows) | Container.Content(seasons)] + [SubString(Container.FolderPath,videodb) | SubString(Container.FolderPath,special://profile/playlists) | SubString(Container.FolderPath,special://skin/playlists) | SubString(Container.FolderPath,plugin://)]</visible>
					<control type="button" id="405">
						<label>$LOCALIZE[31014]</label>
						<onclick>Container.SetViewMode(57)</onclick>
						<onclick>SetFocus(1)</onclick>
						<onclick>SetFocus(57)</onclick>
						<onright>30</onright>
						<onup>404</onup>
						<ondown>406</ondown>
						<include>button_Menu</include>
					</control>
				</control>
				<!--thumbnails files-->
				<control type="group">
					<width>220</width>
					<height>42</height>
					<visible>[Container.Content(episodes) | Container.Content(musicvideos) | [Container.Content(files) + Container.HasFiles)] | [SubString(Container.FolderPath,plugin://) + Container.HasFiles + !Container.Content(movies)]]</visible>
					<control type="button" id="406">
						<label>$LOCALIZE[31014]</label>
						<onclick>Container.SetViewMode(575)</onclick>
						<onclick>SetFocus(1)</onclick>
						<onclick>SetFocus(573)</onclick>
						<onright>30</onright>
						<onup>405</onup>
						<ondown>407</ondown>
						<include>button_Menu</include>
					</control>
				</control>
				<!--thumbnails add-ons-->
				<control type="group">
					<width>220</width>
					<height>42</height>
					<visible>substring(Container.FolderPath,addons://)</visible>
					<control type="button" id="407">
						<label>$LOCALIZE[31014]</label>
						<onclick>Container.SetViewMode(574)</onclick>
						<onclick>SetFocus(1)</onclick>
						<onclick>SetFocus(574)</onclick>
						<onright>30</onright>
						<onup>406</onup>
						<ondown>408</ondown>
						<include>button_Menu</include>
					</control>
				</control>
				<!--banners-->
				<control type="group">
					<width>220</width>
					<height>42</height>
					<visible>Container.Content(tvshows) + Skin.HasSetting(banners.enable) + !SubString(Container.FolderPath,plugin://)</visible>
					<control type="button" id="408">
						<label>$LOCALIZE[31093]</label>
						<onclick>Container.SetViewMode(541)</onclick>
						<onclick>SetFocus(1)</onclick>
						<onclick>SetFocus(541)</onclick>
						<onright>30</onright>
						<onup>407</onup>
						<ondown>409</ondown>
						<include>button_Menu</include>
					</control>
				</control>
				<!--deck-->
				<control type="group">
					<width>220</width>
					<height>42</height>
					<visible>[Container.Content(tvshows) | Container.Content(movies)] + Skin.HasSetting(banners.enable) + !SubString(Container.FolderPath,plugin://)</visible>
					<control type="button" id="409">
						<label>$LOCALIZE[31004]</label>
						<onclick>Container.SetViewMode(54)</onclick>
						<onclick>SetFocus(1)</onclick>
						<onclick>SetFocus(54)</onclick>
						<onright>30</onright>
						<onup>408</onup>
						<ondown>410</ondown>
						<include>button_Menu</include>
					</control>
				</control>
				<!--gallery-->
				<control type="group">
					<width>220</width>
					<height>42</height>
					<visible>[Container.Content(tvshows) | Container.Content(movies)] + !substring(container.folderpath,plugin://)</visible>
					<control type="button" id="410">
						<label>$LOCALIZE[31002]</label>
						<onclick>Container.SetViewMode(53)</onclick>
						<onclick>SetFocus(1)</onclick>
						<onclick>SetFocus(53)</onclick>
						<onright>30</onright>
						<onup>409</onup>
						<ondown>401</ondown>
						<include>button_Menu</include>
					</control>
				</control>
			</control>
		</control>
	</include>

	<include name="menu_Music">
		<control type="group" id="6000">
			<visible>!Skin.HasSetting(global.kiosk)</visible>
			<control type="grouplist" id="30">
				<posx>-275</posx>
				<posy>20</posy>
				<visible allowhiddenfocus="true">ControlGroup(6000).HasFocus + !ControlGroup(40).HasFocus + !Window.IsActive(103) + !Skin.HasSetting(global.kiosk)</visible>
				<onright>50</onright>
				<include>MenuOpen</include>
				<include>transition_Menu</include>
				<include>toggle_NumItems-menumove</include>
				<control type="group">
					<width>220</width>
					<height>42</height>
					<control type="button" id="1">
						<label>$LOCALIZE[31930]</label>
						<onup>90</onup>
						<ondown>3</ondown>
						<onright>50</onright>
						<onclick>SetFocus(40)</onclick>
						<include>button_Menu</include>
					</control>
				</control>
				<include>menu_Constants</include>
				<!--favourites-->
				<control type="group">
					<width>220</width>
					<height>42</height>
					<control type="button" id="31">
						<label>$LOCALIZE[1036]</label>
						<onup>16</onup>
						<ondown>90</ondown>
						<onright>50</onright>
						<onclick>ActivateWindow(Favourites)</onclick>
						<include>button_Menu</include>
					</control>
				</control>
				
<!--layout options-->
				<!--SLIDE: landscape-->
				<control type="group">
					<width>220</width>
					<height>42</height>
					<visible>Container.Content(artists) + Control.IsVisible(522)</visible>
					<control type="button" id="90">
						<label>$LOCALIZE[31039]</label>
						<onup>31</onup>
						<ondown>1</ondown>
						<onright>50</onright>
						<onclick>Container.SetViewMode(521)</onclick>
						<onclick>SetFocus(521)</onclick>
						<include>button_Menu</include>
					</control>
				</control>
				<!--SLIDE: thumbs-->
				<control type="group">
					<width>220</width>
					<height>42</height>
					<visible>Container.Content(artists) + Control.IsVisible(521)</visible>
					<control type="button" id="90">
						<label>$LOCALIZE[31059]</label>
						<onup>31</onup>
						<ondown>1</ondown>
						<onright>50</onright>
						<onclick>Container.SetViewMode(522)</onclick>
						<onclick>SetFocus(522)</onclick>
						<include>button_Menu</include>
					</control>
				</control>
			</control>
<!---viewtype selection------>
			<control type="grouplist" id="40">
				<posy>20</posy>
				<visible allowhiddenfocus="true">ControlGroup(40).HasFocus()</visible>
				<onright>50</onright>
				<include>toggle_NumItems-menumove</include>
				<!--list-->
				<control type="group">
					<width>220</width>
					<height>42</height>
					<control type="button" id="401">
						<label>$LOCALIZE[535]</label>
						<onclick>Container.SetViewMode(50)</onclick>
						<onclick>SetFocus(1)</onclick>
						<onclick>SetFocus(50)</onclick>
						<onright>30</onright>
						<onback>30</onback>
						<onup>407</onup>
						<ondown>402</ondown>
						<include>button_Menu</include>
					</control>
				</control>
				<!--big list-->
				<control type="group">
					<width>220</width>
					<height>42</height>
					<visible>[[Container.Content(albums) | Container.Content(songs)] + SubString(Container.FolderPath,musicdb)]</visible>
					<control type="button" id="402">
						<label>$LOCALIZE[537]</label>
						<onclick>Container.SetViewMode(51)</onclick>
						<onclick>SetFocus(1)</onclick>
						<onclick>SetFocus(51)</onclick>
						<onright>30</onright>
						<onback>30</onback>
						<onup>401</onup>
						<ondown>403</ondown>
						<include>button_Menu</include>
					</control>
				</control>
				<!--slide albums-->
				<control type="group">
					<width>220</width>
					<height>42</height>
					<visible>!Container.Content(artists) + !IsEmpty(Container.FolderPath) + !SubString(Container.FolderPath,addons://sources/) + !SubString(Container.FolderPath,plugin://)</visible>
					<control type="button" id="403">
						<label>$LOCALIZE[31003]</label>
						<onclick>Container.SetViewMode(522)</onclick>
						<onclick>SetFocus(1)</onclick>
						<onclick>SetFocus(522)</onclick>
						<onright>30</onright>
						<onback>30</onback>
						<onup>402</onup>
						<ondown>404</ondown>
						<include>button_Menu</include>
					</control>
				</control>
				<!--slide artists-->
				<control type="group">
					<width>220</width>
					<height>42</height>
					<visible>Container.Content(artists)</visible>
					<control type="button" id="404">
						<label>$LOCALIZE[31003]</label>
						<onclick>Container.SetViewMode(521)</onclick>
						<onclick>SetFocus(1)</onclick>
						<onclick>SetFocus(521)</onclick>
						<onright>50</onright>
						<onup>403</onup>
						<ondown>405</ondown>
						<include>button_Menu</include>
					</control>
				</control>
				<!--thumbnails albums-->
				<control type="group">
					<width>220</width>
					<height>42</height>
					<visible>[Container.Content(albums) | Container.Content(songs)] + !stringcompare(container.folderpath,addons://sources/)</visible>
					<control type="button" id="405">
						<label>$LOCALIZE[31014]</label>
						<onclick>Container.SetViewMode(572)</onclick>
						<onclick>SetFocus(1)</onclick>
						<onclick>SetFocus(572)</onclick>
						<onright>50</onright>
						<onup>404</onup>
						<ondown>406</ondown>
						<include>button_Menu</include>
					</control>
				</control>
				<!--thumbnails addons-->
				<control type="group">
					<width>220</width>
					<height>42</height>
					<visible>substring(Container.FolderPath,addons://)</visible>
					<control type="button" id="406">
						<label>dd$LOCALIZE[31014]</label>
						<onclick>Container.SetViewMode(574)</onclick>
						<onclick>SetFocus(1)</onclick>
						<onclick>SetFocus(574)</onclick>
						<onright>50</onright>
						<onup>405</onup>
						<ondown>407</ondown>
						<include>button_Menu</include>
					</control>
				</control>
				<!--thumbnails artists-->
				<control type="group">
					<width>220</width>
					<height>42</height>
					<visible>Container.Content(artists)</visible>
					<control type="button" id="407">
						<label>$LOCALIZE[31014]</label>
						<onclick>Container.SetViewMode(573)</onclick>
						<onclick>SetFocus(1)</onclick>
						<onclick>SetFocus(573)</onclick>
						<onright>50</onright>
						<onup>406</onup>
						<ondown>401</ondown>
						<include>button_Menu</include>
					</control>
				</control>
			</control>
		</control>
	</include>
</includes>