﻿<window id="502">
	<defaultcontrol always="true">50</defaultcontrol>
	<allowoverlay>yes</allowoverlay>
	<views>50,51,52,521,522,53,572,573,574</views>
	<controls>
		<include>global_Background</include>
		<include>global_Includes</include>
		<include>global_Sortletter</include>
		<include>nav_Indicator</include>
		<include>PageControls</include>
		<include>windowTitle_Music</include>
		<include>view_SlideMusic</include>
		<include>view_IconFiles</include>
		<include>view_IconSquare</include>
		<include>view_IconSquare2</include>
		<include>view_SlideSquare</include>
		<include>view_SlideLandscape</include>
		<include>view_IconLandscape</include>
		
		<include>view_BigList</include>

<!---TRIGGER------>	
		<control type="button" id="8000">
			<label>SHOULD NOT SEE ME</label>
			<onup>54</onup>
			<ondown>54</ondown>
			<onleft>54</onleft>
			<onright>54</onright>
			<width>200</width>
			<visible allowhiddenfocus="true">false</visible>
		</control>

<!---LIST VIEW------>
		<include>view_List</include>
		<!---landscape--->
		<control type="group">
			<posx>655</posx>
			<posy>68</posy>
			<include>toggle_Menu</include>
			<include>infoDialogHide</include>
			<include>transition_Container</include>
			<visible>Control.IsVisible(50) + Container.Content(artists) + !substring(container.folderpath,plugin://)</visible>
			<control type="image">
				<include>frame_Landscape-List</include>
				<visible>!IsEmpty(Container.FolderName) + !Container.Content(files)</visible>
			</control>
			<control type="image">
				<texture fallback="thumbs/artist_landscape.png" background="true">$INFO[ListItem.Property(Fanart_Image)]</texture>
				<include>thumb_Landscape-List</include>
			</control>
		</control>
		<!---info--->
		<include>info_MusicList</include>
		<include>info_AddonList</include>

<!---SLIDE VIEW------>
		<control type="group">
			<include>toggle_Menu</include>
			<include>transition_Info</include>
			<include>infoDialogHide</include>
			<visible>Control.IsVisible(52) | Control.IsVisible(521) | Control.IsVisible(522)</visible>
			<!---flags--->
			<control type="image">
				<posx>60</posx>
				<posy>459</posy>
				<width>128</width>
				<height>64</height>
				<aspectratio align="right">keep</aspectratio>
				<texture>$VAR[flag_Studio]</texture>
			</control>
			<!---info--->
			<control type="group">
				<posx>220</posx>
				<posy>462</posy>
				<visible>!Container.Content(addons)</visible>
				<control type="label">
					<width>1080</width>
					<label>$VAR[global_Title.Music]</label>
					<include>info_Title</include>
				</control>
				<control type="label">
					<posy>28</posy>
					<width>920</width>
					<label>$VAR[global_Info.Music]</label>
					<include>info_Sub</include>
				</control>
				<control type="grouplist">
					<posy>28</posy>
					<itemgap>0</itemgap>
					<visible>Container.Content(songs)</visible>
					<control type="label">
						<width>980</width>
						<label>$INFO[ListItem.Artist]</label>
						<include>info_Sub</include>
					</control>
					<control type="label">
						<width>980</width>
						<label>$INFO[ListItem.Album]</label>
						<include>info_Sub</include>
						<visible>!IsEmpty(ListItem.Album)</visible>
					</control>
					<control type="label">
						<width>980</width>
						<label>$INFO[ListItem.Duration]</label>
						<include>info_Sub</include>
					</control>
				</control>
				<control type="textbox">
					<posy>60</posy>
					<width>960</width>
					<height>170</height>
					<label>$VAR[global_Plot.Condition]</label>
					<include>description_Small</include>
				</control>
			</control>
		</control>
		<include>info_AddonSlide</include>

<!---THUMBNAILS VIEW------>
		<control type="group">
			<include>transition_Info</include>
			<include>toggle_Menu</include>
			<include>infoDialogHide</include>
			<visible>Control.IsVisible(573) | Control.IsVisible(572)</visible>
			<control type="group">
				<!---flags--->
				<control type="image">
					<posx>195r</posx>
					<posy>638</posy>
					<width>128</width>
					<height>64</height>
					<aspectratio align="right">keep</aspectratio>
					<texture>$VAR[flag_Studio]</texture>
				</control>
				<control type="group">
					<animation effect="slide" start="0,0" end="25,-5" time="0" condition="Container.Content(artists)">Conditional</animation>
					<posx>60</posx>
					<posy>645</posy>
					<control type="label">
						<label>$VAR[global_Title.Music]</label>
						<width>1100</width>
						<include>info_Title</include>
					</control>
					<control type="label">
						<posy>28</posy>
						<label>$VAR[global_Info.Music]</label>
						<width>750</width>
						<include>info_Sub</include>
					</control>
				</control>
			</control>
		</control>
		<include>menu_Music</include>
	</controls>
</window>
