﻿<window id="1">
	<defaultcontrol always="true">50</defaultcontrol>
	<allowoverlay>yes</allowoverlay>
	<previouswindow>Home</previouswindow>
	<views>50,522,574</views>
	<controls>
		<include>global_Background</include>
		<include>contextMenuHide</include>
		<include>PageControls</include>
		<include>view_List</include>
		<include>view_SlideSquare</include>
		<include>view_IconSquare</include>
		<include>global_Includes</include>
		<include>windowTitle_Programs</include>
		<include>info_AddonList</include>
		<include>info_AddonSlide</include>
		<include>nav_Indicator</include>
		<include>menu_Files</include>
	</controls>
</window>