﻿<window id="7">
	<defaultcontrol always="true">9000</defaultcontrol>
	<previouswindow>0</previouswindow>
	<allowoverlay>yes</allowoverlay>
	<controls>
		<include>global_Background</include>
		<include>global_Includes</include>
		<include>windowTitle_System</include>
		<control type="group">
			<!--button area-->
			<control type="grouplist" id="9000">
				<posx>15</posx>
				<posy>125</posy>
				<itemgap>0</itemgap>
				<onup>9000</onup>
				<ondown>9000</ondown>
				<include>transition_Container</include>
				<!--general-->
				<control type="button" id="95">
					<include>button_Category</include>
					<label>13278</label>
				</control>
				<!--storage-->
				<control type="button" id="94">
					<include>button_Category</include>
					<label>13277</label>
				</control>
				<!--network-->
				<control type="button" id="96">
					<include>button_Category</include>
					<label>13279</label>
				</control>
				<!--video-->
				<control type="button" id="97">
					<include>button_Category</include>
					<label>13280</label>
				</control>
				<!--hardware-->
				<control type="button" id="98">
					<include>button_Category</include>
					<label>13281</label>
				</control>
			</control>
			<!--info area-->
			<control type="group">
				<include>transition_Container</include>
				<posx>370</posx>
				<posy>113</posy>
				<!--category label-->
				<control type="label" id="40">
					<width>1100</width>
					<align>left</align>
					<font>titleSpecial</font>
					<textcolor>Color1</textcolor>
				</control>
				<control type="grouplist">
					<posy>50</posy>
					<itemgap>10</itemgap>
					<control type="label" id="2">
						<include>label_Systeminfo</include>
					</control>
					<control type="label" id="3">
						<posy>25</posy>
						<include>label_Systeminfo</include>
					</control>
					<control type="label" id="4">
						<posy>50</posy>
						<include>label_Systeminfo</include>
					</control>
					<control type="label" id="5">
						<posy>75</posy>
						<include>label_Systeminfo</include>
					</control>
					<control type="label" id="6">
						<posy>100</posy>
						<include>label_Systeminfo</include>
					</control>
					<control type="label" id="7">
						<posy>125</posy>
						<include>label_Systeminfo</include>
					</control>
					<control type="label" id="8">
						<posy>150</posy>
						<include>label_Systeminfo</include>
					</control>
					<control type="label" id="9">
						<posy>175</posy>
						<include>label_Systeminfo</include>
					</control>
					<control type="label" id="10">
						<posy>200</posy>
						<include>label_Systeminfo</include>
					</control>
					<control type="label" id="11">
						<posy>225</posy>
						<include>label_Systeminfo</include>	
					</control>	
				</control>
				<!--build info-->
				<control type="group">
					<posy>470</posy>
					<control type="label" id="1">
						<width>800</width>
						<label>[UPPERCASE]$LOCALIZE[9][/UPPERCASE]</label>
						<font>title</font>
						<textcolor>Color1</textcolor>
					</control>
					<control type="label" id="1">
						<posy>27</posy>
						<width>800</width>
						<label>[UPPERCASE]$LOCALIZE[144] $INFO[System.BuildVersion][/UPPERCASE]</label>
						<font>info</font>
						<textcolor>Color2</textcolor>
					</control>
					<control type="label" id="1">
						<posy>52</posy>
						<width>800</width>
						<label>[UPPERCASE]$LOCALIZE[552]: $INFO[System.BuildDate][/UPPERCASE]</label>
						<font>info</font>
						<textcolor>Color2</textcolor>
					</control>
				</control>
			</control>
			<control type="image">
				<posx>185</posx>
				<posy>580</posy>
				<width>128</width>
				<texture>logos/xbmclogo.png</texture>
				<colordiffuse>Color1</colordiffuse>
				<aspectratio>keep</aspectratio>
				<include>transition_Container</include>
			</control>
			<control type="image">
				<posx>311</posx>
				<include>screen_Separator</include>
			</control>
		</control>
	</controls>
</window>