﻿<window id="10140">
	<defaultcontrol always="true">9</defaultcontrol>
	<include>dialogOpen</include>
	<coordinates>
		<system>1</system>
		<posx>240</posx>
		<posy>80</posy>
	</coordinates>

	<controls>
		<control type="group">
			<control type="image">
				<width>800</width>
				<height>560</height>
				<include>dialogWindow</include>
			</control>
			<control type="label" id="20">
				<description>heading label</description>
				<width>762</width>
				<include>dialogHeading</include>
			</control>
			<control type="image">
				<posx>19</posx>
				<posy>75</posy>
				<width>762</width>
				<include>dialogSeparator</include>
			</control>
			<control type="image">
				<posx>19</posx>
				<posy>435</posy>
				<width>762</width>
				<include>dialogSeparator</include>
			</control>
			<control type="image">
				<posx>243</posx>
				<posy>75</posy>
				<width>1</width>
				<height>360</height>
				<texture>dialogs/separator-y.png</texture>
			</control>
			<control type="grouplist" id="9">
				<description>button area</description>
				<posx>19</posx>
				<posy>76</posy>
				<width>225</width>
				<height>360</height>
				<itemgap>0</itemgap>
				<onleft>-</onleft>
				<onright>2</onright>
				<onup>9</onup>
				<ondown>9</ondown>
				<orientation>vertical</orientation>
			</control>
			<control type="grouplist" id="2">
				<description>control area</description>
				<posx>244</posx>
				<posy>76</posy>
				<width>540</width>
				<height>360</height>
				<itemgap>0</itemgap>
				<onleft>9</onleft>
				<onright>9001</onright>
				<onup>2</onup>
				<ondown>2</ondown>
			</control>
			<control type="button" id="13">
				<description>category button</description>
				<width>238</width>
				<textoffsetx>16</textoffsetx>
				<align>left</align>
				<include>dialogListButton</include>
			</control>
			<control type="button" id="3">
				<description>default button</description>
				<height>40</height>
				<include>dialogListButton</include>
			</control>
			<control type="radiobutton" id="4">
				<description>default radiobutton</description>
				<height>40</height>
				<include>dialogRadio</include>
			</control>
			<control type="spincontrolex" id="5">
				<description>default spincontrol</description>
				<height>40</height>
				<include>dialogSpin</include>
			</control>
			<control type="sliderex" id="8">
				<description>default slider</description>
				<include>dialogSlider</include>
			</control>
			<control type="image" id="6">
				<description>Default Seperator</description>
				<height>0</height>
				<texture>-</texture>
			</control>
			<control type="label" id="7">
				<include>dialogLabelBold</include>
			</control>

			<control type="group" id="9001">
				<posx>34</posx>
				<posy>483</posy>
				<control type="button" id="12">
					<description>Defaults Button</description>
					<label>409</label>
					<onup>2</onup>
					<onleft>11</onleft>
					<onright>10</onright>
					<ondown>9</ondown>
					<include>dialogButton</include>
				</control>
				<control type="button" id="10">
					<description>Ok Button</description>
					<posx>477</posx>
					<label>186</label>
					<onup>2</onup>
					<onleft>12</onleft>
					<onright>11</onright>
					<ondown>9</ondown>
					<include>dialogButton</include>
				</control>
				<control type="button" id="11">
					<description>Cancel Button</description>
					<posx>610</posx>
					<label>222</label>
					<onup>2</onup>
					<onleft>10</onleft>
					<onright>12</onright>
					<ondown>9</ondown>
					<include>dialogButton</include>
				</control>
			</control>
			
			<control type="image" id="6">
				<visible>false</visible>
			</control>
			<control type="scrollbar" id="30">
				<visible>false</visible>
			</control>
			
		</control>
	</controls>
</window>
