﻿<window id="2008">
	<defaultcontrol>450</defaultcontrol>
	<include>dialogOpen</include>
	<coordinates>
		<system>1</system>
		<posx>0</posx>
		<posy>0</posy>
		<origin x="455" y="100"/>
	</coordinates>
	<controls>
		<control type="image">
			<width>312</width>
			<height>300</height>
			<include>dialogWindow</include>
		</control>
		<control type="image">
			<posx>19</posx>
			<posy>30</posy>
			<width>275</width>
			<include>dialogSeparator</include>
		</control>
		<control type="list" id="450">
			<posx>19</posx>
			<posy>30</posy>
			<width>275</width>
			<height>240</height>
			<onup>450</onup>
			<ondown>450</ondown>
			<scrolltime>200</scrolltime>
			<itemlayout height="40">
				<control type="image">
					<width>563</width>
					<include>dialog_CommonList</include>
				</control>
				<control type="label">
					<width>525</width>
					<info>ListItem.Label</info>
					<include>dialog_CommonListItem</include>
				</control>
			</itemlayout>
			<focusedlayout height="40">
				<control type="image">
					<width>563</width>
					<include>dialog_CommonListFocus</include>
				</control>
				<control type="label">
					<width>525</width>
					<info>ListItem.Label</info>
					<include>dialog_CommonListItemFocus</include>
				</control>
			</focusedlayout>
		</control>
	</controls>
</window>