﻿<window id="502">
	<defaultcontrol always="true">50</defaultcontrol>
	<allowoverlay>yes</allowoverlay>
	<views>50,52,53,55,572,573,574</views>

	<controls>
		<include>themeBackground2</include>
		<include>allscreens</include>
		<include>PageControls</include>
		<include>view_SlideMusic</include>
		<include>view_Thumbs</include>
		<include>view_SlideWide</include>
		<include>view_ThumbWide</include>
		<include>view_Addons</include>

<!-- TRIGGER BUTTON ----------------------------------------------->	
		<control type="button" id="8000">
			<label>SHOULD NOT SEE ME</label>
			<onup>54</onup>
			<ondown>54</ondown>
			<onleft>54</onleft>
			<onright>54</onright>
			<width>200</width>
			<visible allowhiddenfocus="true">false</visible>
		</control>

<!----- LIST VIEW ---------------------------------------------------------------------------------------------------------------->
		<include>view_ListMusic</include>

	<!--- landscape ------>
		<control type="group">
			<visible>Control.IsVisible(50) + Container.Content(artists)</visible>
			<include>toggle_Menu</include>
			<include>transition_Container</include>
			<include>infoDialogHide</include>
			<control type="group">
				<posx>655</posx>
				<posy>75</posy>
				<visible>[[Container.Content(movies) | Container.Content(tvshows)] + Skin.HasSetting(ListViewFanart)] | Container.Content(artists) | Container.Content(musicvideos) | Container.Content(episodes) | Container.Content(files)</visible>
				<control type="group">
					<visible>!substring(Container.FolderPath,plugin)</visible>
					<control type="image">
						<include>frame_Landscape-List</include>
					</control>
					<control type="image">
						<texture fallback="thumbs/artist_Landscape.png" background="true">$INFO[ListItem.Property(Fanart_Image)]</texture>
						<include>thumb_Landscape-List</include>
						<visible>Container.Content(artists)</visible>
					</control>
				</control>
			</control>
		</control>
		<include>info_MusicList</include>

	<!--- addons ------>
		<include>info_AddonList</include>

<!----- SLIDE VIEW -------------------------------------------------------------------------------------------------------------------------->
		<control type="group">
			<posx>240</posx>
			<posy>445</posy>
			<include>toggle_Menu</include>
			<include>transition_Info</include>
			<include>infoDialogHide</include>
			
			<animation effect="slide" start="0,0" end="0,10" time="0" condition="Container.Content(artists)">Conditional</animation>
			
			<visible>Control.IsVisible(52) | Control.IsVisible(55)</visible>
			<control type="label">
				<width>1080</width>
				<label>$INFO[ListItem.Album]</label>
				<include>Heading1</include>	
				<visible>Container.Content(albums)</visible>
			</control>
			<control type="label">
				<width>1080</width>
				<label>$INFO[ListItem.Title]</label>
				<include>Heading1</include>	
				<visible>Container.Content(songs)</visible>
			</control>
			<control type="label">
				<width>1080</width>
				<label>$INFO[ListItem.Artist]</label>
				<include>Heading1</include>	
				<visible>Container.Content(artists)</visible>
			</control>
			<control type="label">
				<width>1080</width>
				<label>$INFO[ListItem.Label]</label>
				<include>Heading1</include>	
				<visible>IsEmpty(ListItem.Artist)</visible>
			</control>
			<control type="label">
				<posy>35</posy>
				<width>980</width>
				<label>$INFO[ListItem.Artist] • $INFO[ListItem.Year] • $INFO[ListItem.Genre]</label>
				<align>left</align>
				<include>Heading3</include>
				<visible>!IsEmpty(ListItem.Album) + !Container.Content(songs)</visible>
			</control>
			<control type="label">
				<posy>35</posy>
				<width>980</width>
				<label>$INFO[ListItem.Artist]</label>
				<align>left</align>
				<include>Heading3</include>
				<visible>Container.Content(songs)</visible>
			</control>
			<control type="label">
				<posy>60</posy>
				<width>980</width>
				<label>$INFO[ListItem.Album] ($INFO[ListItem.Year])</label>
				<align>left</align>
				<include>Heading3</include>
				<visible>Container.Content(songs) + !IsEmpty(ListItem.Title)</visible>
			</control>
			<control type="label">
				<posy>85</posy>
				<width>980</width>
				<label>$INFO[ListItem.Duration]</label>
				<align>left</align>
				<include>Heading3</include>
				<visible>Container.Content(songs)</visible>
			</control>
			<control type="image">
				<posy>125</posy>
				<width>128</width>
				<height>25</height>
				<info>ListItem.StarRating</info>
				<colordiffuse>Color1</colordiffuse>
				<aspectratio align="left">keep</aspectratio>
				<visible>Container.Content(songs)</visible>
			</control>
			<control type="label">
				<posy>35</posy>
				<width>980</width>
				<label>$INFO[ListItem.Property(Artist_Genre)]</label>
				<align>left</align>
				<include>Heading3</include>
				<visible>!Container.Content(songs)</visible>
			</control>
			<control type="textbox" id="8">
				<posy>62</posy>
				<width>980</width>
				<height>170</height>
				<align>left</align>
				<aligny>top</aligny>
				<label>$INFO[ListItem.Property(Artist_Description)]</label>
				<textcolor>Color7</textcolor>
				<font>descriptionSmall</font>
				<visible>Container.Content(artists)</visible>
			</control>
			<control type="textbox" id="8">
				<posy>62</posy>
				<width>980</width>
				<height>170</height>
				<align>left</align>
				<aligny>top</aligny>
				<label>$INFO[ListItem.Property(Album_Description)]</label>
				<textcolor>Color7</textcolor>
				<font>descriptionSmall</font>
				<visible>Container.Content(albums)</visible>
			</control>
		</control>	
		<control type="group">
			<posx>75</posx>
			<posy>442</posy>
			<include>toggle_Menu</include>
			<include>transition_Info</include>
			<include>infoDialogHide</include>
			<visible>Control.IsVisible(52) | Control.IsVisible(55)</visible>
			<control type="image">
				<width>128</width>
				<height>64</height>
				<aspectratio align="right">keep</aspectratio>
				<colordiffuse>Color7</colordiffuse>
				<texture fallback="-flags/default.png">$INFO[Listitem.Property(Album_Label),flags/labels/,.png]</texture>
			</control>
		</control>

<!----- THUMBNAILS VIEW --------------------------------------------------------------------------------------------------------------------->
	<!--albums---->
		<control type="group">
			<posy>625</posy>
			<posx>60</posx>
			<include>transition_Info</include>
			<include>toggle_Menu</include>
			<include>infoDialogHide</include>
			<animation effect="slide" end="0,15" condition="Skin.HasSetting(numitems.enable)">Conditional</animation>
			<visible>Control.IsVisible(572) + Container.Content(albums)</visible>
			<control type="label">
				<align>left</align>
				<label>$INFO[ListItem.Label]</label>
				<include>screenwidth</include>
				<include>Heading1</include>
				<visible>IsEmpty(ListItem.Album)</visible>
			</control>
			<control type="label">
				<align>left</align>
				<label>$INFO[ListItem.Album]</label>
				<include>screenwidth</include>
				<include>Heading1</include>
				<visible>!IsEmpty(ListItem.Album)</visible>
			</control>
			<control type="label">
				<posy>30</posy>
				<align>left</align>
				<label>$INFO[ListItem.Artist] • $INFO[ListItem.Year] • $INFO[ListItem.Genre]</label>
				<include>screenwidth</include>
				<include>Heading3</include>
				<visible>!IsEmpty(ListItem.Artist)</visible>
			</control>
		</control>
		<!--flags---->
		<control type="group">
			<posx>1090</posx>
			<posy>632</posy>
			<include>labelFlags57</include>
			<visible>Control.IsVisible(572) + Container.Content(albums)</visible>
			<include>toggle_Menu</include>
			<include>infoDialogHide</include>
			<include>transition_Info</include>	
		</control>	

	<!--artists---->
		<control type="group">
			<posx>90</posx>
			<posy>625</posy>
			<include>toggle_Menu</include>
			<include>transition_Info</include>
			<include>infoDialogHide</include>
			<visible>Control.IsVisible(573) + Container.Content(artists)</visible>
			<control type="label">
				<align>left</align>
				<label>$INFO[ListItem.Artist]</label>
				<include>screenwidth</include>
				<include>Heading1</include>
			</control>
			<control type="label">
				<posy>30</posy>
				<align>left</align>
				<label>$INFO[ListItem.Property(Artist_Genre)]</label>
				<include>screenwidth</include>
				<include>Heading3</include>
			</control>
			<control type="label">
				<posy>50</posy>
				<align>left</align>
				<label>$LOCALIZE[21893] $INFO[ListItem.Property(Artist_Born)]</label>
				<include>screenwidth</include>
				<include>Heading3</include>
				<visible>!IsEmpty(ListItem.Property(Artist_Born))</visible>
			</control>
			<control type="label">
				<posy>50</posy>
				<align>left</align>
				<label>$LOCALIZE[21894] $INFO[ListItem.Property(Artist_Formed)]</label>
				<include>screenwidth</include>
				<include>Heading3</include>
				<visible>!IsEmpty(ListItem.Property(Artist_Formed))</visible>
			</control>
		</control>

	<!--songs---->
		<control type="group">
			<posx>60</posx>
			<posy>620</posy>
			<include>toggle_Menu</include>
			<include>transition_Info</include>
			<include>infoDialogHide</include>
			<visible>Control.IsVisible(572) + Container.Content(songs)</visible>
			<control type="label">
				<align>left</align>
				<label>$INFO[ListItem.Label]</label>
				<include>screenwidth</include>
				<include>Heading1</include>
				<visible>IsEmpty(ListItem.Title)</visible>
			</control>
			<control type="label">
				<align>left</align>
				<label>$INFO[ListItem.Title]</label>
				<include>screenwidth</include>
				<include>Heading1</include>
				<visible>!IsEmpty(ListItem.Title)</visible>
			</control>
			<control type="label">
				<posy>30</posy>
				<align>left</align>
				<label>$INFO[ListItem.Artist]</label>
				<include>screenwidth</include>
				<include>Heading3</include>
			</control>
			<control type="label">
				<posy>50</posy>
				<align>left</align>
				<label>$INFO[ListItem.Album]</label>
				<include>screenwidth</include>
				<include>Heading3</include>
				<visible>!IsEmpty(ListItem.Property(Artist_Born))</visible>
			</control>
			<control type="label">
				<posy>50</posy>
				<align>left</align>
				<label>$INFO[ListItem.Duration]</label>
				<include>screenwidth</include>
				<include>Heading3</include>
			</control>
		</control>

		<include>info_AddonThumbs</include>
		<include>pagelabels_Music</include>
		<include>musicOverlay</include>
		<include>indicatorScrolling</include>
		<include>LibraryMusicMenu</include>
		<include>nav_Indicator</include>
	</controls>
</window>