﻿<includes>
	<include name="10day">
		<control type="label">
			<posx>38</posx>
			<posy>58</posy>
			<label>$LOCALIZE[31976]</label>
			<font>smallerCaps</font>
			<textcolor>Color3</textcolor>
			<include>transition_WindowTitle</include>
			<visible>StringCompare(Window.Property(Weather.CurrentView),10day) + !IsEmpty(Window.Property(Weekend.IsFetched))</visible>
		</control>
		<control type="group">
			<posx>40</posx>
			<posy>205</posy>
			<include>transition_Container</include>
			<include>toggle_Menu</include>
			<visible>StringCompare(Window.Property(Weather.CurrentView),10day)</visible>
			<animation effect="slide" start="0,0" end="0,-80" time="0" condition="!Skin.HasSetting(fanart.weather)">Conditional</animation>
			<!---column headers--->
			<control type="group">
				<!--conditions-->
				<control type="image">
					<posx>116</posx>
					<width>330</width>
					<width>115</width>
					<height>42</height>
					<texture border="8">weather/column_Top.png</texture>
					<colordiffuse>column3</colordiffuse>
				</control>
				<control type="label" id="101">
					<posx>131</posx>
					<posy>8</posy>
					<width>550</width>
					<label>$LOCALIZE[33020]</label>
					<font>titleLowSmall</font>
					<include>column_Header</include>
				</control>
				<!--temp/feels-->
				<control type="image">
					<posx>447</posx>
					<width>160</width>
					<height>42</height>
					<texture border="8">weather/column_Top.png</texture>
					<colordiffuse>column3</colordiffuse>
				</control>
				<control type="label" id="102">
					<posx>462</posx>
					<posy>8</posy>
					<width>550</width>
					<label>$LOCALIZE[401]/$LOCALIZE[33024]</label>
					<font>titleLowSmall</font>
					<include>column_Header</include>
				</control>
				<!--precipitation-->
				<control type="image">
					<posx>608</posx>
					<width>140</width>
					<height>42</height>
					<texture border="8">weather/column_Top.png</texture>
					<colordiffuse>column3</colordiffuse>
				</control>
				<control type="label" id="102">
					<posx>623</posx>
					<posy>8</posy>
					<width>550</width>
					<label>$LOCALIZE[33021]</label>
					<font>titleLowSmall</font>
					<include>column_Header</include>
				</control>
				<!--wind-->
				<control type="image">
					<posx>749</posx>
					<width>443</width>
					<height>42</height>
					<texture border="8">weather/column_Top.png</texture>
					<colordiffuse>column3</colordiffuse>
				</control>
				<control type="label" id="102">
					<posx>764</posx>
					<posy>8</posy>
					<width>550</width>
					<label>$LOCALIZE[383]</label>
					<font>titleLowSmall</font>
					<include>column_Header</include>
				</control>
			</control>
			<!---forecast--->
			<control type="list" id="51">
				<posx>0</posx>
				<posy>43</posy>
				<width>1280</width>
				<height>440</height>
				<onleft>6000</onleft>
				<onright>62</onright>
				<onup>51</onup>
				<ondown>51</ondown>
				<viewtype label="535">list</viewtype>
				<pagecontrol>62</pagecontrol>
				<scrolltime>200</scrolltime>
				<itemlayout height="43" width="600">
					<!--time-->
					<control type="image">
						<width>115</width>
						<height>42</height>
						<aspectratio>stretch</aspectratio>
						<colordiffuse>column3</colordiffuse>
						<texture border="8">$INFO[ListItem.Property(Column_left)]</texture>
					</control>
					<control type="label">
						<posx>105</posx>
						<width>105</width>
						<height>38</height>
						<label>$INFO[ListItem.Property(Time)]</label>
						<align>right</align>
						<font>smallCaps</font>
					</control>
					<!--condition-->
					<control type="image">
						<posx>116</posx>
						<width>330</width>
						<height>42</height>
						<aspectratio>stretch</aspectratio>
						<colordiffuse>column2</colordiffuse>
						<texture border="8">$INFO[ListItem.Property(Column)]</texture>
					</control>
					<control type="image">
						<posx>124</posx>
						<width>42</width>
						<height>42</height>
						<aspectratio>stretch</aspectratio>
						<texture border="8">$INFO[ListItem.ActualIcon]</texture>
					</control>
					<control type="label">
						<posx>170</posx>
						<width>300</width>
						<label>$INFO[ListItem.Property(Outlook)]</label>
						<include>column_Label</include>
					</control>
					<!--temperature-->
					<control type="image">
						<posx>447</posx>
						<width>160</width>
						<height>42</height>
						<aspectratio>stretch</aspectratio>
						<colordiffuse>column2</colordiffuse>
						<texture border="8">$INFO[ListItem.Property(Column)]</texture>
					</control>
					<control type="label">
						<posx>457</posx>
						<width>140</width>
						<align>left</align>
						<label>$INFO[ListItem.Property(Temperature)]</label>
						<include>column_Label</include>
					</control>
					<!--precipitation-->
					<control type="image">
						<posx>608</posx>
						<width>140</width>
						<height>42</height>
						<aspectratio>stretch</aspectratio>
						<colordiffuse>column2</colordiffuse>
						<texture border="8">$INFO[ListItem.Property(Column)]</texture>
					</control>
					<control type="label">
						<posx>623</posx>
						<width>300</width>
						<label>$INFO[ListItem.Property(Precipitation)]</label>
						<include>column_Label</include>
					</control>
					<!--wind-->
					<control type="image">
						<posx>749</posx>
						<width>443</width>
						<height>42</height>
						<aspectratio>stretch</aspectratio>
						<colordiffuse>column2</colordiffuse>
						<texture border="8">$INFO[ListItem.Property(Column_right)]</texture>
					</control>
					<control type="label">
						<posx>764</posx>
						<width>360</width>
						<label>$INFO[ListItem.Property(Wind)]</label>
						<include>column_Label</include>
					</control>
				</itemlayout>
				<focusedlayout height="43" width="600">
					<!--time-->
					<control type="image">
						<width>115</width>
						<height>42</height>
						<aspectratio>stretch</aspectratio>
						<colordiffuse>Color7</colordiffuse>
						<texture border="8">$INFO[ListItem.Property(Column_left)]</texture>
					</control>
					<control type="label">
						<posx>105</posx>
						<width>105</width>
						<height>38</height>
						<label>$INFO[ListItem.Property(Time)]</label>
						<align>right</align>
						<font>smallCaps</font>
						<include>column_Label-focus</include>
					</control>
					<!--condition-->
					<control type="image">
						<posx>116</posx>
						<width>330</width>
						<height>42</height>
						<aspectratio>stretch</aspectratio>
						<colordiffuse>Color7</colordiffuse>
						<texture border="8">$INFO[ListItem.Property(Column)]</texture>
					</control>
					<control type="image">
						<posx>124</posx>
						<width>42</width>
						<height>42</height>
						<aspectratio>stretch</aspectratio>
						<texture border="8">$INFO[ListItem.ActualIcon]</texture>
					</control>
					<control type="label">
						<posx>170</posx>
						<width>300</width>
						<label>$INFO[ListItem.Property(Outlook)]</label>
						<include>column_Label-focus</include>
					</control>
					<!--temperature-->
					<control type="image">
						<posx>447</posx>
						<width>160</width>
						<height>42</height>
						<aspectratio>stretch</aspectratio>
						<colordiffuse>Color7</colordiffuse>
						<texture border="8">$INFO[ListItem.Property(Column)]</texture>
					</control>
					<control type="label">
						<posx>457</posx>
						<width>140</width>
						<label>$INFO[ListItem.Property(Temperature)]</label>
						<include>column_Label-focus</include>
					</control>
					<!--precipitation-->
					<control type="image">
						<posx>608</posx>
						<width>140</width>
						<height>42</height>
						<aspectratio>stretch</aspectratio>
						<colordiffuse>Color7</colordiffuse>
						<texture border="8">$INFO[ListItem.Property(Column)]</texture>
					</control>
					<control type="label">
						<posx>623</posx>
						<width>300</width>
						<label>$INFO[ListItem.Property(Precipitation)]</label>
						<include>column_Label-focus</include>
					</control>
					<!--wind-->
					<control type="image">
						<posx>749</posx>
						<width>443</width>
						<height>42</height>
						<aspectratio>stretch</aspectratio>
						<colordiffuse>Color7</colordiffuse>
						<texture border="8">$INFO[ListItem.Property(Column_right)]</texture>
					</control>
					<control type="label">
						<posx>764</posx>
						<width>360</width>
						<label>$INFO[ListItem.Property(Wind)]</label>
						<include>column_Label-focus</include>
					</control>
				</focusedlayout>
				<content>
					<item>
						<property name="Column_left">views/column_left.png</property>
						<property name="Column_right">views/column_right.png</property>
						<property name="Column">views/column.png</property>
						<property name="Time">$INFO[Window.Property(Daily.1.ShortDay)]</property>
						<property name="Outlook">$INFO[Window.Property(Daily.1.Outlook)]</property>
						<property name="Temperature">$INFO[Window.Property(Daily.1.HighTemperature), ]$INFO[System.TemperatureUnits] / $INFO[Window.Property(Daily.1.LowTemperature), ]$INFO[System.TemperatureUnits]</property>
						<property name="Humidity">$INFO[Window.Property(Daily.1.Humidity),, %]</property>
						<property name="Precipitation">$INFO[Window.Property(Daily.1.Precipitation),, %]</property>
						<property name="Wind">$INFO[Window.Property(Daily.1.WindSpeed)] $INFO[Window.Property(Daily.1.WindDirection)]</property>
						<icon>$INFO[Window.Property(Daily.1.OutlookIcon)]</icon>
						<onclick>-</onclick>
						<visible>!IsEmpty(Window.Property(Daily.IsFetched))</visible>
					</item>
					<item>
						<property name="Column_left">views/column_left.png</property>
						<property name="Column_right">views/column_right.png</property>
						<property name="Column">views/column.png</property>
						<property name="Time">$INFO[Window.Property(Daily.2.ShortDay)]</property>
						<property name="Outlook">$INFO[Window.Property(Daily.2.Outlook)]</property>
						<property name="Temperature">$INFO[Window.Property(Daily.2.HighTemperature), ]$INFO[System.TemperatureUnits] / $INFO[Window.Property(Daily.2.LowTemperature), ]$INFO[System.TemperatureUnits]</property>
						<property name="Humidity">$INFO[Window.Property(Daily.2.Humidity),, %]</property>
						<property name="Precipitation">$INFO[Window.Property(Daily.2.Precipitation),, %]</property>
						<property name="Wind">$INFO[Window.Property(Daily.2.WindSpeed)] $INFO[Window.Property(Daily.2.WindDirection)]</property>
						<icon>$INFO[Window.Property(Daily.2.OutlookIcon)]</icon>
						<onclick>-</onclick>
						<visible>!IsEmpty(Window.Property(Daily.IsFetched))</visible>
					</item>
					<item>
						<property name="Column_left">views/column_left.png</property>
						<property name="Column_right">views/column_right.png</property>
						<property name="Column">views/column.png</property>
						<property name="Time">$INFO[Window.Property(Daily.3.ShortDay)]</property>
						<property name="Outlook">$INFO[Window.Property(Daily.3.Outlook)]</property>
						<property name="Temperature">$INFO[Window.Property(Daily.3.HighTemperature), ]$INFO[System.TemperatureUnits] / $INFO[Window.Property(Daily.3.LowTemperature), ]$INFO[System.TemperatureUnits]</property>
						<property name="Humidity">$INFO[Window.Property(Daily.3.Humidity),, %]</property>
						<property name="Precipitation">$INFO[Window.Property(Daily.3.Precipitation),, %]</property>
						<property name="Wind">$INFO[Window.Property(Daily.3.WindSpeed)] $INFO[Window.Property(Daily.3.WindDirection)]</property>
						<icon>$INFO[Window.Property(Daily.3.OutlookIcon)]</icon>
						<onclick>-</onclick>
						<visible>!IsEmpty(Window.Property(Daily.IsFetched))</visible>
					</item>
					<item>
						<property name="Column_left">views/column_left.png</property>
						<property name="Column_right">views/column_right.png</property>
						<property name="Column">views/column.png</property>
						<property name="Time">$INFO[Window.Property(Daily.4.ShortDay)]</property>
						<property name="Outlook">$INFO[Window.Property(Daily.4.Outlook)]</property>
						<property name="Temperature">$INFO[Window.Property(Daily.4.HighTemperature), ]$INFO[System.TemperatureUnits] / $INFO[Window.Property(Daily.4.LowTemperature), ]$INFO[System.TemperatureUnits]</property>
						<property name="Humidity">$INFO[Window.Property(Daily.4.Humidity),, %]</property>
						<property name="Precipitation">$INFO[Window.Property(Daily.4.Precipitation),, %]</property>
						<property name="Wind">$INFO[Window.Property(Daily.4.WindSpeed)] $INFO[Window.Property(Daily.4.WindDirection)]</property>
						<icon>$INFO[Window.Property(Daily.4.OutlookIcon)]</icon>
						<onclick>-</onclick>
						<visible>!IsEmpty(Window.Property(Daily.IsFetched))</visible>
					</item>
					<item>
						<property name="Column_left">views/column_left.png</property>
						<property name="Column_right">views/column_right.png</property>
						<property name="Column">views/column.png</property>
						<property name="Time">$INFO[Window.Property(Daily.5.ShortDay)]</property>
						<property name="Outlook">$INFO[Window.Property(Daily.5.Outlook)]</property>
						<property name="Temperature">$INFO[Window.Property(Daily.5.HighTemperature), ]$INFO[System.TemperatureUnits] / $INFO[Window.Property(Daily.5.LowTemperature), ]$INFO[System.TemperatureUnits]</property>
						<property name="Humidity">$INFO[Window.Property(Daily.5.Humidity),, %]</property>
						<property name="Precipitation">$INFO[Window.Property(Daily.5.Precipitation),, %]</property>
						<property name="Wind">$INFO[Window.Property(Daily.5.WindSpeed)] $INFO[Window.Property(Daily.5.WindDirection)]</property>
						<icon>$INFO[Window.Property(Daily.5.OutlookIcon)]</icon>
						<onclick>-</onclick>
						<visible>!IsEmpty(Window.Property(Daily.IsFetched))</visible>
					</item>
					<item>
						<property name="Column_left">views/column_left.png</property>
						<property name="Column_right">views/column_right.png</property>
						<property name="Column">views/column.png</property>
						<property name="Time">$INFO[Window.Property(Daily.6.ShortDay)]</property>
						<property name="Outlook">$INFO[Window.Property(Daily.6.Outlook)]</property>
						<property name="Temperature">$INFO[Window.Property(Daily.6.HighTemperature), ]$INFO[System.TemperatureUnits] / $INFO[Window.Property(Daily.6.LowTemperature), ]$INFO[System.TemperatureUnits]</property>
						<property name="Humidity">$INFO[Window.Property(Daily.6.Humidity),, %]</property>
						<property name="Precipitation">$INFO[Window.Property(Daily.6.Precipitation),, %]</property>
						<property name="Wind">$INFO[Window.Property(Daily.6.WindSpeed)] $INFO[Window.Property(Daily.6.WindDirection)]</property>
						<icon>$INFO[Window.Property(Daily.6.OutlookIcon)]</icon>
						<onclick>-</onclick>
						<visible>!IsEmpty(Window.Property(Daily.IsFetched))</visible>
					</item>
					<item>
						<property name="Column_left">views/column_left.png</property>
						<property name="Column_right">views/column_right.png</property>
						<property name="Column">views/column.png</property>
						<property name="Time">$INFO[Window.Property(Daily.7.ShortDay)]</property>
						<property name="Outlook">$INFO[Window.Property(Daily.7.Outlook)]</property>
						<property name="Temperature">$INFO[Window.Property(Daily.7.HighTemperature), ]$INFO[System.TemperatureUnits] / $INFO[Window.Property(Daily.7.LowTemperature), ]$INFO[System.TemperatureUnits]</property>
						<property name="Humidity">$INFO[Window.Property(Daily.7.Humidity),, %]</property>
						<property name="Precipitation">$INFO[Window.Property(Daily.7.Precipitation),, %]</property>
						<property name="Wind">$INFO[Window.Property(Daily.7.WindSpeed)] $INFO[Window.Property(Daily.7.WindDirection)]</property>
						<icon>$INFO[Window.Property(Daily.7.OutlookIcon)]</icon>
						<onclick>-</onclick>
						<visible>!IsEmpty(Window.Property(Daily.IsFetched))</visible>
					</item>
					<item>
						<property name="Column_left">views/column_left.png</property>
						<property name="Column_right">views/column_right.png</property>
						<property name="Column">views/column.png</property>
						<property name="Time">$INFO[Window.Property(Daily.8.ShortDay)]</property>
						<property name="Outlook">$INFO[Window.Property(Daily.8.Outlook)]</property>
						<property name="Temperature">$INFO[Window.Property(Daily.8.HighTemperature), ]$INFO[System.TemperatureUnits] / $INFO[Window.Property(Daily.8.LowTemperature), ]$INFO[System.TemperatureUnits]</property>
						<property name="Humidity">$INFO[Window.Property(Daily.8.Humidity),, %]</property>
						<property name="Precipitation">$INFO[Window.Property(Daily.8.Precipitation),, %]</property>
						<property name="Wind">$INFO[Window.Property(Daily.8.WindSpeed)] $INFO[Window.Property(Daily.8.WindDirection)]</property>
						<icon>$INFO[Window.Property(Daily.8.OutlookIcon)]</icon>
						<onclick>-</onclick>
						<visible>!IsEmpty(Window.Property(Daily.IsFetched))</visible>
					</item>
					<item>
						<property name="Column_left">views/column_left.png</property>
						<property name="Column_right">views/column_right.png</property>
						<property name="Column">views/column.png</property>
						<property name="Time">$INFO[Window.Property(Daily.9.ShortDay)]</property>
						<property name="Outlook">$INFO[Window.Property(Daily.9.Outlook)]</property>
						<property name="Temperature">$INFO[Window.Property(Daily.9.HighTemperature), ]$INFO[System.TemperatureUnits] / $INFO[Window.Property(Daily.9.LowTemperature), ]$INFO[System.TemperatureUnits]</property>
						<property name="Humidity">$INFO[Window.Property(Daily.9.Humidity),, %]</property>
						<property name="Precipitation">$INFO[Window.Property(Daily.9.Precipitation),, %]</property>
						<property name="Wind">$INFO[Window.Property(Daily.9.WindSpeed)] $INFO[Window.Property(Daily.9.WindDirection)]</property>
						<icon>$INFO[Window.Property(Daily.9.OutlookIcon)]</icon>
						<onclick>-</onclick>
						<visible>!IsEmpty(Window.Property(Daily.IsFetched))</visible>
					</item>
					<item>
						<property name="Column_left">views/column_left.png</property>
						<property name="Column_right">views/column_right.png</property>
						<property name="Column">views/column.png</property>
						<property name="Time">$INFO[Window.Property(Daily.10.ShortDay)]</property>
						<property name="Outlook">$INFO[Window.Property(Daily.10.Outlook)]</property>
						<property name="Temperature">$INFO[Window.Property(Daily.10.HighTemperature), ]$INFO[System.TemperatureUnits] / $INFO[Window.Property(Daily.10.LowTemperature), ]$INFO[System.TemperatureUnits]</property>
						<property name="Humidity">$INFO[Window.Property(Daily.10.Humidity),, %]</property>
						<property name="Precipitation">$INFO[Window.Property(Daily.10.Precipitation),, %]</property>
						<property name="Wind">$INFO[Window.Property(Daily.10.WindSpeed)] $INFO[Window.Property(Daily.10.WindDirection)]</property>
						<icon>$INFO[Window.Property(Daily.10.OutlookIcon)]</icon>
						<onclick>-</onclick>
						<visible>!IsEmpty(Window.Property(Daily.IsFetched))</visible>
					</item>
				</content>
			</control>
		</control>
	</include>
</includes>