<?xml version="1.0" encoding="UTF-8" standalone="yes"?>
<addon id="xbmc.repo.jeroen" name="Jeroen's repository" version="5.0.0" provider-name="Jeroen">
	<extension point="xbmc.addon.repository" name="Jeroen's Add-on Repository">
		<info>http://xbmc-focus.googlecode.com/svn/trunk/addons.xml</info>
		<checksum>http://xbmc-focus.googlecode.com/svn/trunk/addons.xml.md5</checksum>
		<datadir zip="true">http://xbmc-focus.googlecode.com/svn/trunk/</datadir>
	</extension>
	<extension point="xbmc.addon.metadata">
		<summary>Jeroen's Add-ons for XBMC</summary>
		<description>Download and install Add-ons for XBMC.</description>
		<disclaimer>If it breaks, you get to keep the pieces</disclaimer>
		<platform>all</platform>
	</extension>
</addon>