﻿<window id="135">
	<defaultcontrol always="true">102</defaultcontrol>
	<include>dialogOpen</include>
	<coordinates>
		<system>1</system>
		<posx>272</posx>
		<posy>172</posy>
	</coordinates>
	<controls>
		<control type="group">
			<visible>!Window.IsVisible(musicinformation)</visible>
			<control type="image">
				<width>737</width>
				<height>377</height>
				<include>dialogWindow</include>
			</control>
			<control type="label" id="1">
				<width>669</width>
				<scroll>true</scroll>
				<label>$INFO[ListItem.Title]</label>
				<include>dialog_Windowtitle</include>
			</control>
			<control type="group">
				<posy>75</posy>
				<control type="image">
					<posx>519</posx>
					<width>200</width>
					<height>200</height>
					<aspectratio>stretch</aspectratio>
					<texture fallback="thumbs/album.png">$INFO[ListItem.Thumb]</texture>
				</control>
				<control type="image">
					<posx>518</posx>
					<height>200</height>
					<include>dialog_Separator-y</include>
				</control>
				<control type="image">
					<posx>19</posx>
					<width>700</width>
					<include>dialog_Separator</include>
				</control>
			</control>
			<control type="image">
				<posx>519</posx>
				<posy>274</posy>
				<width>200</width>
				<include>dialog_Separator</include>
			</control>
			<control type="list" id="100">
				<posx>19</posx>
				<posy>75</posy>
				<width>500</width>
				<height>305</height>
				<onleft>-</onleft>
				<onright>-</onright>
				<onup>100</onup>
				<ondown>100</ondown>
				<scrolltime>200</scrolltime>
				<itemlayout height="40">
					<control type="image">
						<width>500</width>
						<height>40</height>
						<include>dialog_CommonList</include>
					</control>
					<control type="label">
						<width>532</width>
						<label>$INFO[ListItem.Label]</label>
						<include>dialog_CommonListItem</include>
					</control>
				</itemlayout>
				<focusedlayout height="40">
					<control type="image">
						<width>500</width>
						<include>dialog_CommonList</include>
					</control>
					<control type="label">
						<width>532</width>
						<label>$INFO[ListItem.Label]</label>
						<include>dialog_CommonListItem</include>
					</control>
				</focusedlayout>
				<content>
					<item id="1">
						<label>[B]$LOCALIZE[557][/B] $INFO[ListItem.Artist]</label>
						<onclick>-</onclick>
					</item>
					<item id="2">
						<label>[B]$LOCALIZE[558][/B] $INFO[ListItem.Album]</label>
						<onclick>-</onclick>
					</item>
					<item id="3">
						<label>[B]$LOCALIZE[562][/B] $INFO[ListItem.Year]</label>
						<onclick>-</onclick>
					</item>
					<item id="4">
						<label>[B]$LOCALIZE[554][/B] $INFO[ListItem.TrackNumber]</label>
						<onclick>-</onclick>
					</item>
					<item id="5">
						<label>[B]$LOCALIZE[563][/B]</label>
						<onclick>-</onclick>
					</item>
				</content>
			</control>
			<control type="label">
				<posx>34</posx>
				<posy>235</posy>
				<width>541</width>
				<label>[B]$LOCALIZE[563][/B]</label>
				<include>dialog_CommonListItem</include>
			</control>
			<control type="image">
				<description>Rating value</description>
				<posx>125</posx>
				<posy>242</posy>
				<width>160</width>
				<height>24</height>
				<aspectratio align="left">keep</aspectratio>
				<info>ListItem.StarRating</info>
			</control>
			<control type="group" id="901">
				<posx>34</posx>
				<posy>300</posy>
				<control type="button" id="101">
					<onright>102</onright>
					<onleft>103</onleft>
					<onup>-</onup>
					<ondown>901</ondown>
				</control>
				<control type="button" id="102">
					<label>+</label>
					<width>40</width>
					<onup>-</onup>
					<ondown>901</ondown>
					<onleft>11</onleft>
					<onright>103</onright>
					<onclick>IncreaseRating</onclick>
					<include>dialog_Button</include>
				</control>
				<control type="button" id="103">
					<posx>50</posx>
					<label>‒</label>
					<width>40</width>
					<onup>-</onup>
					<ondown>901</ondown>
					<onleft>102</onleft>
					<onright>13</onright>
					<onclick>DecreaseRating</onclick>
					<include>dialog_Button</include>
				</control>
				<control type="button" id="13">
					<description>get thumb</description>
					<posx>130</posx>
					<label>31019</label>
					<onleft>103</onleft>
					<onright>12</onright>
					<onup>-</onup>
					<ondown>901</ondown>
					<include>dialog_Button</include>
				</control>
				<control type="button" id="12">
					<description>album info</description>
					<posx>260</posx>
					<label>10523</label>
					<onleft>13</onleft>
					<onright>10</onright>
					<onup>-</onup>
					<ondown>901</ondown>
					<include>dialog_Button</include>
				</control>-->
				<control type="button" id ="10">
					<description>Ok</description>
					<posx>420</posx>
					<label>186</label>
					<onleft>12</onleft>
					<onright>11</onright>
					<onup>-</onup>
					<ondown>900</ondown>
					<include>dialog_Button</include>
				</control>
				<control type="button" id="11">
					<description>Cancel</description>
					<posx>550</posx>
					<label>222</label>
					<onleft>10</onleft>
					<onright>102</onright>
					<onup>-</onup>
					<ondown>900</ondown>
					<include>dialog_Button</include>
				</control>
			</control>
		</control>
	</controls>
</window>