﻿<window id="146">
	<defaultcontrol always="true">10000</defaultcontrol>
	<include>dialogOpen</include>
	<coordinates>
		<system>1</system>
		<posx>272</posx>
		<posy>60</posy>
	</coordinates>
	<controls>
		<control type="group">
			<visible>!Window.IsActive(yesnodialog) + !Window.IsActive(addonsettings)</visible>
			<control type="image">
				<width>737</width>
				<height>600</height>
				<include>dialogWindow</include>
			</control>
			<control type="label" id="1">
				<width>669</width>
				<label>$INFO[ListItem.Property(Addon.Name)]</label>
				<include>dialog_Windowtitle</include>
			</control>
			<control type="image">
				<posx>518</posx>
				<posy>74</posy>
				<height>201</height>
				<include>dialog_Separator-y</include>
			</control>
			<control type="image">
				<posx>519</posx>
				<posy>75</posy>
				<width>200</width>
				<height>200</height>
				<aspectratio>stretch</aspectratio>
				<texture fallback="thumbs/addon.png" background="true">$INFO[ListItem.Thumb]</texture>
			</control>			
			<control type="group">
				<posx>19</posx>
				<control type="image">
					<posy>74</posy>
					<width>700</width>
					<include>dialog_Separator</include>
				</control>
				<control type="image">
					<posy>114</posy>
					<width>500</width>
					<include>dialog_Separator</include>
				</control>
				<control type="image">
					<posy>154</posy>
					<width>500</width>
					<include>dialog_Separator</include>
				</control>
				<control type="image">
					<posy>194</posy>
					<width>500</width>
					<include>dialog_Separator</include>
				</control>
				<control type="image">
					<posy>234</posy>
					<width>500</width>
					<include>dialog_Separator</include>
				</control>
				<control type="image">
					<posy>275</posy>
					<width>700</width>
					<include>dialog_Separator</include>
				</control>
				<control type="group">
					<posy>73</posy>
					<!--type-->
					<control type="label">
						<width>500</width>
						<label>[B]$LOCALIZE[146,,:][/B] $INFO[ListItem.Property(Addon.Type)]</label>
						<include>dialog_Label</include>
					</control>
					<!--author-->
					<control type="label">
						<posy>40</posy>
						<width>500</width>
						<label>[B]$LOCALIZE[21863]:[/B] $INFO[ListItem.Property(Addon.Creator)]</label>
						<include>dialog_Label</include>
					</control>
					<!--version-->
					<control type="label">
						<posy>80</posy>
						<width>500</width>
						<label>[B]$LOCALIZE[24051][/B] $INFO[ListItem.Property(Addon.Version)]</label>
						<include>dialog_Label</include>
					</control>
					<!--rating-->
					<control type="label">
						<posy>120</posy>
						<width>500</width>
						<label>[B]$LOCALIZE[563]:[/B] $INFO[ListItem.Property(Addon.Rating)]</label>
						<include>dialog_Label</include>
					</control>
					<!--summary-->
					<control type="label">
						<posy>160</posy>
						<width>500</width>
						<label>[B]$LOCALIZE[24052]:[/B] $INFO[ListItem.Property(Addon.Disclaimer)]</label>
						<scroll>true</scroll>
						<include>dialog_Label</include>
					</control>
					<!--description-->
					<control type="group">
						<posx>15</posx>	
						<posy>213</posy>
						<control type="textbox" id="400">
							<width>660</width>
							<height>195</height>
							<label>$INFO[ListItem.Property(Addon.Description)]</label>
							<font>smallAlt</font>
							<include>dialog_Textbox</include>
							<visible>IsEmpty(ListItem.Property(Addon.broken))</visible>
						</control>
						<control type="textbox" id="400">
							<width>660</width>
							<height>145</height>
							<label>$INFO[ListItem.Property(Addon.Description)]</label>
							<font>smallAlt</font>
							<include>dialog_Textbox</include>
							<visible>!IsEmpty(ListItem.Property(Addon.broken))</visible>
						</control>
					</control>
				</control>
				<control type="image">
					<posy>505</posy>
					<width>700</width>
					<include>dialog_Separator</include>
				</control>
				<!--status-->
				<control type="group">
					<posy>438</posy>
					<visible>!IsEmpty(ListItem.Property(Addon.broken))</visible>
					<control type="image">
						<width>700</width>
						<include>dialog_Separator</include>
					</control>
					<control type="image">
						<posx>15</posx>
						<posy>9</posy>
						<width>48</width>
						<height>48</height>
						<texture>toast/error.png</texture>
						<colordiffuse>Color4</colordiffuse>
					</control>
					<control type="label">
						<posx>65</posx>
						<width>630</width>
						<label>[B]$LOCALIZE[24096][/B]</label>
						<include>dialog_Label</include>
					</control>
					<control type="label">
						<posx>65</posx>
						<posy>24</posy>
						<width>630</width>
						<label>$INFO[ListItem.Property(Addon.Broken)]</label>
						<include>dialog_Label</include>
					</control>
				</control>
			</control>
			<control type="group" id="10000">
				<posx>34</posx>
				<posy>525</posy>
				<!--uninstall-->
				<control type="button" id="6">
					<label>$LOCALIZE[24022]</label>
					<onleft>10</onleft>
					<onright>7</onright>
					<include>dialog_Button</include>
				</control>
				<!--disable-->
				<control type="button" id="7">
					<posx>133</posx>
					<label>$LOCALIZE[24021]</label>
					<onleft>6</onleft>
					<onright>9</onright>
					<include>dialog_Button</include>
				</control>
				<!--configure-->
				<control type="button" id="9">
					<posx>266</posx>
					<label>$LOCALIZE[24020]</label>
					<onleft>7</onleft>
					<onright>8</onright>
					<include>dialog_Button</include>
				</control>
				<!--update-->
				<control type="button" id="8">
					<posx>399</posx>
					<label>$LOCALIZE[24069]</label>
					<onleft>9</onleft>
					<onright>10</onright>
					<include>dialog_Button</include>
				</control>
				<!--changelog-->
				<control type="button" id="10">
					<posx>532</posx>
					<label>$LOCALIZE[24036]</label>
					<width>135</width>
					<onleft>8</onleft>
					<onright>6</onright>
					<include>dialog_Button</include>
				</control>
			</control>
		</control>
	</controls>
</window>