<window id="604">
	<defaultcontrol always="true">9003</defaultcontrol>
	<include>dialogOpen</include>
	<coordinates>
		<system>1</system>
		<posx>197</posx>
		<posy>75</posy>
	</coordinates>

	<controls>
		<control type="group">
			<visible>!Window.IsVisible(FileBrowser)</visible>
			<control type="group">
				<control type="image">
					<width>887</width>
					<height>570</height>
					<include>dialogWindow</include>
				</control>
				<control type="label" id="1">
					<description>heading label</description>
					<width>819</width>
					<scroll>true</scroll>
					<label>$LOCALIZE[19143]</label>
					<include>dialog_Windowtitle</include>
				</control>
				<control type="group">
					<posy>115</posy>
					<control type="image">
						<posx>19</posx>
						<width>849</width>
						<include>dialog_Separator</include>
					</control>
					<control type="image">
						<posx>294</posx>
						<height>360</height>
						<include>dialog_Separator-y</include>
					</control>
					<control type="image">
						<posx>569</posx>
						<height>360</height>
						<include>dialog_Separator-y</include>
					</control>
				</control>
				<control type="image">
					<posx>19</posx>
					<posy>474</posy>
					<width>849</width>
					<include>dialog_Separator</include>
				</control>
			
				<control type="group" id="9001">
					<control type="group" id="9002">
						<!--available groups-->
						<control type="group">
							<posy>75</posy>
							<control type="label">
								<posx>34</posx>
								<width>340</width>
								<height>40</height>
								<font>smallerCaps</font>
								<label>[B]$LOCALIZE[31902][/B]</label>
								<textcolor>Color4</textcolor>
							</control>
							<control type="list" id="13">
								<posx>19</posx>
								<posy>40</posy>
								<width>275</width>
								<height>360</height>
								<onleft>9003</onleft>
								<onright>11</onright>
								<onup>13</onup>
								<ondown>13</ondown>
								<scrolltime>200</scrolltime>
								<itemlayout height="40">
									<control type="image">
										<posy>0</posy>
										<width>612</width>
										<height>40</height>
										<texture>dialogs/list-nofocus.png</texture>
									</control>
									<control type="label">
										<width>573</width>
										<label>$INFO[ListItem.Label]</label>
										<include>dialog_CommonListItem</include>
									</control>
								</itemlayout>
								<focusedlayout height="40">
									<control type="image">
										<width>612</width>
										<height>40</height>
										<texture>dialogs/list-nofocus.png</texture>
									</control>
									<control type="image">
										<width>613</width>
										<height>40</height>
										<texture>dialogs/list-focus.png</texture>
										<visible>Control.HasFocus(13)</visible>
									</control>
									<control type="label">
										<width>573</width>
										<label>$INFO[ListItem.Label]</label>
										<include>dialog_CommonListItemFocus</include>
										<visible>Control.HasFocus(13)</visible>
									</control>
									<control type="label">
										<width>573</width>
										<label>$INFO[ListItem.Label]</label>
										<textcolor>Selected</textcolor>
										<include>dialog_CommonListItemFocus</include>
										<visible>!Control.HasFocus(13)</visible>
									</control>
								</focusedlayout>
							</control>
						</control>
						<!--hidden channels-->
						<control type="group">
							<posx>294</posx>
							<posy>75</posy>
							<control type="label">
								<posx>19</posx>
								<width>300</width>
								<height>40</height>
								<font>smallerCaps</font>
								<label>[B]$LOCALIZE[31903][/B]</label>
								<textcolor>Color4</textcolor>
							</control>
							<control type="list" id="11">
								<posy>40</posy>
								<width>275</width>
								<height>360</height>
								<onleft>13</onleft>
								<onright>12</onright>
								<onup>11</onup>
								<ondown>11</ondown>
								<scrolltime>200</scrolltime>
								<itemlayout height="40">
									<control type="image">
										<posy>0</posy>
										<width>612</width>
										<height>40</height>
										<texture>dialogs/list-nofocus.png</texture>
									</control>
									<control type="label">
										<width>573</width>
										<label>[B]$INFO[ListItem.ChannelNumber,, ][/B]$INFO[ListItem.ChannelName]</label>
										<include>dialog_CommonListItem</include>
									</control>
								</itemlayout>
								<focusedlayout height="40">
									<control type="image">
										<width>612</width>
										<height>40</height>
										<texture>dialogs/list-nofocus.png</texture>
									</control>
									<control type="image">
										<width>613</width>
										<height>40</height>
										<texture>dialogs/list-focus.png</texture>
										<visible>Control.HasFocus(11)</visible>
									</control>
									<control type="label">
										<width>573</width>
										<label>[B]$INFO[ListItem.ChannelNumber,, ][/B]$INFO[ListItem.ChannelName]</label>
										<include>dialog_CommonListItemFocus</include>
										<visible>Control.HasFocus(11)</visible>
									</control>
									<control type="label">
										<width>573</width>
										<label>[B]$INFO[ListItem.ChannelNumber,, ][/B]$INFO[ListItem.ChannelName]</label>
										<textcolor>Selected</textcolor>
										<include>dialog_CommonListItemFocus</include>
										<visible>!Control.HasFocus(11)</visible>
									</control>
								</focusedlayout>
							</control>
						</control>
						<!--grouped channels-->
						<control type="group">
							<posx>569</posx>
							<posy>75</posy>
							<control type="label">
								<posx>19</posx>
								<width>300</width>
								<height>40</height>
								<font>smallerCaps</font>
								<label>[B]$INFO[Control.GetLabel(20)][/B]</label>
								<textcolor>Color4</textcolor>
							</control>
							<control type="list" id="12">
								<posy>40</posy>
								<width>300</width>
								<height>359</height>
								<onleft>11</onleft>
								<onright>9003</onright>
								<onup>12</onup>
								<ondown>12</ondown>
								<scrolltime>200</scrolltime>
								<itemlayout height="40">
									<control type="image">
										<posy>0</posy>
										<width>612</width>
										<height>40</height>
										<texture>dialogs/list-nofocus.png</texture>
									</control>
									<control type="label">
										<width>573</width>
										<label>[B]$INFO[ListItem.ChannelNumber,,  ][/B]$INFO[ListItem.ChannelName]</label>
										<include>dialog_CommonListItem</include>
									</control>
								</itemlayout>
								<focusedlayout height="40">
									<control type="image">
										<width>612</width>
										<height>40</height>
										<texture>dialogs/list-nofocus.png</texture>
									</control>
									<control type="image">
										<width>613</width>
										<height>40</height>
										<texture>dialogs/list-focus.png</texture>
										<visible>Control.HasFocus(12)</visible>
									</control>
									<control type="label">
										<width>573</width>
										<label>[B]$INFO[ListItem.ChannelNumber,,  ][/B]$INFO[ListItem.ChannelName]</label>
										<include>dialog_CommonListItemFocus</include>
										<visible>Control.HasFocus(12)</visible>
									</control>
									<control type="label">
										<width>573</width>
										<label>[B]$INFO[ListItem.ChannelNumber,,  ][/B]$INFO[ListItem.ChannelName]</label>
										<textcolor>Selected</textcolor>
										<include>dialog_CommonListItemFocus</include>
										<visible>!Control.HasFocus(12)</visible>
									</control>
								</focusedlayout>
							</control>
						</control>
					</control>
				</control>
				
				<control type="grouplist" id="9003">
					<posx>114</posx>
					<posy>493</posy>
					<itemgap>10</itemgap>
					<onup>9001</onup>
					<ondown>9001</ondown>
					<orientation>horizontal</orientation>
					<!--add group-->
					<control type="button" id="26">
						<label>$LOCALIZE[31982]</label>
						<onleft>7</onleft>
						<onright>6</onright>
						<onup>9001</onup>
						<ondown>6000</ondown>
						<width>160</width>
						<include>dialog_Button</include>
					</control>
					<!--rename group-->
					<control type="button" id="27">
						<label>$LOCALIZE[31983]</label>
						<onleft>5</onleft>
						<onright>7</onright>
						<onup>9001</onup>
						<ondown>6000</ondown>
						<width>160</width>
						<include>dialog_Button</include>
					</control>
					<!--delete group-->
					<control type="button" id="28">
						<label>$LOCALIZE[31984]</label>
						<onleft>6</onleft>
						<onright>5</onright>
						<onup>9001</onup>
						<ondown>6000</ondown>
						<width>160</width>
						<include>dialog_Button</include>
					</control>
					<!--ok-->
					<control type="button" id="29">
						<label>$LOCALIZE[186]</label>
						<onleft>6</onleft>
						<onright>5</onright>
						<onup>9001</onup>
						<ondown>6000</ondown>
						<width>160</width>
						<include>dialog_Button</include>
					</control>
				</control>
			</control>
		</control>
		<!--groups name label-->
		<control type="label" id="20">
			<visible>false</visible>
		</control>
	</controls>
</window>