﻿<window id="106">
	<defaultcontrol>1000</defaultcontrol>
	<include>dialogOpen</include>
	<coordinates>
		<system>1</system>
		<posx>0</posx>
		<posy>0</posy>
		<origin x="455" y="100" />
	</coordinates>
	<controls>
		<control type="image" id="997">
			<description>background top image</description>
			<posy>-30</posy>
			<width>370</width>
			<height>30</height>
			<texture border="29,29,29,0">dialogs/contextmenu-top.png</texture>
		</control>
		<control type="image" id="999">
			<description>background image</description>
			<posx>-1</posx>
			<width>371</width>
			<texture border="29">dialogs/contextmenu-center.png</texture>
		</control>
		<control type="image" id="998">
			<description>background bottom image</description>
			<posx>-1</posx>
			<posy>45</posy>
			<width>371</width>
			<height>30</height>
			<texture border="45,0,45,0">dialogs/contextmenu-bottom.png</texture>
		</control>
		<control type="image">
			<posx>18</posx>
			<width>335</width>
			<include>dialog_Separator</include>
		</control>
		<control type="button" id="1000">
			<description>button template</description>
			<posx>18</posx>
			<width>335</width>
			<include>dialog_Button-list</include>
		</control>
	</controls>
</window>