﻿<includes>
	<include name="HomeMenu">
		<control type="list" id="9000">
			<posy>20</posy>
			<width>1000</width>
			<height>700</height>
			<onup>9000</onup>
			<ondown>9000</ondown>
			<onright>8001</onright>
			<onleft>6000</onleft>
			<orientation>vertical</orientation>
			<scrolltime tween="Cubic" easing="Out">400</scrolltime>
			<visible allowhiddenfocus="true">![ControlGroup(1100).HasFocus() | ControlGroup(4000).HasFocus() | ControlGroup(2100).HasFocus()]</visible>	
			<!--
			<animation effect="slide" start="0" end="250" time="200" tween="cubic" easing="in" condition="Control.HasFocus(6000)">Conditional</animation>
			-->
			<include>transition_HomeMenu</include>
			<include>homeMenusLayout</include>
			<content>
				<!--videos-->
				<item id="1">
					<label>$LOCALIZE[3]</label>
					<onclick>SetFocus(1110)</onclick>
					<visible>!Skin.HasSetting(homemenu.flat) + !Skin.HasSetting(homemenu.videos)</visible>
				</item>
				<item id="2">
					<label>$LOCALIZE[3]</label>
					<onclick>ActivateWindow(Videos,Files)</onclick>
					<visible>Skin.HasSetting(homemenu.flat) + !Skin.HasSetting(homemenu.videos)</visible>
				</item>
				<!--movies-->
				<item id="3">
					<label>$LOCALIZE[342]</label>
					<onclick>SetFocus(1200)</onclick>
					<visible>!Skin.HasSetting(homemenu.flat) + Library.HasContent(movies)</visible>
				</item>
				<item id="4">
					<label>$LOCALIZE[342]</label>
					<onclick>ActivateWindow(MyVideoLibrary,movietitles)</onclick>
					<visible>Skin.HasSetting(homemenu.flat) + Library.HasContent(movies)</visible>
				</item>
				<!--tv shows-->
				<item id="5">
					<label>$LOCALIZE[20343]</label>
					<onclick>SetFocus(1210)</onclick>
					<visible>!Skin.HasSetting(homemenu.flat) + Library.HasContent(tvshows)</visible>
				</item>
				<item id="6">
					<label>$LOCALIZE[20343]</label>
					<onclick>ActivateWindow(MyVideoLibrary,tvshowtitles)</onclick>
					<visible>Skin.HasSetting(homemenu.flat) + Library.HasContent(tvshows)</visible>
				</item>
				<!--live tv-->
				<item id="7">
					<label>$LOCALIZE[31090]</label>
					<onclick>SetFocus(1120)</onclick>
					<visible>system.getbool(pvrmanager.enabled) + !Skin.HasSetting(homemenu.flat)</visible>
				</item>
				<item id="8">
					<label>$LOCALIZE[31090]</label>
					<onclick>ActivateWindow(600)</onclick>
					<visible>system.getbool(pvrmanager.enabled) + Skin.HasSetting(homemenu.flat)</visible>
				</item>
				<!--music-->
				<item id="9">
					<label>$LOCALIZE[2]</label>
					<onclick>SetFocus(1130)</onclick>
					<visible>!Skin.HasSetting(homemenu.music) + !Skin.HasSetting(homemenu.flat)</visible>
				</item>
				<item id="10">
					<label>$LOCALIZE[2]</label>
					<onclick>ActivateWindow(MyMusicLibrary)</onclick>
					<visible>!Skin.HasSetting(homemenu.music) + Skin.HasSetting(homemenu.flat)</visible>
				</item>
				<!--pictures-->
				<item id="11">
					<label>$LOCALIZE[1]</label>
					<onclick>SetFocus(1140)</onclick>
					<visible>!Skin.HasSetting(homemenu.pictures) + !Skin.HasSetting(homemenu.flat)</visible>
				</item>
				<item id="12">
					<label>$LOCALIZE[1]</label>
					<onclick>ActivateWindow(2)</onclick>
					<visible>!Skin.HasSetting(homemenu.pictures) + Skin.HasSetting(homemenu.flat)</visible>
				</item>
				<!--addons-->
				<item id="13">
					<label>$LOCALIZE[24001]</label>
					<onclick>SetFocus(1150)</onclick>
					<visible>!Skin.HasSetting(homemenu.addons) + !Skin.HasSetting(homemenu.flat)</visible>-
				</item>
				<item id="14">
					<label>$LOCALIZE[24001]</label>
					<onclick>ActivateWindow(addonbrowser,addons://all/)</onclick>
					<visible>!Skin.HasSetting(homemenu.addons) + Skin.HasSetting(homemenu.flat)</visible>-
				</item>
				<!--system-->
				<item id="15">
					<label>$LOCALIZE[13000]</label>
					<onclick>SetFocus(1160)</onclick>
					<visible>!Skin.HasSetting(homemenu.flat)</visible>
				</item>
				<item id="16">
					<label>$LOCALIZE[5]</label>
					<onclick>ActivateWindow(settings)</onclick>
					<visible>Skin.HasSetting(homemenu.flat)</visible>
				</item>
				<!--weather-->
				<item id="17">
					<label>$LOCALIZE[8]</label>
					<label2>$INFO[Weather.Conditions], $INFO[Weather.Temperature]</label2>
					<onclick>ActivateWindow(weather)</onclick>
					<visible>Weather.IsFetched + Skin.HasSetting(homemenu.weather)</visible>
				</item>
				<!--favourites-->
				<item id="18">
					<label>$LOCALIZE[1036]</label>
					<onclick>ActivateWindow(Favourites)</onclick>
					<visible>!Skin.HasSetting(homemenu.favourites)</visible>
				</item>
				<!--disc-->
				<item id="19">
					<label>$LOCALIZE[427]</label>
					<onclick>SetFocus(1180)</onclick>
					<visible>System.HasMediadvd + Skin.HasSetting(homemenu.disc)</visible>
				</item>
				<!--
				<item id="13">
					<label>$LOCALIZE[13012]</label>
					<onclick>SetFocus(1170)</onclick>
					<visible>!Skin.HasSetting(homemenu.exit)</visible>
				</item>
				-->
				<item id="21">
					<label>$LOCALIZE[13350]</label>
					<onclick>ActivateWindow(musicplaylist)</onclick>
					<label2>$INFO[MusicPlayer.Artist]-$INFO[MusicPlayer.Title]</label2>
					<visible>Player.HasAudio + !Skin.HasSetting(homemenu.playing)</visible>
				</item>
				<item id="22">
					<label>$LOCALIZE[13350]</label>
					<onclick>ActivateWindow(videoplaylist)</onclick>
					<visible>Player.HasVideo + !Skin.HasSetting(homemenu.playing)</visible>
					<label2>$INFO[VideoPlayer.TVShowTitle,,: ]$INFO[VideoPlayer.Artist,, - ]$INFO[VideoPlayer.Title]</label2>
				</item>
			</content>
		</control>
		<include>homeSubMenu</include>
		
		
		
		<!--
		
		<control type="fixedlist" id="6000">
			<posx>-240</posx>
			<posy>0</posy>
			<width>600</width>
			<height>720</height>
			<visible>true</visible>
			<onup>6000</onup>
			<ondown>6000</ondown>
			<onleft>1</onleft>
			<onright>9000</onright>
			<orientation>vertical</orientation>
			<pagecontrol>25</pagecontrol>
			<scrolltime>200</scrolltime>
			<focusposition>1</focusposition>
			
			<animation effect="slide" start="0" end="240" time="200" tween="cubic" easing="in" condition="Control.HasFocus(6000)">Conditional</animation>
			
			<itemlayout width="250" height="180">
				<control type="image">
					<posx>7</posx>
					<posy>7</posy>
					<width>250</width>
					<height>141</height>
					<texture>$INFO[ListItem.Icon]</texture>
				</control>
				<control type="label">
					<posx>30</posx>
					<posy>3</posy>
					<width>430</width>
					<height>22</height>
					<font>font13</font>
					<aligny>center</aligny>
					<selectedcolor>green</selectedcolor>
					<align>left</align>
					<info>ListItem.Label</info>
				</control>
				</itemlayout>
			<focusedlayout width="250" height="180">
				<control type="image">
					<width>264</width>
					<height>155</height>
					<texture border="10">views/list-focus-bigAlt.png</texture>
				</control>
				<control type="image">
					<posx>7</posx>
					<posy>7</posy>
					<width>250</width>
					<height>141</height>
					<texture>$INFO[ListItem.Icon]</texture>
				</control>
				<control type="label">
					<posx>30</posx>
					<posy>3</posy>
					<width>430</width>
					<height>22</height>
					<font>font13</font>
					<aligny>center</aligny>
					<selectedcolor>green</selectedcolor>
					<align>left</align>
					<info>ListItem.Label</info>
				</control>
			</focusedlayout>
			<content>
				<item id="1">
					<label>$INFO[Window.Property(LatestMovie.1.Title)]</label>
					<label2></label2>
					<onclick>PlayMedia($INFO[Window.Property(LatestMovie.1.Path)])</onclick>
					<icon>$INFO[Window.Property(LatestMovie.1.Fanart)]</icon>
					<thumb>-</thumb>
				</item>
				<item id="2">
					<label>$INFO[Window.Property(LatestMovie.2.Title)]</label>
					<label2></label2>
					<onclick>PlayMedia($INFO[Window.Property(LatestMovie.2.Path)])</onclick>
					<icon>$INFO[Window.Property(LatestMovie.2.Fanart)]</icon>
					<thumb>-</thumb>
				</item>
				<item id="3">
					<label>$INFO[Window.Property(LatestMovie.3.Title)]</label>
					<label2></label2>
					<onclick>PlayMedia($INFO[Window.Property(LatestMovie.3.Path)])</onclick>
					<icon>$INFO[Window.Property(LatestMovie.3.Fanart)]</icon>
					<thumb>-</thumb>
				</item>
				<item id="4">
					<label>$INFO[Window.Property(LatestMovie.4.Title)]</label>
					<label2></label2>
					<onclick>PlayMedia($INFO[Window.Property(LatestMovie.4.Path)])</onclick>
					<icon>$INFO[Window.Property(LatestMovie.4.Fanart)]</icon>
					<thumb>-</thumb>
				</item>
				<item id="5">
					<label>$INFO[Window.Property(LatestMovie.5.Title)]</label>
					<label2></label2>
					<onclick>PlayMedia($INFO[Window.Property(LatestMovie.5.Path)])</onclick>
					<icon>$INFO[Window.Property(LatestMovie.5.Fanart)]</icon>
					<thumb>-</thumb>
				</item>
				<item id="6">
					<label>$INFO[Window.Property(LatestMovie.6.Title)]</label>
					<label2></label2>
					<onclick>PlayMedia($INFO[Window.Property(LatestMovie.6.Path)])</onclick>
					<icon>$INFO[Window.Property(LatestMovie.6.Fanart)]</icon>
					<thumb>-</thumb>
				</item>
			</content>
		</control>
			-->
	</include>
</includes>