﻿<includes>
<!---RESOLUTION------>
	<include name="flag_Res">
		<texture>$INFO[Listitem.VideoResolution,flags/video/resolution/,.png]</texture>
		<visible>!IsEmpty(Listitem.VideoResolution)</visible>
	</include>
	<include name="flag_Res-play">
		<texture>$INFO[Listitem.VideoResolution,flags/video/resolution/,.png]</texture>
		<colordiffuse>Color4</colordiffuse>
	</include>
	<include name="flag_HD">
		<texture>flags/video/HD/HD.png</texture>
		<visible>stringcompare(Listitem.VideoResolution,720) | stringcompare(Listitem.VideoResolution,1080)</visible>
	</include>
	<include name="flag_HD-play">
		<texture>flags/video/HD/HD.png</texture>
		<visible>stringcompare(VideoPlayer.VideoResolution,720) | stringcompare(VideoPlayer.VideoResolution,1080)</visible>
	</include>

<!---AUDIO CHANNELS------>
	<include name="flag_Audio">
		<texture>$INFO[Listitem.AudioChannels,flags/audio/,.png]</texture>
		<visible>!IsEmpty(Listitem.AudioChannels)</visible>
	</include>

<!---CODEC------>
	<include name="flag_VideoCodec-play">
		<width>128</width>
		<height>64</height>
		<texture>$INFO[VideoPlayer.VideoCodec,flags/codec/,.png]</texture>
	</include>
	<include name="flag_AudioCodec-play">
		<width>128</width>
		<height>64</height>
		<texture>$INFO[VideoPlayer.AudioCodec,flags/codec/,.png]</texture>
	</include>

<!---STUDIO------>
	<include name="flag_Studio">
		<width>128</width>
		<height>64</height>
		<texture>$INFO[Listitem.studio,flags/studios/,.png]</texture>
	</include>
	<include name="flag_Studio-play">
		<width>128</width>
		<height>64</height>
		<texture>$INFO[VideoPlayer.studio,flags/studios/,.png]</texture>
	</include>

<!---NETWORK------>	
	<include name="flag_Network">
		<texture>$INFO[Listitem.studio,flags/networks/,.png]</texture>
		<width>128</width>
		<height>64</height>
		<visible>!IsEmpty(ListItem.Title)</visible>
	</include>
	<include name="flag_Network-mono">
		<texture>$INFO[Listitem.studio,flags/networks/mono/,.png]</texture>
		<width>128</width>
		<height>64</height>
		<visible>!IsEmpty(ListItem.Title)</visible>
	</include>
	<include name="flag_Network-play">
		<width>128</width>
		<height>64</height>
		<texture fallback="flags/default.png">$INFO[VideoPlayer.studio,flags/networks/,.png]</texture>
	</include>

<!---LABEL------>
	<include name="flag_Label">
		<width>128</width>
		<height>64</height>
		<texture>$INFO[Listitem.Property(Album_Label),flags/labels/,.png]</texture>
	</include>
	<include name="flag_Label-play">
		<width>128</width>
		<height>64</height>
		<texture>$INFO[VideoPlayer.studio,flags/labels/,.png]</texture>
		<colordiffuse>Color1</colordiffuse>
	</include>
	<include name="flag_Label-video">
		<width>128</width>
		<height>64</height>
		<texture>$INFO[Listitem.Studio,flags/labels/,.png]</texture>
	</include>
	<include name="flag_Label-audio">
		<width>128</width>
		<height>64</height>
		<texture>$INFO[MusicPlayer.Property(Album_Label),flags/labels/,.png]</texture>
	</include>

<!--- PVR ---------------------------------------->
	<include name="flag_Channel">
		<width>128</width>
		<height>64</height>
		<texture>$INFO[Listitem.ChannelName,flags/networks/,.png]</texture>
		<aspectratio align="right">keep</aspectratio>
	</include>
	<include name="flag_Channel-play">
		<width>128</width>
		<height>64</height>
		<texture fallback="flags/networks/default.png">$INFO[VideoPlayer.ChannelName,flags/networks/,.png]</texture>
	</include>
	<include name="flag_Channel-mono-play">
		<texture fallback="flags/networks/default.png">$INFO[VideoPlayer.ChannelName,flags/mono/networks/,.png]</texture>
	</include>

<!--- GROUPS ---------------------------------------->
	<!--flags52-->
	<include name="flags_Slide-media">
		<control type="grouplist">
			<posx>222</posx>
			<posy>660</posy>
			<width>900</width>
			<height>64</height>
			<itemgap>10</itemgap>
			<orientation>horizontal</orientation>
			<visible>Control.IsVisible(52) | Control.IsVisible(521)</visible>
			<control type="image">
				<width>128</width>
				<height>32</height>
				<info>ListItem.StarRating</info>
				<aspectratio align="center">keep</aspectratio>
				<visible>![Window.IsVisible(VideoFiles) | Container.Content(seasons) | Container.Content(musicvideos) | [ListItem.IsFolder + !Container.Content(tvshows)]] + IsEmpty(ListItem.Property(ReleaseDate)) + !SubString(ListItem.Icon,default)</visible>
			</control>
			<control type="image">
				<width>96</width>
				<height>34</height>
				<aspectratio align="center">keep</aspectratio>
				<include>flag_Res</include>
				<visible>!Container.Content(tvshows) + IsEmpty(ListItem.Property(ReleaseDate)) + !ListItem.IsFolder</visible>
			</control>
			<control type="image">
				<width>53</width>
				<height>34</height>
				<aspectratio align="center">keep</aspectratio>
				<include>flag_Audio</include>
				<visible>!Container.Content(tvshows) + IsEmpty(ListItem.Property(ReleaseDate)) + !ListItem.IsFolder</visible>
			</control>
		</control>
	</include>
	<include name="flags_Slide-studio">
		<control type="group">
			<posx>60</posx>
			<posy>459</posy>
			<control type="image">
				<aspectratio align="right">keep</aspectratio>
				<include>flag_Studio</include>
				<visible>Container.Content(movies)</visible>
			</control>
			<control type="image">
				<aspectratio align="right">keep</aspectratio>
				<include>flag_Network</include>
				<visible>Container.Content(tvshows) | Container.Content(seasons) | Container.Content(episodes)</visible>
			</control>
			<control type="image">
				<aspectratio align="right">keep</aspectratio>
				<include>flag_Label-video</include>
				<visible>Container.Content(musicvideos)</visible>
			</control>
			<control type="image">
				<aspectratio align="right">keep</aspectratio>
				<include>flag_Label</include>
				<visible>Window.IsVisible(musiclibrary)</visible>
			</control>
		</control>
	</include>
	<include name="flags_Thumbnails-studio">
		<control type="group">
			<posx>235r</posx>
			<posy>630</posy>
			<control type="image">
				<width>128</width>
				<height>64</height>
				<aspectratio align="right">keep</aspectratio>
				<include>flag_Studio</include>
				<visible>Container.Content(movies)</visible>
			</control>
			<control type="image">
				<width>128</width>
				<height>64</height>
				<aspectratio align="right">keep</aspectratio>
				<include>flag_Network</include>
				<visible>Container.Content(tvshows) | Container.Content(seasons)</visible>
			</control>
			<control type="image">
				<posx>50</posx>
				<width>128</width>
				<height>64</height>
				<aspectratio align="right">keep</aspectratio>
				<include>flag_Label</include>
			</control>
		</control>
	</include>
	<include name="flags_Gallery-studio">
		<control type="group">
			<posx>105</posx>
			<posy>590</posy>
			<control type="image">
				<width>128</width>
				<height>64</height>
				<aspectratio align="right">keep</aspectratio>
				<include>flag_Studio</include>
				<visible>Container.Content(movies)</visible>
			</control>
			<control type="image">
				<width>128</width>
				<height>64</height>
				<aspectratio align="right">keep</aspectratio>
				<include>flag_Network</include>
				<visible>Container.Content(tvshows)</visible>
			</control>
		</control>
	</include>
	<include name="flags_Type-info">
		<control type="grouplist" id="100">
			<width>900</width>
			<height>64</height>
			<itemgap>15</itemgap>
			<orientation>horizontal</orientation>
			<control type="image">
				<width>96</width>
				<height>64</height>
				<texture>$INFO[Listitem.VideoResolution,flags/video/resolution/,.png]</texture>
				<aspectratio align="center">keep</aspectratio>
				<visible>[Container.Content(movies) | Container.Content(episodes) | Container.Content(musicvideos)] + !IsEmpty(Listitem.VideoResolution)</visible>
			</control>
			<control type="image">
				<width>96</width>
				<height>64</height>
				<texture>$INFO[Listitem.VideoCodec,flags/codec/,.png]</texture>
				<aspectratio align="center">keep</aspectratio>
				<visible>[Container.Content(movies) | Container.Content(episodes) | Container.Content(musicvideos)] + !IsEmpty(Listitem.VideoCodec)</visible>
			</control>
			<control type="image">
				<width>96</width>
				<height>64</height>
				<texture>$INFO[Listitem.AudioCodec,flags/codec/,.png]</texture>
				<aspectratio align="center">keep</aspectratio>
				<visible>[Container.Content(movies) | Container.Content(episodes) | Container.Content(musicvideos)] + !IsEmpty(Listitem.AudioCodec)</visible>
			</control>
			<control type="image">
				<width>96</width>
				<height>64</height>
				<texture>$INFO[Listitem.VideoAspect,flags/video/aspectratio/,.png]</texture>
				<aspectratio align="center">keep</aspectratio>
				<visible>[Container.Content(movies) | Container.Content(episodes) | Container.Content(musicvideos)] + !IsEmpty(Listitem.VideoAspect)</visible>
			</control>
			<control type="image">
				<width>96</width>
				<height>64</height>
				<texture>$INFO[Listitem.studio,flags/studios/,.png]</texture>
				<aspectratio align="center">keep</aspectratio>
				<visible>Container.Content(movies)</visible>
			</control>
			<control type="image">
				<width>128</width>
				<height>72</height>
				<texture>$INFO[Listitem.studio,flags/networks/,.png]</texture>
				<aspectratio align="center">keep</aspectratio>
				<visible>Container.Content(tvshows)</visible>
			</control>
			<control type="image">
				<width>96</width>
				<height>64</height>
				<texture>$INFO[Listitem.studio,flags/networks/,.png]</texture>
				<aspectratio align="center">keep</aspectratio>
				<visible>Container.Content(episodes)</visible>
			</control>
			<control type="image">
				<width>96</width>
				<height>64</height>
				<texture>$INFO[Listitem.studio,flags/labels/,.png]</texture>
				<aspectratio align="center">keep</aspectratio>
			</control>
		</control>
	</include>
	<include name="flags_Label-info">
		<control type="grouplist" id="100">
			<itemgap>20</itemgap>
			<orientation>vertical</orientation>
			<control type="image">
				<width>128</width>
				<height>72</height>
				<aspectratio align="center">keep</aspectratio>
				<colordiffuse>Color1</colordiffuse>
				<texture>$INFO[Listitem.Property(Album_Label),flags/labels/,.png]</texture>
				<visible>!IsEmpty(Listitem.Property(Album_Label))</visible>
			</control>
			<control type="image">
				<width>128</width>
				<height>32</height>
				<info>ListItem.StarRating</info>
				<colordiffuse>Color7</colordiffuse>
				<aspectratio align="center">keep</aspectratio>
				<visible>Container.Content(albums)</visible>
			</control>
		</control>
	</include>
	<include name="flags_PVR">
		<control type="image">
			<width>128</width>
			<height>64</height>
			<aspectratio align="right">keep</aspectratio>
			<include>flag_Channel</include>
		</control>
		<control type="image">
			<width>128</width>
			<height>64</height>
			<aspectratio align="right">keep</aspectratio>
			<texture>$INFO[Listitem.Icon]</texture>
			<visible>stringcompare(Listitem.ChannelName,flags/networks/,.png)</visible>
		</control>
	</include>
</includes>