﻿<includes>
	<include file="Defaults.xml" />
	<include file="HomeMenu.xml" />
	<include file="HomeMenu2.xml" />
	<include file="HomeSubMenu.xml" />
	<include file="MenuFiles.xml" />
	<include file="MenuInfo.xml" />
	<include file="MenuLibrary.xml" />
	<include file="MenuPlaylist.xml" />
	<include file="MenuWeather.xml" />
	<include file="MenuTV.xml" />
	<include file="IncludesBackgrounds.xml" />
	<include file="IncludesFlags.xml" />
	<include file="IncludesHome.xml" />
	<include file="IncludesPageLabels.xml" />
	<include file="IncludesAnimations.xml" />
	<include file="IncludesDialogs.xml" />
	<include file="IncludesPageControl.xml" />
	<include file="IncludesPlayerControl.xml" />
	<include file="IncludesWeather.xml" />
	<include file="ViewIcon.xml" />
	<include file="ViewList.xml" />
	<include file="ViewSlide.xml" />
	<include file="ViewBanner.xml" />
	<include file="ViewGallery.xml" />
	<include file="ViewsTV.xml" />
	<include file="weather+\Current.xml" />
	<include file="weather+\Default.xml" />
	<include file="weather+\10Day.xml" />
	<include file="weather+\36Hour.xml" />
	<include file="weather+\Weekend.xml" />
	<include file="weather+\Hourly.xml" />
	<include file="weather+\Maps.xml" />
	<include file="weather+\Alerts.xml" />
	
<!---CONSTANTS------>
	<constant name="screen_Width">1280</constant>
	<constant name="screen_Height">720</constant>
	<constant name="screen_Center">640,360</constant>
	<constant name="fadetime_Thumb">300</constant>
	<constant name="fadetime_Fanart">300</constant>
	<constant name="fadetime_Slideshow">1200</constant>
	<constant name="transition_Open">350</constant>
	<constant name="transition_Close">250</constant>
	<constant name="slideshow_Timer">10000</constant>
	
<!---GLOBAL------>
	<include name="screen_Dimensions">
		<width>1280</width>
		<height>720</height>
		<aspectratio>scale</aspectratio>
	</include>
	<include name="global_Includes">
		<include>global_Clock</include>
		<include>global_Sortletter</include>
		<include>global_Itemcount</include>	
		<include>global_Devmode</include>
	</include>

	<include name="global_Itemcount">
		<control type="label">
			<posx>38</posx>
			<posy>58</posy>
			<width>500</width>
			<label>[UPPERCASE][B]$INFO[Container.NumItems][/B] $LOCALIZE[31116], $LOCALIZE[31117] $INFO[Container.SortMethod][/UPPERCASE]</label>
			<font>smallerCaps</font>
			<textcolor>Color3</textcolor>
			<include>transition_PageLabel</include>
			<visible>Skin.HasSetting(numitems.enable) + [Window.IsActive(programs) | Window.IsActive(pictures) | Window.IsActive(musiclibrary) | Window.IsActive(musicfiles) | Window.IsActive(videolibrary) | Window.IsActive(videoplaylist) | Window.IsActive(addonbrowser) | Window.IsActive(musicplaylist)] + ![Window.IsActive(movieinformation) | Window.IsActive(musicinformation)]</visible>
		</control>
	</include>
	<include name="global_Sortletter">
		<control type="label" id="9900">
			<posx>34</posx>
			<posy>20</posy>
			<width>950</width>
			<aligny>center</aligny>
			<font>pagelabel</font>
			<textcolor>Color1</textcolor>
			<label>[B]$INFO[ListItem.SortLetter][/B]</label>
			<visible>Skin.HasSetting(sortletter.enable) + Container.Scrolling + [StringCompare(Container.SortMethod,$LOCALIZE[551]) | StringCompare(Container.SortMethod,$LOCALIZE[561]) | StringCompare(Container.SortMethod,$LOCALIZE[558]) | StringCompare(Container.SortMethod,$LOCALIZE[557]) | StringCompare(Container.SortMethod,$LOCALIZE[556])]</visible>
		</control>
	</include>
	<include name="global_Devmode">
		<control type="label">
			<posx>0</posx>
			<posy>22r</posy>
			<width>1280</width>
			<align>left</align>
			<label>$INFO[Window.Property(xmlfile)] • $INFO[Container.FolderPath] • $INFO[Container.FolderName] • $INFO[System.BuildVersion] • $INFO[System.BuildDate] • $INFO[System.ScreenResolution]</label>
			<font>smallerCaps</font>
			<textcolor>yellow</textcolor>
			<visible>Skin.HasSetting(dev.enable)</visible>
		</control>
		<control type="image">
			<texture>overlays/debuggrid720.png</texture>
			<colordiffuse>Color1</colordiffuse>
			<include>screen_Dimensions</include>
			<animation effect="fade" end="40" condition="true">Conditional</animation>
			<visible>Skin.HasSetting(dev.enable)</visible>
		</control>
	</include>
	<include name="global_Clock">
		<control type="group">
			<animation type="Conditional" condition="Player.Muted | !IntegerGreaterThan(Player.Volume,0)">
				<effect type="slide" time="200" start="0" end="-50" tween="Cubic" easing="Out" />
			</animation>
			<visible>![Player.HasMedia + !Skin.HasSetting(overlay.enable)] + ![Control.IsVisible(56)] + ![Window.IsActive(videoscan) | Window.IsActive(musicscan) | Window.IsActive(infodialog) | Window.IsActive(2004) | Window.IsActive(weather) | Window.IsActive(614)] + ![Window.IsActive(pictures) + Control.IsVisible(52)] | Window.IsActive(videoplaylist)</visible>
			<control type="label" id="200">
				<posx>25r</posx>
				<label>[B]$INFO[System.Time][/B]</label>
				<include>toast_Top</include>
				<visible>![substring(system.time,AM,right) | substring(system.time,PM,right)]</visible>
			</control>
			<control type="label" id="200">
				<posx>25r</posx>
				<label>[B]$INFO[System.Time(h),,:]$INFO[System.Time(mm)][/B]AM</label>
				<include>toast_Top</include>
				<visible>substring(system.time,AM,right)</visible>
			</control>
			<control type="label" id="200">
				<posx>25r</posx>
				<label>[B]$INFO[System.Time(h),,:]$INFO[System.Time(mm)][/B]PM</label>
				<include>toast_Top</include>
				<visible>substring(system.time,PM,right)</visible>
			</control>
			<control type="label" id="200">
				<posx>25r</posx>
				<label>[UPPERCASE]$INFO[System.Date(DDD)] $INFO[System.Date(d)] $INFO[System.Date(MMM)][/UPPERCASE]</label>
				<include>toast_Bottom</include>
			</control>
		</control>
	</include>
	<include name="clock">
		<control type="group">
			<animation type="Conditional" condition="Player.Muted | !IntegerGreaterThan(Player.Volume,-60)">
				<effect type="slide" time="0" start="0" end="-50" />
			</animation>
			<visible>!Window.IsActive(infodialog)</visible>
			<control type="label" id="200">
				<posx>25r</posx>
				<label>[B]$INFO[System.Time][/B]</label>
				<shadowcolor>black</shadowcolor>
				<include>toast_Top</include>
				<visible>![substring(system.time,AM,right) | substring(system.time,PM,right)]</visible>
			</control>
			<control type="label" id="200">
				<posx>25r</posx>
				<label>[B]$INFO[System.Time(h),,:]$INFO[System.Time(mm)][/B]AM</label>
				<shadowcolor>black</shadowcolor>
				<include>toast_Top</include>
				<visible>substring(system.time,AM,right)</visible>
			</control>
			<control type="label" id="200">
				<posx>25r</posx>
				<label>[B]$INFO[System.Time(h),,:]$INFO[System.Time(mm)][/B]PM</label>
				<shadowcolor>black</shadowcolor>
				<include>toast_Top</include>
				<visible>substring(system.time,PM,right)</visible>
			</control>
			<control type="label" id="200">
				<posx>25r</posx>
				<label>[UPPERCASE]$INFO[System.Date(DDD)] $INFO[System.Date(d)] $INFO[System.Date(MMM)][/UPPERCASE]</label>
				<textcolor>Color1</textcolor>
				<shadowcolor>black</shadowcolor>
				<include>toast_Bottom</include>
			</control>
		</control>
	</include>

<!--- NAVIGATION ------>
	<include name="nav_Indicator">
		<control type="group" id="6100">
			<posx>20</posx>
			<posy>24</posy>
			<visible>!Window.IsActive(busydialog) + Skin.HasSetting(indicator.enable) + !Skin.HasSetting(global.kiosk) + [Window.IsActive(programs) | Window.IsActive(weather) | Window.IsActive(musicplaylist) | Window.IsActive(videoplaylist) | Window.IsActive(addonbrowser) | Window.IsActive(videolibrary) | Window.IsActive(musiclibrary) | Window.IsActive(musicfiles) | Window.IsActive(pictures) | Window.IsActive(600)] + !Control.IsVisible(9900)</visible>
			<animation effect="slide" end="0,-3" condition="Skin.HasSetting(numitems.enable)">Conditional</animation>
			<include>transition_Indicator</include>
			<control type="image">
				<width>32</width>
				<height>32</height>
				<texture>navigation/indicator_Left.png</texture>
				<visible>[Control.IsVisible(50) | Control.IsVisible(51) | Control.IsVisible(54) | Control.IsVisible(541) | Control.IsVisible(57) | Control.IsVisible(571) | Control.IsVisible(573) | Control.IsVisible(574) | Control.IsVisible(572) | Control.IsVisible(575) | Window.IsActive(weather) | Window.IsActive(600)] + ![Window.IsActive(movieinformation) | Window.IsActive(musicinformation)]</visible>
				<animation effect="rotate" center="auto" start="0" end="-180" time="250" tween="Quadratic" condition="ControlGroup(6000).HasFocus">Conditional</animation>
			</control>
			<control type="image">
				<width>32</width>
				<height>32</height>
				<texture>navigation/indicator_Up.png</texture>
				<visible>[Control.IsVisible(52) | Control.IsVisible(521) | Control.IsVisible(522) | Control.IsVisible(53)] + ![Window.IsActive(movieinformation) | Window.IsActive(musicinformation)] + !Window.IsActive(weather)</visible>
				<animation effect="rotate" center="auto" start="0" end="-90" time="250" tween="Quadratic" condition="ControlGroup(6000).HasFocus">Conditional</animation>
			</control>
		</control>
	</include>
	<include name="nav_Indicator-info">
		<control type="group" id="6100">
			<posx>20</posx>
			<posy>24</posy>
			<visible>!Window.IsActive(busydialog) + Skin.HasSetting(indicator.enable) + !Skin.HasSetting(global.kiosk) + [Window.IsActive(movieinformation) | Window.IsActive(musicinformation)] + !Control.IsVisible(9900)</visible>
			<animation effect="slide" end="0,-3" condition="Skin.HasSetting(numitems.enable)">Conditional</animation>
			<include>transition_Indicator</include>
			<control type="image">
				<width>32</width>
				<height>32</height>
				<texture>navigation/indicator_Left.png</texture>
				<animation effect="rotate" center="auto" start="0" end="-180" time="250" tween="Quadratic" condition="ControlGroup(6000).HasFocus">Conditional</animation>
			</control>
		</control>
	</include>
	<include name="scrollbar_X">
		<showonepage>true</showonepage>
		<height>8</height>
		<texturesliderbackground border="8,1,8,1">views/scrollBackgroundHorizontal.png</texturesliderbackground>		
		<texturesliderbar border="10,1,10,1">views/scrollbarGripHorizontal.png</texturesliderbar>
		<texturesliderbarfocus border="10,1,10,1">views/scrollbarGripHorizontal-focus.png</texturesliderbarfocus>
		<textureslidernib border="1">-</textureslidernib>
		<textureslidernibfocus border="1">-</textureslidernibfocus>
	</include>
	<include name="screen_Separator">
		<posy>15</posy>
		<height>1192</height>
		<width>29</width>
		<texture>settings/separator.png</texture>
		<aspectratio align="right">stretch</aspectratio>
		<include>transition_Container</include>
	</include>
	
<!---LABELS------>
	<include name="label_Weather">
		<width>430</width>
		<height>40</height>
		<font>small</font>
		<textcolor>Color1</textcolor>
		<aligny>center</aligny>
	</include>
	<include name="label_Systeminfo">
		<width>800</width>
		<textcolor>Color7</textcolor>
		<align>left</align>
		<font>normal</font>
	</include>
	<include name="label_Small-caps">
		<height>20</height>
		<aligny>center</aligny>
		<font>smallCaps</font>
		<textcolor>Color2</textcolor>
	</include>
	<include name="label_Login">
		<width>300</width>
		<font>titleAlt</font>
		<align>center</align>
		<textcolor>Color1</textcolor>
	</include>

<!---LIST LABELS------>
	<include name="list_Label-single">
		<height>40</height>
		<font>list</font>
		<aligny>center</aligny>
		<textcolor>Color1</textcolor>
		<selectedcolor>Selected</selectedcolor>
		<scroll>false</scroll>
	</include>
	<!--listMenu-->
	<include name="list_Label">
		<height>40</height>
		<font>listBig</font>
		<aligny>center</aligny>
		<textcolor>Color1</textcolor>
		<selectedcolor>Selected</selectedcolor>
		<scroll>false</scroll>
	</include>
	<!--listMenuFocus-->
	<include name="list_Label-focus">
		<height>40</height>
		<font>listBig</font>
		<aligny>center</aligny>
		<textcolor>Focused</textcolor>
		<selectedcolor>Color5</selectedcolor>
		<scroll>false</scroll>
	</include>
	<include name="list_Label-sub">
		<height>40</height>
		<font>listInfo</font>
		<aligny>center</aligny>
		<textcolor>Color2</textcolor>
		<selectedcolor>Selected</selectedcolor>
		<scroll>false</scroll>
	</include>
	<include name="list_Label-sub-focus">
		<height>40</height>
		<font>listInfo</font>
		<aligny>center</aligny>
		<textcolor>Focused</textcolor>
		<selectedcolor>Focused</selectedcolor>
	</include>
	
	<!--Heading1-->
	<include name="info_Title">
		<height>28</height>
		<aligny>center</aligny>
		<font>title</font>
		<textcolor>Color1</textcolor>
	</include>
	<include name="info_TitleSmall">
		<height>26</height>
		<aligny>center</aligny>
		<font>normalCaps</font>
		<textcolor>Color1</textcolor>
	</include>
	<!--Heading3-->
	<include name="info_Sub">
		<height>25</height>
		<aligny>center</aligny>
		<font>info</font>
		<textcolor>Color2</textcolor>
	</include>

<!---TEXTBOXES------>
	<include name="description_OSD">
		<width>1040</width>
		<font>description</font>
		<aligny>top</aligny>
		<textcolor>Color7</textcolor>
		<include>autoscroll-plot</include>
	</include>
	<include name="description_Small">
		<textcolor>Color7</textcolor>
		<font>descriptionSmall</font>
		<aligny>top</aligny>
		<include>autoscroll-plot</include>
	</include>

<!---BUTTONS------>
	<!--contextButton-->
	<include name="button_Menu">
		<width>400</width>
		<height>170</height>
		<font>pagemenu</font>
		<textcolor>Color1</textcolor>
		<focusedcolor>Color5</focusedcolor>
		<textoffsety>60</textoffsety>
		<textoffsetx>35</textoffsetx>
		<texturenofocus>-</texturenofocus>
		<texturefocus>home/menuSelect.png</texturefocus>
		<alttexturefocus>home/menuSelect.png</alttexturefocus>
		<alttexturenofocus>-</alttexturenofocus>
		<onback>50</onback>
	</include>
	<!--categoryButton-->
	<include name="button_Category">
		<width>325</width>
		<height>50</height>
		<font>category</font>
		<align>right</align>
		<textoffsety>3</textoffsety>
		<textoffsetx>25</textoffsetx>
		<textcolor>Color1</textcolor>
		<texturefocus border="13,6,13,6">settings/list-focusRev.png</texturefocus>
		<texturenofocus>-</texturenofocus>
	</include>
	<!--settingsButton-->
	<include name="button_Settings">
		<width>850</width>
		<height>46</height>
		<font>normal</font>
		<textoffsetx>30</textoffsetx>
		<textoffsety>7</textoffsety>
		<textcolor>Color1</textcolor>
		<focusedcolor>black</focusedcolor>
		<texturefocus border="13,6,13,6">settings/list-focus.png</texturefocus>
		<texturenofocus>-</texturenofocus>
		<radioheight>24</radioheight>
		<radiowidth>77</radiowidth>
	</include>
	<include name="button_Inline">
		<width>125</width>
		<font>normal</font>
		<align>center</align>
		<textoffsety>2</textoffsety>
		<textcolor>Color1</textcolor>
		<focusedcolor>Color1</focusedcolor>
		<texturenofocus border="8">views/column_focus2.png</texturenofocus>
		<texturefocus border="8">views/column_focus.png</texturefocus>
		<colordiffuse>column3</colordiffuse>
	</include>

<!---THUMBS------>
	<include name="frame_Poster-List">
		<width>452</width>
		<height>646</height>
		<texture background="true" border="31">frames/frame_Square.png</texture>
		<aspectratio align="center">stretch</aspectratio>
		<fadetime>fadetime_Thumb</fadetime>
	</include>
	<include name="frame_Landscape-List">
		<width>587</width>
		<height>349</height>
		<texture background="true" border="31">frames/frame_Square.png</texture>
		<aspectratio align="center">stretch</aspectratio>
		<fadetime>fadetime_Thumb</fadetime>
	</include>
	<include name="thumb_Portrait-List">
		<posx>23</posx>
		<posy>23</posy>
		<width>406</width>
		<height>600</height>
		<aspectratio align="center">stretch</aspectratio>
		<fadetime>fadetime_Thumb</fadetime>
	</include>
	<include name="thumb_Landscape-List">
		<posx>22</posx>
		<posy>22</posy>
		<width>542</width>
		<height>305</height>
		<aspectratio align="center">scale</aspectratio>
		<fadetime>fadetime_Thumb</fadetime>
	</include>
	<include name="art_TVShowLogo">
		<texture background="true">$INFO[ListItem.Path]logo.png</texture>
		<aspectratio align="center">keep</aspectratio>
		<fadetime>fadetime_Thumb</fadetime>
		<visible>Container.Content(tvshows) + Skin.HasSetting(tvshowlogos.enable)</visible>
	</include>
	<!--watchedOverlay-->
	<include name="overlay_UnWatched">
		<width>32</width>
		<height>32</height>
		<texture>$INFO[ListItem.Overlay]</texture>
		<aspectratio align="right">keep</aspectratio>
		<visible>[Container.Content(movies) + Skin.HasSetting(overlay.movies)] | [Container.Content(tvshows) + Skin.HasSetting(overlay.tvshows)] | [Container.Content(episodes) + Skin.HasSetting(overlay.episodes)] | [Container.Content(seasons) + Skin.HasSetting(overlay.tvshows)] | [Container.Content(Files) + Container.HasFiles] + ![SubString(Container.FolderPath,plugin://) | SubString(Container.FolderPath,sources://)]</visible>
	</include>


<!---COLUMNS------>
	<include name="column_Header">
		<height>20</height>
		<font>titleLow</font>
		<textcolor>Color2</textcolor>
		<aligny>center</aligny>
	</include>
	<include name="column">
		<width>98</width>
		<height>42</height>
		<texture border="8">views/column.png</texture>
	</include>
	<include name="column_Single">
		<width>98</width>
		<height>42</height>
		<texture border="8">views/column_Single.png</texture>
		<colordiffuse>column3</colordiffuse>
	</include>
	<include name="column_Single-focus">
		<width>98</width>
		<height>42</height>
		<texture border="8">views/column_Single.png</texture>
		<colordiffuse>Color1</colordiffuse>
	</include>
	<include name="column_Left">
		<width>98</width>
		<height>42</height>
		<texture border="8">views/column_Left.png</texture>
	</include>
	<include name="column_Right">
		<width>98</width>
		<height>42</height>
		<texture border="8">views/column_Right.png</texture>
	</include>
	<include name="column_Top">
		<width>98</width>
		<height>42</height>
		<texture border="8">views/column_Top.png</texture>
	</include>
	<include name="column_Label">
		<height>38</height>
		<font>listAlt</font>
		<textcolor>Color1</textcolor>
		<selectedcolor>Selected</selectedcolor>
	</include>
	<include name="column_Label-focus">
		<height>38</height>
		<font>listAlt</font>
		<textcolor>Focused</textcolor>
		<selectedcolor>Selected</selectedcolor>
	</include>
	

<!---NOTIFICATIONS------>
	<!--notificationTop-->
	<include name="toast_Top">
		<posy>7</posy>
		<width>340</width>
		<align>right</align>
		<height>40</height>
		<font>notification</font>
		<aligny>center</aligny>
		<textcolor>Color1</textcolor>
		<scrollout>false</scrollout>
		<pauseatend>2000</pauseatend>
		<include>transition_Toast</include>
	</include>
	<!--notificationBottom-->
	<include name="toast_Bottom">
		<posy>26</posy>
		<width>340</width>
		<align>right</align>
		<font>notificationSmall</font>
		<height>40</height>
		<aligny>center</aligny>
		<textcolor>Color2</textcolor>
		<scroll>false</scroll>
		<pauseatend>2000</pauseatend>
		<include>transition_Toast</include>
	</include>
	<!--notificationSide-->
	<include name="toast_Side">
		<posy>22</posy>
		<align>left</align>
		<aligny>center</aligny>
		<font>progress</font>
		<textcolor>Color1</textcolor>
		<include>transition_Toast</include>
		<animation type="Conditional" condition="Player.Muted + ![Window.IsActive(videoscan) | Window.IsActive(musicscan) | Window.IsActive(infodialog)]">
			<effect type="slide" time="0" start="0" end="-60" />
		</animation>
		<animation type="Conditional" condition="Player.Muted + [Window.IsActive(videoscan) | Window.IsActive(musicscan)]">
			<effect type="slide" time="0" start="0" end="-60" />
		</animation>
	</include>
	<!--notificationIcon-->
	<include name="toast_Icon">
		<posx>60r</posx>
		<posy>16</posy>
		<width>42</width>
		<height>42</height>
		<aspectratio>keep</aspectratio>
		<include>transition_Toast</include>
	</include>

	
<!---ADDONS------>
	<include name="info_AddonList">
		<control type="group">
			<posx>675</posx>
			<posy>100</posy>
			<include>transition_Container</include>
			<include>toggle_Menu</include>
			<include>infoDialogHide</include>
			<visible>Control.IsVisible(50) + [[substring(container.folderpath,addons://) + Container.HasFiles] | substring(container.folderpath,plugin://) | substring(container.folderpath,addons://repos/)]</visible>
			<control type="image">
				<width>512</width>
				<height>256</height>
				<texture fallback="thumbs/addon.png" background="true">$INFO[ListItem.Thumb]</texture>
				<aspectratio align="left">keep</aspectratio>
				<fadetime>fadetime_Thumb</fadetime>
				<visible>Control.IsVisible(50) + !SubString(ListItem.Icon,default) + ![stringcompare(container.folderpath,plugin://plugin.video.apple.movie.trailers.lite/) | SubString(Container.FolderPath,plugin://plugin.video.xbmcflicks)]</visible>
			</control>
			<control type="group">
				<posx>5</posx>
				<posy>290</posy>
				<visible>Control.IsVisible(50) + ![stringcompare(container.folderpath,plugin://plugin.video.apple.movie.trailers.lite/) | SubString(Container.FolderPath,plugin://plugin.video.xbmcflicks)]</visible>
				<control type="textbox">
					<width>550</width>
					<height>277</height>
					<aligny>top</aligny>
					<label>$INFO[ListItem.Property(Addon.Description)]</label>
					<autoscroll>!Window.IsActive(146)</autoscroll>
					<textcolor>Color7</textcolor>
					<font>descriptionSmall</font>
				</control>
				<control type="textbox">
					<width>550</width>
					<height>277</height>
					<aligny>top</aligny>
					<label>$INFO[ListItem.Plot]</label>
					<textcolor>Color7</textcolor>
					<font>descriptionSmall</font>
					<visible>substring(Container.FolderPath,plugin)</visible>
				</control>
			</control>
		</control>
	</include>
	
<!---MUSIC------>
	<include name="info_MusicList">
		<control type="grouplist">
			<posx>685</posx>
			<posy>420</posy>
			<itemgap>0</itemgap>
			<include>toggle_Menu</include>
			<include>transition_Container</include>
			<include>infoDialogHide</include>
			<visible>Control.IsVisible(50) + Container.Content(artists)</visible>
			<control type="Label">
				<width>520</width>
				<aligny>top</aligny>
				<height>22</height>
				<label>$LOCALIZE[21894] [COLOR=Color1]$INFO[ListItem.Property(Artist_Formed)][/COLOR]</label>
				<textcolor>Color2</textcolor>
				<font>smallCaps</font>
				<visible>!IsEmpty(ListItem.Property(Artist_Formed))</visible>
			</control>
			<control type="Label">
				<width>520</width>
				<aligny>top</aligny>
				<height>22</height>
				<label>$LOCALIZE[21893] [COLOR=Color1]$INFO[ListItem.Property(Artist_Born)][/COLOR]</label>
				<textcolor>Color2</textcolor>
				<font>smallCaps</font>
				<visible>!IsEmpty(ListItem.Property(Artist_Born))</visible>
			</control>
			<control type="Label">
				<width>520</width>
				<aligny>top</aligny>
				<height>32</height>
				<label>$LOCALIZE[21898] [COLOR=Color1]$INFO[ListItem.Property(Artist_YearsActive)][/COLOR]</label>
				<textcolor>Color2</textcolor>
				<font>smallCaps</font>
				<visible>!IsEmpty(ListItem.Property(Artist_YearsActive))</visible>
			</control>
			<control type="textbox">
				<width>525</width>
				<height>190</height>
				<aligny>top</aligny>
				<label>$INFO[ListItem.Property(Artist_Description)]</label>
				<textcolor>Color7</textcolor>
				<font>descriptionSmall</font>
				<include>autoscroll-plot</include>
			</control>
		</control>
		<control type="group">
			<posx>740</posx>
			<posy>95</posy>
			<visible>Control.IsVisible(50) + [Container.Content(albums) | Container.Content(songs) | Window.IsActive(mymusicfiles)] + !IsEmpty(Container.FolderPath)</visible>
			<include>infoDialogHide</include>
			<include>transition_Container</include>
			<include>toggle_Menu</include>
			<control type="group">
				<control type="image">
					<width>445</width>
					<height>445</height>
					<texture background="true" border="31">frames/frame_Square.png</texture>
					<aspectratio align="center">stretch</aspectratio>
					<animation effect="fade" start="0" end="100" time="100" delay="100">WindowOpen</animation>
					<fadetime>fadetime_Thumb</fadetime>
				</control>
				<control type="image">
					<posx>22</posx>
					<posy>22</posy>
					<width>400</width>
					<height>400</height>
					<texture fallback="thumbs/album.png" background="true">$INFO[ListItem.Thumb]</texture>
					<aspectratio align="center">scale</aspectratio>
					<fadetime>fadetime_Thumb</fadetime>
				</control>
			</control>
		</control>
		<control type="group">
			<posx>775</posx>
			<posy>560</posy>
			<visible>Control.IsVisible(50) + [Container.Content(albums) | Container.Content(songs)]</visible>
			<include>infoDialogHide</include>
			<include>transition_Container</include>
			<include>toggle_Menu</include>
			<control type="image">
				<width>370</width>
				<height>64</height>
				<aspectratio align="center">keep</aspectratio>
				<colordiffuse>Color7</colordiffuse>
				<include>flag_Label</include>
			</control>
		</control>
	</include>

<!---OSD / SLIDESHOW------>
	<include name="osd_Info">
		<control type="group">
			<posy>300</posy>
			<include>transition_OSD</include>
			<visible>[Player.ShowInfo | Window.IsActive(fullscreeninfo)] + ![Window.IsActive(visualisationpresetlist) | Window.IsActive(videoosd) | Window.IsActive(musicosd) | Window.IsActive(script-XBMC_Lyrics-main.xml)]</visible>
			<!---overlays--->
			<control type="image">
				<height>200</height>
				<width>screen_Width</width>
				<texture>osd/infoOverlayTop.png</texture>
			</control>
			<control type="image" id="1">
				<posy>200</posy>
				<height>220</height>
				<width>screen_Width</width>
				<aspectratio>stretch</aspectratio>
				<texture border="0,1,0,11">osd/infoOverlay.png</texture>
			</control>
			<!---flags--->
			<control type="group">
				<posx>40</posx>
				<posy>220</posy>
				<control type="image">
					<posy>95</posy>
					<aspectratio align="center">keep</aspectratio>
					<include>flag_Label-audio</include>
				</control>
				<control type="image">
					<aspectratio align="center">keep</aspectratio>
					<include>flag_VideoCodec-play</include>
					<visible>VideoPlayer.Content(files)</visible>
				</control>
				<control type="image">
					<aspectratio align="center">keep</aspectratio>
					<include>flag_Studio-play</include>
					<visible>VideoPlayer.Content(movies)</visible>
				</control>
				<control type="image">
					<aspectratio align="center">keep</aspectratio>
					<include>flag_Network-play</include>
					<visible>VideoPlayer.Content(episodes)</visible>
				</control>
				<control type="image">
					<aspectratio align="center">keep</aspectratio>
					<include>flag_Label-play</include>
					<visible>VideoPlayer.Content(musicvideos)</visible>
				</control>
				<control type="image">
					<aspectratio align="center">keep</aspectratio>
					<include>flag_Channel-play</include>
					<visible>VideoPlayer.Content(livetv)</visible>
				</control>
				<control type="image">
					<posy>-11</posy>
					<posx>1136</posx>
					<width>64</width>
					<height>64</height>
					<aspectratio align="center">keep</aspectratio>
					<include>flag_HD-play</include>
				</control>
			</control>
			<!---info--->
			<control type="group" id="1">
				<posx>200</posx>
				<posy>223</posy>
			<!---line 1--->
				<control type="label">
					<width>970</width>
					<label>$INFO[MusicPlayer.Title]</label>
					<font>osd1</font>
					<textcolor>Color1</textcolor>
				</control>
				<control type="label">
					<width>970</width>
					<label>$INFO[VideoPlayer.Title]</label>
					<font>osd1</font>
					<textcolor>Color1</textcolor>
				</control>
			<!---line 2--->
				<!--music-->
				<control type="grouplist">
					<itemgap>0</itemgap>
					<posy>35</posy>
					<control type="label">
						<width>1000</width>
						<height>20</height>
						<label>$INFO[MusicPlayer.Artist]</label>
						<font>osd2</font>
						<textcolor>Color2</textcolor>
					</control>
					<control type="label">
						<width>1000</width>
						<label>$INFO[MusicPlayer.Album,, • ]$INFO[MusicPlayer.Year]</label>
						<font>osd2</font>
						<textcolor>Color2</textcolor>
					</control>
					<control type="label">
						<width>1000</width>
						<label>$LOCALIZE[209]: $INFO[MusicPlayer.offset(1).Artist,]$INFO[MusicPlayer.offset(1).Title, - ] ($INFO[MusicPlayer.PlaylistPosition,]$INFO[MusicPlayer.PlaylistLength,/])</label>
						<font>osd2</font>
						<textcolor>Color3</textcolor>
						<visible>!IsEmpty(MusicPlayer.offset(1).Title)</visible>
					</control>
				</control>
				<!--video-->
				<control type="grouplist">
					<posy>30</posy>
					<visible>Player.HasVideo</visible>
					<control type="label" id="1">
						<width>1000</width>
						<label>$INFO[VideoPlayer.FolderPath]</label>
						<include>info_Sub</include>
						<visible>VideoPlayer.Content(files)</visible>
					</control>
					<control type="label">
						<width>1000</width>
						<label>$INFO[VideoPlayer.Genre,, • ]$INFO[VideoPlayer.Year]</label>
						<include>info_Sub</include>
						<visible>VideoPlayer.Content(movies)</visible>
					</control>
					<control type="label" id="1">
						<width>1000</width>
						<label>$INFO[VideoPlayer.TVShowTitle,,: ]$INFO[VideoPlayer.Season,$LOCALIZE[20373] , -] $INFO[VideoPlayer.Episode,$LOCALIZE[20359] ]</label>
						<include>info_Sub</include>
						<visible>VideoPlayer.Content(episodes)</visible>
					</control>
					<control type="label">
						<width>1000</width>
						<label>$INFO[VideoPlayer.ChannelName]</label>
						<!--$INFO[VideoPlayer.ChannelGroup]-->
						<include>info_Sub</include>
						<visible>VideoPlayer.Content(livetv)</visible>
					</control>
				</control>
				<!---music videos------>
				<control type="grouplist">
					<posy>30</posy>
					<itemgap>0</itemgap>
					<visible>VideoPlayer.Content(musicvideos)</visible>
					<control type="label">
						<width>1000</width>
						<label>$LOCALIZE[557][COLOR=Color1]$INFO[VideoPlayer.Artist, ][/COLOR]</label>
						<include>info_Sub</include>
					</control>
					<control type="label">
						<width>1000</width>
						<label>$LOCALIZE[558][COLOR=Color1]$INFO[VideoPlayer.Album, ][/COLOR]</label>
						<include>info_Sub</include>
					</control>
					<control type="label">
						<width>1000</width>
						<label>$LOCALIZE[562][COLOR=Color1]$INFO[VideoPlayer.Year, ][/COLOR]</label>
						<include>info_Sub</include>
					</control>
				</control>
				<!---plot------>
				<control type="group">
					<posy>60</posy>
					<visible>!VideoPlayer.Content(musicvideos)</visible>
					<control type="textbox" id="8">
						<height>87</height>
						<label>$INFO[VideoPlayer.PlotOutline]</label>
						<include>description_OSD</include>
						<visible>!IsEmpty(VideoPlayer.PlotOutline) + !Skin.HasSetting(osd.progressbar)</visible>
					</control>
					<control type="textbox" id="8">
						<height>87</height>
						<label>$INFO[VideoPlayer.Plot]</label>
						<include>description_OSD</include>
						<visible>IsEmpty(VideoPlayer.PlotOutline) + !Skin.HasSetting(osd.progressbar)</visible>
					</control>
					<control type="textbox" id="8">
						<height>60</height>
						<label>$INFO[VideoPlayer.PlotOutline]</label>
						<include>description_OSD</include>
						<visible>!IsEmpty(VideoPlayer.PlotOutline) + Skin.HasSetting(osd.progressbar)</visible>
					</control>
					<control type="textbox" id="8">
						<height>60</height>
						<label>$INFO[VideoPlayer.Plot]</label>
						<include>description_OSD</include>
						<visible>IsEmpty(VideoPlayer.PlotOutline) + Skin.HasSetting(osd.progressbar)</visible>
					</control>
				</control>
				<!--progress-->
				<control type="label">
					<posx>1038</posx>
					<posy>30</posy>
					<width>1000</width>
					<align>right</align>
					<label>$INFO[Player.Time,, / ]$INFO[Player.Duration]</label>
					<font>osd2</font>
					<textcolor>Color2</textcolor>
				</control>
				<control type="progress" id="1">
					<posy>135</posy>
					<width>1038</width>
					<height>18</height>
					<texturebg border="10">dialogs/progressBackground.png</texturebg>
					<info>Player.Progress</info>
					<visible>Skin.HasSetting(osd.progressbar)</visible>
				</control>
			</control>
		</control>
		<control type="label">
			<posx>200</posx>
			<posy>450</posy>
			<width>1080</width>
			<label>$LOCALIZE[13350]</label>
			<font>osd3</font>
			<textcolor>Color3</textcolor>
			<include>transition_OSD2</include>
			<visible>[Player.ShowInfo | Window.IsActive(fullscreeninfo)] + ![Window.IsActive(visualisationpresetlist) | Window.IsActive(videoosd) | Window.IsActive(musicosd) | Window.IsActive(script-XBMC_Lyrics-main.xml)]</visible>
		</control>
	</include>
</includes>