﻿<window id="503">
	<defaultcontrol always="true">50</defaultcontrol>
	<allowoverlay>yes</allowoverlay>
	<controls>
		<include>global_Background</include>
		<include>global_Includes</include>
		<control type="label">
			<include>PageLabel</include>
			<label>[LOWERCASE][COLOR=Color2]$LOCALIZE[2][/COLOR] $LOCALIZE[10503][/LOWERCASE]</label>
		</control>
		<control type="group" id="9001">
			<posx>-127</posx>
			<posy>150</posy>
			<include>transition_Container</include>
			<!--open playlist-->
			<control type="button" id="6">
				<label>502</label>
				<onleft>100</onleft>
				<onright>50</onright>
				<onup>8</onup>
				<ondown>7</ondown>
				<include>button_Category</include>
			</control>
			<!--save playlist-->
			<control type="button" id="7">
				<posy>42</posy>
				<label>$LOCALIZE[190]</label>
				<onleft>100</onleft>
				<onright>50</onright>
				<onup>6</onup>
				<ondown>8</ondown>
				<include>button_Category</include>
			</control>
			<!--clear playlist-->
			<control type="button" id="8">
				<posy>84</posy>
				<label>192</label>
				<onleft>100</onleft>
				<onright>50</onright>
				<onup>7</onup>
				<ondown>6</ondown>
				<include>button_Category</include>
			</control>
		</control>
		<!---panes--->
		<control type="group">
			<include>transition_Container</include>
			<posy>100</posy>
			<control type="label">
				<description>left column label</description>
				<posx>210</posx>
				<width>550</width>
				<label>$LOCALIZE[744]</label>
				<include>column_Header</include>
			</control>
			<control type="list" id="50">
				<posx>198</posx>
				<posy>40</posy>
				<width>510</width>
				<height>528</height>
				<onleft>9001</onleft>
				<onright>100</onright>
				<onup>50</onup>
				<ondown>50</ondown>
				<scrolltime>150</scrolltime>
				<animation effect="fade" start="100" end="60" time="200" condition="Control.HasFocus(100)">Conditional</animation>
				<itemlayout height="44">
					<control type="image">
						<width>510</width>
						<colordiffuse>column3</colordiffuse>
						<include>column</include>
					</control>
					<control type="label">
						<posx>15</posx>
						<width>450</width>
						<label>$INFO[ListItem.Label]</label>
						<visible>IsEmpty(ListItem.Title)</visible>
						<include>column_Label</include>
					</control>
					<control type="label">
						<posx>15</posx>
						<width>450</width>
						<label>$INFO[ListItem.Title]</label>
						<visible>!IsEmpty(ListItem.Title)</visible>
						<include>column_Label</include>
					</control>
				</itemlayout>
				<focusedlayout width="550" height="44">
					<control type="image">
						<width>510</width>
						<colordiffuse>column1</colordiffuse>
						<include>column</include>
					</control>
					<control type="label">
						<posx>15</posx>
						<width>450</width>
						<label>$INFO[ListItem.Label]</label>
						<visible>IsEmpty(ListItem.Title)</visible>
						<include>column_Label-focus</include>
					</control>
					<control type="label">
						<posx>15</posx>
						<width>450</width>
						<label>$INFO[ListItem.Title]</label>
						<visible>!IsEmpty(ListItem.Title)</visible>
						<include>column_Label-focus</include>
					</control>
				</focusedlayout>
			</control>
			<control type="label">
				<description>right column label</description>
				<posx>725</posx>
				<width>550</width>
				<label>$LOCALIZE[559]</label>
				<include>column_Header</include>
			</control>
			<control type="list" id="100">
				<posx>710</posx>
				<posy>40</posy>
				<width>510</width>
				<height>528</height>
				<onleft>50</onleft>
				<onright>21</onright>
				<onup>100</onup>
				<ondown>100</ondown>
				<scrolltime>150</scrolltime>
				<animation effect="fade" start="100" end="60" time="200" condition="Control.HasFocus(50)">Conditional</animation>
				<itemlayout height="44">
					<control type="image">
						<width>510</width>
						<colordiffuse>column3</colordiffuse>
						<include>column_Right</include>
					</control>
					<control type="label">
						<posx>15</posx>
						<width>450</width>
						<label>$INFO[ListItem.Label]</label>
						<visible>IsEmpty(ListItem.Title)</visible>
						<include>column_Label</include>
					</control>
					<control type="label">
						<posx>15</posx>
						<width>450</width>
						<label>$INFO[ListItem.Title]</label>
						<visible>!IsEmpty(ListItem.Title)</visible>
						<include>column_Label</include>
					</control>
				</itemlayout>
				<focusedlayout width="550" height="44">
					<control type="image">
						<width>510</width>
						<colordiffuse>column1</colordiffuse>
						<include>column_Right</include>
					</control>
					<control type="label">
						<posx>15</posx>
						<width>450</width>
						<label>$INFO[ListItem.Label]</label>
						<visible>IsEmpty(ListItem.Title)</visible>
						<include>column_Label-focus</include>
					</control>
					<control type="label">
						<posx>15</posx>
						<width>450</width>
						<label>$INFO[ListItem.Title]</label>
						<visible>!IsEmpty(ListItem.Title)</visible>
						<include>column_Label-focus</include>
					</control>
				</focusedlayout>
			</control>
		</control>
		<control type="image">
			<posx>169</posx>
			<include>screen_Separator</include>
		</control>
	</controls>
</window>