﻿<window>
	<defaultcontrol always="true">120</defaultcontrol>
	<allowoverlay>no</allowoverlay>
	<include>dialogOpen</include>
	<coordinates>
		<system>1</system>
		<posx>203</posx>
		<posy>75</posy>
	</coordinates>
	<visible>Player.HasVideo</visible>
	<controls>
		<control type="image">
			<width>875</width>
			<height>570</height>
			<include>dialogWindow</include>
		</control>
		<control type="label">
			<posx>19</posx>
			<width>837</width>
			<posx>34</posx>
			<label>XBMC Subtitles</label>
			<include>dialog_Windowtitle</include>
		</control>
		<control type="image">
			<posx>19</posx>
			<posy>95</posy>
			<width>839</width>
			<include>dialog_Separator</include>
		</control>
		<control type="image">
			<posx>243</posx>
			<posy>95</posy>
			<height>400</height>
			<include>dialog_Separator-y</include>
		</control>
		<control type="image">
			<posx>19</posx>
			<posy>494</posy>
			<width>839</width>
			<include>dialog_Separator</include>
		</control>
		<!--search result-->
		<control type="label" id="100">
			<description>textarea</description>
			<posy>62</posy>
			<width>837</width>
			<wrapmultiline>false</wrapmultiline>
			<include>dialog_Line</include>
		</control>
		<control type="image" id="110">
			<description>Service Logo</description>
			<posx>0</posx>
			<posy>0</posy>
			<width>0</width>
			<height>0</height>
			<visible>false</visible>
		</control>	
		<control type="group" id="250">
			<!--local subtitle available-->
			<control type="group">
				<posx>34</posx>
				<posy>507</posy>
				<control type="group" id="111">
					<control type="image">
						<posy>5</posy>
						<width>24</width>
						<height>24</height>
						<texture>addons/subtitles/default_icon_info.png</texture>
					</control>
					<control type="label">
						<posx>35</posx>
						<width min="10" max="300">auto</width>
						<height>28</height>
						<font>small</font>
						<textcolor>Color4</textcolor>
						<label>$LOCALIZE[SCRIPT655]</label>
						<aligny>center</aligny>
						<wrapmultiline>true</wrapmultiline>
					</control>
				</control>
			</control>
			<!--left pane-->
			<control type="group" id="250">
				<control type="list" id="150">
					<posx>19</posx>
					<posy>95</posy>
					<width>230</width>
					<height>404</height>
					<onleft>120</onleft>
					<onright>120</onright>
					<onup>150</onup>
					<ondown>150</ondown>
					<viewtype label="535">list</viewtype>
					<scrolltime>200</scrolltime>
					<itemlayout width="400" height="40">
						<control type="image">
							<width>224</width>
							<height>40</height>
							<include>dialog_CommonList</include>
						</control>
						<control type="label">
							<width>230</width>
							<label>$INFO[ListItem.Label]</label>
							<visible>!ListItem.Property(man)</visible>
							<include>dialog_CommonListItem</include>
						</control>
						<control type="label">
							<width>230</width>
							<label>$INFO[ListItem.Label]</label>
							<visible>ListItem.Property(man)</visible>
							<include>dialog_CommonListItem</include>
						</control>
					</itemlayout>
					<focusedlayout width="400" height="40">
						<control type="image">
							<width>224</width>
							<height>40</height>
							<include>dialog_CommonList</include>
						</control>
						<control type="group">
							<visible>Control.HasFocus(150)</visible>
							<control type="image">
								<width>224</width>
								<include>dialog_CommonListFocus</include>
							</control>
							<control type="label">
								<width>230</width>
								<label>$INFO[ListItem.Label]</label>
								<visible>!ListItem.Property(man)</visible>
								<include>dialog_CommonListItemFocus</include>
							</control>
							<control type="label">
								<width>230</width>
								<label>$INFO[ListItem.Label]</label>
								<visible>ListItem.property(man)</visible>
								<include>dialog_CommonListItemFocus</include>
							</control>
						</control>
						<control type="group">
							<visible>!Control.HasFocus(150)</visible>
							<control type="label">
								<width>230</width>
								<label>$INFO[ListItem.Label]</label>
								<visible>!ListItem.Property(man)</visible>
								<textcolor>Selected</textcolor>
								<include>dialog_CommonListItemFocus</include>
							</control>
							<control type="label">
								<width>230</width>
								<label>$INFO[ListItem.Label]</label>
								<visible>ListItem.property(man)</visible>
								<textcolor>Selected</textcolor>
								<include>dialog_CommonListItemFocus</include>
							</control>
						</control>
					</focusedlayout>
				</control>
			</control>
			<!--right pane-->
			<control type="list" id="120">
				<viewtype label="535">list</viewtype>
				<posx>243</posx>
				<posy>95</posy>
				<width>803</width>
				<height>400</height>
				<onleft>150</onleft>
				<onright>121</onright>
				<onup>120</onup>
				<ondown>120</ondown>
				<pagecontrol>121</pagecontrol>
				<scrolltime>200</scrolltime>
				<itemlayout width="803" height="80">
					<control type="image">
						<width>614</width>
						<height>80</height>
						<include>dialog_CommonList</include>
					</control>
					<control type="label">
						<posx>19</posx>
						<posy>9</posy>
						<width>510</width>
						<font>listAlt</font>
						<label>$INFO[ListItem.Label2]</label>
						<include>dialog_CommonListItem</include>
					</control>
					<control type="label">
						<posx>19</posx>
						<posy>31</posy>
						<width>530</width>
						<font>smallerCaps</font>
						<label>$INFO[ListItem.Label]</label>
						<include>dialog_CommonListItem</include>
					</control>
					<control type="image">
						<posx>573</posx>
						<posy>11</posy>
						<width>24</width>
						<height>24</height>
						<texture>addons/subtitles/icon_sync.png</texture>
						<colordiffuse>Color4</colordiffuse>
						<visible>ListItem.Property(sync)</visible>
					</control>
					<control type="image">
						<posx>510</posx>
						<posy>43</posy>
						<width>90</width>
						<height>17</height>
						<texture>addons/subtitles/info_window_icon_rating_star_$INFO[ListItem.ActualIcon].png</texture>
						<colordiffuse>Color4</colordiffuse>
					</control>
				</itemlayout>
				<focusedlayout width="803" height="80">
					<control type="group">
						<visible>Control.HasFocus(120)</visible>
						<control type="image">
							<width>614</width>
							<height>80</height>
							<include>dialog_CommonListFocus</include>
						</control>
						<control type="label">
							<posx>19</posx>
							<posy>9</posy>
							<width>510</width>
							<font>listAlt</font>
							<info>ListItem.Label2</info>
							<include>dialog_CommonListItemFocus</include>
						</control>
						<control type="label">
							<posx>19</posx>
							<posy>31</posy>
							<width>530</width>
							<font>smallerCaps</font>
							<info>ListItem.Label</info>
							<include>dialog_CommonListItemFocus</include>
						</control>
						<control type="image">
							<posx>510</posx>
							<posy>43</posy>
							<width>90</width>
							<height>17</height>
							<texture>addons/subtitles/info_window_icon_rating_star_$INFO[ListItem.ActualIcon].png</texture>
							<colordiffuse>Color1</colordiffuse>
						</control>
						<control type="image">
							<posx>573</posx>
							<posy>11</posy>
							<width>24</width>
							<height>24</height>
							<texture>addons/subtitles/icon_sync.png</texture>
							<colordiffuse>Color1</colordiffuse>
							<visible>ListItem.Property(sync)</visible>
						</control>
					</control>
					<control type="group">
						<visible>!Control.HasFocus(120)</visible>
						<control type="image">
							<width>614</width>
							<height>80</height>
							<texture border="3">dialogs/list-nofocus.png</texture>
						</control>
						<control type="label">
							<posx>19</posx>
							<posy>9</posy>
							<width>510</width>
							<font>listAlt</font>
							<info>ListItem.Label2</info>
							<textcolor>Selected</textcolor>
							<include>dialog_CommonListItemFocus</include>
						</control>
						<control type="label">
							<posx>19</posx>
							<posy>31</posy>
							<width>530</width>
							<font>smallerCaps</font>
							<info>ListItem.Label</info>
							<textcolor>Selected</textcolor>
							<include>dialog_CommonListItemFocus</include>
						</control>
						<control type="image">
							<posx>510</posx>
							<posy>43</posy>
							<width>90</width>
							<height>17</height>
							<texture>addons/subtitles/info_window_icon_rating_star_$INFO[ListItem.ActualIcon].png</texture>
							<colordiffuse>Selected</colordiffuse>
						</control>
						<control type="image">
							<posx>573</posx>
							<posy>11</posy>
							<width>24</width>
							<height>24</height>
							<texture>addons/subtitles/icon_sync.png</texture>
							<colordiffuse>Selected</colordiffuse>
							<visible>ListItem.Property(sync)</visible>
						</control>
					</control>
				</focusedlayout>
			</control>
		</control>
		<control type="spincontrol" id="121">
			<visible>false</visible>
		</control>
	</controls>
</window>