﻿<window>
	<defaultcontrol always="true">111</defaultcontrol>
	<allowoverlay>no</allowoverlay>
	<include>dialogOpen</include>
	<coordinates>
		<system>1</system>
		<posx>351</posx>
		<posy>0</posy>
	</coordinates>

	<controls>
		<control type="button" id="8000">
			<label>SHOULD NOT SEE ME</label>
			<onleft>111</onleft>
			<onright>111</onright>
			<ondown>111</ondown>
			<onup>111</onup>
			<width>200</width>
			<visible allowhiddenfocus="true">false</visible>
		</control>

<!-- media infos -->
		<control type="group">
			<control type="image">
				<width>578</width>
				<height>720</height>
				<include>dialogWindow</include>
				<animation effect="fade" end="95" time="0" condition="true">Conditional</animation>
			</control>
			<control type="label" id="1">
				<posy>30</posy>
				<width>540</width>
				<align>left</align>
				<label>$INFO[MusicPlayer.Title]</label>
				<font>titleSmall</font>
				<include>dialog_Windowtitle</include>
			</control>
			<control type="label" id="1">
				<posx>34</posx>
				<posy>57</posy>
				<width>500</width>
				<label>$INFO[MusicPlayer.Artist]</label>
				<align>left</align>
				<font>smallCaps</font>
				<include>dialog_Line</include>
			</control>
			<control type="label" id="1">
				<posx>34</posx>
				<posy>75</posy>
				<width>500</width>
				<label>$INFO[MusicPlayer.Album]</label>
				<align>left</align>
				<textcolor>Color4</textcolor>
				<font>smallerCaps</font>
			</control>
			<control type="image">
				<posx>19</posx>
				<posy>115</posy>
				<width>542</width>
				<include>dialog_Separator</include>
			</control>
			<control type="label" id="200">
				<description>scraper label</description>
				<visible>false</visible>
			</control>
			<!--lyrics-->
			<control type="textbox" id="100">
				<posx>34</posx>
				<posy>115</posy>
				<height>532</height>
				<width>500</width>
				<label>-</label>
				<font>small</font>
				<align>left</align>
				<onleft>111</onleft>
				<onright>111</onright>
				<pagecontrol>111</pagecontrol>
				<textcolor>Color4</textcolor>
				<autoscroll delay="6000" time="3000" repeat="100">!Control.HasFocus(111)</autoscroll>
			</control>
			
<!-- ** Required ** Do not change <id> or <type> -->
			<control type="textbox" id="110">
				<posx>34</posx>
				<posy>125</posy>
				<height>530</height>
				<width>500</width>
				<label>-</label>
				<font>mediumLow</font>
				<align>left</align>
				<onleft>111</onleft>
				<onright>111</onright>
				<pagecontrol>111</pagecontrol>
				<textcolor>Color4</textcolor>
			</control>
			<control type="image">
				<posx>19</posx>
				<posy>647</posy>
				<width>542</width>
				<include>dialog_Separator</include>
			</control>
			<control type="spincontrol" id="111">
				<posx>485</posx>
				<posy>658</posy>
				<width>32</width>
				<height>32</height>
				<font>small</font>
				<textcolor>Color4</textcolor>
				<focusedcolor>Color5</focusedcolor>
				<align>right</align>
				<onleft>111</onleft>
				<onright>111</onright>
				<ondown>8000</ondown>
				<onup>8000</onup>
				<subtype>page</subtype>
				<showonepage>false</showonepage>
				<include>dialog_Spin</include>
			</control>
			<control type="spincontrol" id="121">
				<posx>34</posx>
				<posy>540</posy>
				<width>32</width>
				<height>32</height>
				<font>small</font>
				<textcolor>Color4</textcolor>
				<focusedcolor>Color5</focusedcolor>
				<align>right</align>
				<onleft>120</onleft>
				<onright>120</onright>
				<ondown>120</ondown>
				<onup>120</onup>
				<subtype>page</subtype>
				<showonepage>false</showonepage>
				<include>dialog_Spin</include>
				<visible>Control.IsVisible(120)</visible>
			</control>
		</control>

<!-- ** Required ** Do not change <id> or <type> -->
		<control type="list" id="120">
			<posx>234</posx>
			<posy>270</posy>
			<width>812</width>
			<height>290</height>
			<onleft>121</onleft>
			<onright>121</onright>
			<onup>120</onup>
			<ondown>120</ondown>
			<viewtype label="535">list</viewtype>
			<pagecontrol>121</pagecontrol>
			<scrolltime>200</scrolltime>
			<itemlayout height="29">
				<control type="label">
					<posx>10</posx>
					<posy>3</posy>
					<width>796</width>
					<height>22</height>
					<info>ListItem.Label</info>
					<font>font13</font>
					<align>left</align>
					<aligny>center</aligny>
					<textcolor>FFFFFFFF</textcolor>
				</control>
			</itemlayout>
			<focusedlayout height="29">
				<control type="image">
					<posx>0</posx>
					<posy>0</posy>
					<width>812</width>
					<height>29</height>
					<texture>default-list-focus.png</texture>
					<visible>Control.HasFocus(120)</visible>
				</control>
				<control type="label">
					<posx>10</posx>
					<posy>3</posy>
					<width>796</width>
					<height>22</height>
					<info>ListItem.Label</info>
					<font>font13</font>
					<align>left</align>
					<aligny>center</aligny>
					<textcolor>FFEB9E17</textcolor>
				</control>
			</focusedlayout>
		</control>
	</controls>
</window>