﻿<window id="2904">
	<coordinates>
		<system>1</system>
		<posx>0</posx>
		<posy>0</posy>
	</coordinates>
	<controls>
		<control type="group">
			<visible>Player.HasVideo + !Skin.HasSetting(overlay.enable) + ![Window.IsActive(infodialog) | Window.IsActive(videoscan) | Window.IsActive(musicscan) | Window.IsActive(home) | Window.IsActive(fullscreenvideo) | Window.IsActive(614)]</visible>
			<animation type="Conditional" condition="Player.Muted | !IntegerGreaterThan(Player.Volume,-60)">
				<effect type="slide" time="0" start="0" end="-50" />
			</animation>
			<control type="label" id="200">
				<posx>180r</posx>
				<label>[UPPERCASE]$INFO[VideoPlayer.Title][/UPPERCASE]</label>
				<include>toast_Top</include>
			</control>
			<control type="label" id="201">
				<posx>180r</posx>
				<label>[UPPERCASE]$INFO[VideoPlayer.Genre][/UPPERCASE]</label>
				<include>toast_Bottom</include>
				<visible>VideoPlayer.Content(movies)</visible>
			</control>
			<control type="label" id="203">
				<posx>180r</posx>
				<label>[UPPERCASE]$INFO[VideoPlayer.TVShowTitle][/UPPERCASE]</label>
				<include>toast_Bottom</include>
				<visible>VideoPlayer.Content(episodes)</visible>
			</control>
			<control type="label" id="204">
				<posx>180r</posx>
				<label>[UPPERCASE]$INFO[VideoPlayer.Artist][/UPPERCASE]</label>
				<include>toast_Bottom</include>
				<visible>VideoPlayer.Content(musicvideos)</visible>
			</control>
			<control type="label" id="201">
				<posx>180r</posx>
				<label>[UPPERCASE]$INFO[VideoPlayer.ChannelName][/UPPERCASE]</label>
				<include>toast_Bottom</include>
			</control>
			<control type="label" id="201">
				<posx>180r</posx>
				<label>[UPPERCASE]$INFO[VideoPlayer.Duration,, $LOCALIZE[31100]][/UPPERCASE]</label>
				<include>toast_Bottom</include>
				<visible>VideoPlayer.Content(files)</visible>
			</control>
			<control type="label" id="1">
				<posx>170r</posx>
				<label>$INFO[VideoPlayer.TimeRemaining(hh:mm:ss)]</label>
				<include>toast_Side</include>
			</control>
		</control>
	</controls>
</window>