﻿<includes>
	<!---POSTER------> 
	<include name="view_IconPoster">
		<control type="panel" id="57">
			<viewtype label="417">bigicon</viewtype>	
			<posx>75</posx>
			<posy>95</posy>
			<width>1200</width>
			<height>521</height>
			<onleft>6000</onleft>
			<onright>83</onright>
			<onup>57</onup>
			<ondown>57</ondown>
			<pagecontrol>83</pagecontrol>
			<preloaditems>2</preloaditems>
			<scrolltime tween="Cubic" easing="Out">400</scrolltime>
			<orientation>vertical</orientation>
			<include>transition_Container</include>
			<include>toggle_Menu</include>
			<include>infoDialogHide</include>
			<visible>Container.Content(movies) | Container.Content(tvshows) | Container.Content(seasons) | SubString(Container.FolderPath,plugin://plugin.video.xbmcflicks)</visible>
			<itemlayout height="260" width="186">
				<control type="image">
					<width>177</width>
					<height>250</height>
					<texture fallback="thumbs/movie_portrait.jpg" background="true">$INFO[ListItem.Thumb]</texture>
					<bordertexture border="6" width="177" height="250">frames/frame_Square-small.png</bordertexture>
					<bordersize>6</bordersize>
					<aspectratio>stretch</aspectratio>
					<visible>Container.Content(movies) | SubString(Container.FolderPath,plugin://plugin.video.xbmcflicks)</visible>
				</control>
				<control type="image">
					<width>177</width>
					<height>250</height>
					<texture fallback="thumbs/tvshow_portrait.jpg" background="true">$INFO[ListItem.Thumb]</texture>
					<bordertexture border="6" width="177" height="250">frames/frame_Square-small.png</bordertexture>
					<bordersize>6</bordersize>
					<aspectratio>stretch</aspectratio>
					<visible>Container.Content(tvshows) | Container.Content(seasons)</visible>
				</control>
				<control type="image">
					<posx>139</posx>
					<posy>213</posy>
					<width>32</width>
					<height>32</height>
					<include>overlay_UnWatched</include>
					<visible>[Container.Content(movies) + Skin.HasSetting(overlay.movies)] | [Container.Content(tvshows) + Skin.HasSetting(overlay.tvshows)]</visible>
				</control>
			</itemlayout>											
			<focusedlayout height="260" width="186">
				<control type="image">
					<width>177</width>
					<height>250</height>
					<texture fallback="thumbs/movie_portrait.jpg" background="true">$INFO[ListItem.Thumb]</texture>
					<bordertexture border="6" width="177" height="250">frames/frame_Square-small.png</bordertexture>
					<bordersize>6</bordersize>
					<aspectratio>stretch</aspectratio>
					<include>focus_ThumbPoster</include>
					<visible>Container.Content(movies) | SubString(Container.FolderPath,plugin://plugin.video.xbmcflicks)</visible>
				</control>
				<control type="image">
					<width>177</width>
					<height>250</height>
					<texture fallback="thumbs/tvshow_portrait.jpg" background="true">$INFO[ListItem.Thumb]</texture>
					<bordertexture border="6" width="177" height="250">frames/frame_Square-small.png</bordertexture>
					<bordersize>6</bordersize>
					<aspectratio>stretch</aspectratio>
					<include>focus_ThumbPoster</include>
					<visible>Container.Content(tvshows) | Container.Content(seasons)</visible>
				</control>
				<control type="image">
					<posx>139</posx>
					<posy>212</posy>
					<width>32</width>
					<height>32</height>
					<include>overlay_UnWatched</include>
					<visible>[Container.Content(movies) + Skin.HasSetting(overlay.movies)] | [Container.Content(tvshows) + Skin.HasSetting(overlay.tvshows)]</visible>
					<include>focus_ThumbPoster</include>
				</control>
			</focusedlayout>
		</control>
	</include>
	
<!---POSTERSMALL------>
	<include name="view_IconPosterSmall">
		<control type="panel" id="571">
			<viewtype label="31009">icon</viewtype>	
			<posx>55</posx>
			<posy>110</posy>
			<width>700</width>
			<height>570</height>
			<onleft>6000</onleft>
			<onright>78</onright>
			<onup>571</onup>
			<ondown>571</ondown>
			<pagecontrol>78</pagecontrol>
			<preloaditems>4</preloaditems>
			<scrolltime tween="Cubic" easing="Out">400</scrolltime>
			<orientation>vertical</orientation>
			<include>transition_Container</include>
			<include>toggle_Menu</include>
			<include>infoDialogHide</include>
			<visible>Container.Content(movies) | Container.Content(tvshows) | Container.Content(seasons) | SubString(Container.FolderPath,plugin://plugin.video.xbmcflicks)</visible>
			<itemlayout height="190" width="140">
				<control type="image">
					<width>134</width>
					<height>185</height>
					<aspectratio scalediffuse="false" align="center">stretch</aspectratio>
					<texture background="true" fallback="thumbs/tvshow_portrait.jpg">$INFO[ListItem.Thumb]</texture>
					<bordertexture border="6">frames/frame_Square-small.png</bordertexture>
					<bordersize>6</bordersize>
					<visible>Container.Content(tvshows) | Container.Content(seasons)</visible>
				</control>
				<control type="image">
					<width>134</width>
					<height>185</height>
					<aspectratio scalediffuse="false" align="center">stretch</aspectratio>
					<texture background="true" fallback="thumbs/movie_portrait.jpg">$INFO[ListItem.Thumb]</texture>
					<bordertexture border="6">frames/frame_Square-small.png</bordertexture>
					<bordersize>6</bordersize>
					<visible>Container.Content(movies) | SubString(Container.FolderPath,plugin://plugin.video.xbmcflicks)</visible>
				</control>
				<control type="image">
					<posx>96</posx>
					<posy>147</posy>
					<width>32</width>
					<height>32</height>
					<include>overlay_UnWatched</include>
					<visible>[Container.Content(movies) + Skin.HasSetting(overlay.movies)] | [Container.Content(tvshows) + Skin.HasSetting(overlay.tvshows)]</visible>
				</control>
			</itemlayout>											
			<focusedlayout height="190" width="140">
				<control type="image">
					<width>134</width>
					<height>185</height>
					<aspectratio scalediffuse="false" align="center">stretch</aspectratio>
					<texture background="true" fallback="thumbs/tvshow_portrait.jpg">$INFO[ListItem.Thumb]</texture>
					<bordertexture border="6">frames/frame_Square-small.png</bordertexture>
					<bordersize>6</bordersize>
					<include>focus_ThumbPosterInfo</include>
					<visible>Container.Content(tvshows) | Container.Content(seasons)</visible>
				</control>
				<control type="image">
					<width>134</width>
					<height>185</height>
					<aspectratio scalediffuse="false" align="center">stretch</aspectratio>
					<texture background="true" fallback="thumbs/movie_portrait.jpg">$INFO[ListItem.Thumb]</texture>
					<bordertexture border="6">frames/frame_Square-small.png</bordertexture>
					<bordersize>6</bordersize>
					<include>focus_ThumbPosterInfo</include>
					<visible>Container.Content(movies) | SubString(Container.FolderPath,plugin://plugin.video.xbmcflicks)</visible>
				</control>
				<control type="image">
					<posx>96</posx>
					<posy>147</posy>
					<width>32</width>
					<height>32</height>
					<include>overlay_UnWatched</include>
					<include>focus_ThumbPosterInfo</include>
					<visible>[Container.Content(movies) + Skin.HasSetting(overlay.movies)] | [Container.Content(tvshows) + Skin.HasSetting(overlay.tvshows)]</visible>
				</control>
			</focusedlayout>
		</control>
	</include>

<!---WIDE------>
	<include name="view_IconLandscape">
		<control type="panel" id="573">
			<viewtype label="Thumbnails">bigicon</viewtype>
			<posx>80</posx>
			<posy>104</posy>
			<width>1240</width>
			<height>510</height>
			<onleft>6000</onleft>
			<onright>83</onright>
			<onup>573</onup>
			<ondown>573</ondown>
			<preloaditems>2</preloaditems>
			<pagecontrol>83</pagecontrol>
			<scrolltime tween="Cubic" easing="Out">400</scrolltime>
			<include>transition_Container</include>
			<include>infoDialogHide</include>
			<include>toggle_Menu</include>
			<visible>[[Container.Content(files) + Container.HasFiles] | Window.IsActive(mypictures) | Container.Content(artists)]</visible>
			<include condition="Window.IsVisible(musiclibrary)">IconWideMusic</include>
			<include condition="Window.IsVisible(pictures)">IconWidePictures</include>
		</control>
	</include>
	<include name="IconWideMusic">
		<itemlayout height="170" width="220">
			<control type="image">
				<width>215</width>
				<height>165</height>
				<texture fallback="thumbs/artist_Landscape.png" background="true">$INFO[ListItem.Thumb]</texture>
				<bordertexture border="6" width="200" height="150">frames/frame_Square-small.png</bordertexture>
				<bordersize>6</bordersize>
				<aspectratio>scale</aspectratio>
				<visible>Container.Content(artists)</visible>
			</control>
		</itemlayout>
		<focusedlayout height="170" width="220">
			<control type="image">
				<width>215</width>
				<height>165</height>
				<texture fallback="thumbs/artist_Landscape.png" background="true">$INFO[ListItem.Thumb]</texture>
				<bordertexture border="6" width="200" height="150">frames/frame_Square-small.png</bordertexture>
				<bordersize>6</bordersize>
				<aspectratio>scale</aspectratio>
				<include>focus_WideThumbs</include>
				<visible>Container.Content(artists)</visible>
			</control>
		</focusedlayout>
	</include>
	<include name="IconWidePictures">
		<itemlayout height="170" width="220">
			<control type="image">
				<width>215</width>
				<height>165</height>
				<texture fallback="thumbs/picture_landscape.jpg" background="true">$INFO[ListItem.Thumb]</texture>
				<bordertexture border="6" width="200" height="150">frames/frame_Square-small.png</bordertexture>
				<bordersize>6</bordersize>
				<aspectratio>scale</aspectratio>
				<visible>Window.IsActive(2)</visible>
			</control>
		</itemlayout>
		<focusedlayout height="170" width="220">
			<control type="image">
				<width>215</width>
				<height>165</height>
				<texture fallback="thumbs/picture_landscape.jpg" background="true">$INFO[ListItem.Thumb]</texture>
				<bordertexture border="6" width="200" height="150">frames/frame_Square-small.png</bordertexture>
				<bordersize>6</bordersize>
				<aspectratio>scale</aspectratio>
				<include>focus_WideThumbs</include>
				<visible>Window.IsActive(2)</visible>
			</control>
		</focusedlayout>
	</include>

<!---SQUARE ADD-ONS------>
	<include name="view_IconSquare">
		<control type="group">
			<include>transition_Container</include>
			<include>infoDialogHide</include>
			<include>toggle_Menu</include>
			<visible>Control.IsVisible(574)</visible>
			<!--info-->
			<control type="grouplist" id="1000">
				<posx>800</posx>
				<posy>120</posy>
				<itemgap>2</itemgap>
				<control type="label" id="1">
					<width>405</width>
					<label>$INFO[ListItem.Label]</label>
					<textcolor>Color1</textcolor>
					<font>normalCaps</font>
				</control>
				<control type="label">
					<width>405</width>
					<label>$LOCALIZE[31979]: $INFO[ListItem.Property(Addon.Version)]</label>
					<font>info</font>
					<textcolor>Color2</textcolor>
					<visible>!IsEmpty(ListItem.Property(Addon.Version))</visible>
				</control>
				<control type="image">
					<width>405</width>
					<height>25</height>
					<texture>$INFO[ListItem.Property(Addon.StarRating)]</texture>
					<aspectratio align="left">keep</aspectratio>
					<visible>!IsEmpty(ListItem.Property(Addon.StarRating))</visible>
				</control>
				<control type="label">
					<label></label>
				</control>
				<control type="textbox" id="4">
					<width>405</width>
					<height>413</height>
					<aligny>top</aligny>
					<label>$INFO[ListItem.Property(Addon.Description)]</label>
					<textcolor>Color1</textcolor>
					<font>descriptionSmall</font>
					<visible>!IsEmpty(ListItem.Property(Addon.Description))</visible>
				</control>
				<control type="textbox" id="4">
					<width>405</width>
					<height>413</height>
					<label>$INFO[ListItem.Plot]</label>
					<textcolor>Color4</textcolor>
					<visible>!IsEmpty(ListItem.Plot)</visible>
				</control>
			</control>
			<!--container-->
			<control type="panel" id="574">
				<viewtype label="Thumbnails">bigicon</viewtype>
				<posx>35</posx>
				<posy>115</posy>
				<width>760</width>
				<height>540</height>
				<onleft>6000</onleft>
				<onright>78</onright>
				<onup>574</onup>
				<ondown>574</ondown>
				<pagecontrol>78</pagecontrol>
				<preloaditems>2</preloaditems>
				<scrolltime tween="Cubic" easing="Out">400</scrolltime>
				<visible>substring(Container.FolderPath,addons://) + ![IsEmpty(Container.FolderPath) | StringCompare(Container.FolderPath,addons://all/)]</visible>
				<itemlayout height="180" width="180">
					<control type="image">
						<width>176</width>
						<height>176</height>
						<texture fallback="thumbs/addon.png" background="true">$INFO[ListItem.Thumb]</texture>
						<bordertexture border="6" width="200" height="150">frames/frame_Square-small.png</bordertexture>
						<bordersize>6</bordersize>
						<aspectratio>stretch</aspectratio>
					</control>
				</itemlayout>											
				<focusedlayout height="180" width="180">
					<control type="image">
						<width>176</width>
						<height>176</height>
						<texture fallback="thumbs/addon.png" background="true">$INFO[ListItem.Thumb]</texture>
						<bordertexture border="6" width="200" height="150">frames/frame_Square-small.png</bordertexture>
						<bordersize>6</bordersize>
						<aspectratio>stretch</aspectratio>
						<include>focus_Thumbs</include>
					</control>
				</focusedlayout>
			</control>
		</control>
	</include>

<!---BIGWIDE------>
	<include name="view_ThumbEpisode">
		<control type="panel" id="575">
			<viewtype label="Thumbnails">bigicon</viewtype>
			<posx>45</posx>
			<posy>110</posy>
			<width>1240</width>
			<height>560</height>
			<onleft>6000</onleft>
			<onright>85</onright>
			<onup>575</onup>
			<ondown>575</ondown>
			<pagecontrol>85</pagecontrol>
			<preloaditems>2</preloaditems>
			<scrolltime tween="Cubic" easing="Out">400</scrolltime>
			<include>transition_Container</include>
			<include>infoDialogHide</include>
			<include>toggle_Menu</include>
			<visible>[Container.Content(episodes) | [Container.Content(files) + Container.HasFiles] + ![substring(Container.FolderPath,plugin://) | substring(Container.FolderPath,addons://)]]</visible>
			<itemlayout height="280" width="400">
				<control type="image">
					<width>390</width>
					<height>238</height>
					<texture fallback="thumbs/tvshow_landscape.jpg" background="true">$INFO[ListItem.Thumb]</texture>
					<bordertexture border="40">frames/frame_Square.png</bordertexture>
					<bordersize>22</bordersize>
					<aspectratio align="center">scale</aspectratio>
					<visible>Container.Content(episodes)</visible>
				</control>
				<control type="image">
					<width>390</width>
					<height>238</height>
					<texture fallback="thumbs/video_landscape.png" background="true">$INFO[ListItem.Thumb]</texture>
					<bordertexture border="40">frames/frame_Square.png</bordertexture>
					<bordersize>22</bordersize>
					<aspectratio align="center">scale</aspectratio>
					<visible>Container.Content(files)</visible>
				</control>
				<control type="group">
					<posx>25</posx>
					<posy>222</posy>
					<control type="label" id="110">
						<width>335</width>
						<label>$INFO[ListItem.Label]</label>
						<font>smallCaps</font>
						<textcolor>Color1</textcolor>
						<visible>IsEmpty(ListItem.Title)</visible>
					</control>
					<control type="label" id="110">
						<width>335</width>
						<label>$INFO[ListItem.Title]</label>
						<font>smallCaps</font>
						<textcolor>Color1</textcolor>
						<visible>![stringcompare(container.folderpath,videodb://5/) | substring(container.folderpath,special://profile/playlists/)]</visible>
					</control>
					<control type="label" id="110">
						<width>335</width>
						<label>$INFO[ListItem.TVShowTitle,,: ]$INFO[ListItem.Title]</label>
						<font>smallCaps</font>
						<textcolor>Color1</textcolor>
						<visible>stringcompare(container.folderpath,videodb://5/) | substring(container.folderpath,special://profile/playlists/)</visible>
					</control>
					<control type="label" id="110">
						<posy>20</posy>
						<width>335</width>
						<label>$INFO[ListItem.Season,$LOCALIZE[20373] , - ]$INFO[ListItem.Episode,$LOCALIZE[20359] ]</label>
						<font>smallCaps</font>
						<textcolor>Color2</textcolor>
					</control>
					<control type="label" id="110">
						<posy>20</posy>
						<width>335</width>
						<label>$INFO[ListItem.Date]$INFO[ListItem.Size, • ]</label>
						<font>smallCaps</font>
						<textcolor>Color2</textcolor>
						<visible>Container.Content(files)</visible>
					</control>
				</control>
				<control type="image">
					<posx>336</posx>
					<posy>184</posy>
					<include>overlay_UnWatched</include>
				</control>
			</itemlayout>											
			<focusedlayout height="280" width="400">
				<control type="image">
					<posx>12</posx>
					<posy>12</posy>
					<width>366</width>
					<height>214</height>
					<texture border="10">views/list-focus-bigAlt.png</texture>
				</control>
				<control type="image">
					<width>390</width>
					<height>238</height>
					<texture fallback="thumbs/tvshow_landscape.jpg" background="true">$INFO[ListItem.Thumb]</texture>
					<bordersize>22</bordersize>
					<aspectratio align="center">scale</aspectratio>
					<visible>Container.Content(episodes)</visible>
				</control>
				<control type="image">
					<width>390</width>
					<height>238</height>
					<texture fallback="thumbs/video_landscape.png" background="true">$INFO[ListItem.Thumb]</texture>
					<bordersize>22</bordersize>
					<aspectratio align="center">scale</aspectratio>
					<visible>Container.Content(files)</visible>
				</control>
				<control type="group">
					<posx>25</posx>
					<posy>222</posy>
					<control type="label" id="110">
						<width>335</width>
						<label>$INFO[ListItem.Label]</label>
						<font>smallCaps</font>
						<textcolor>Color1</textcolor>
						<visible>IsEmpty(ListItem.Title)</visible>
					</control>
					<control type="label" id="110">
						<width>335</width>
						<label>$INFO[ListItem.Title]</label>
						<font>smallCaps</font>
						<textcolor>Color1</textcolor>
						<visible>![stringcompare(container.folderpath,videodb://5/) | substring(container.folderpath,special://profile/playlists/)]</visible>
					</control>
					<control type="label" id="110">
						<width>335</width>
						<label>$INFO[ListItem.TVShowTitle,,: ]$INFO[ListItem.Title]</label>
						<font>smallCaps</font>
						<textcolor>Color1</textcolor>
						<visible>stringcompare(container.folderpath,videodb://5/) | substring(container.folderpath,special://profile/playlists/)</visible>
					</control>
					<control type="label" id="110">
						<posy>20</posy>
						<width>335</width>
						<label>$INFO[ListItem.Season,$LOCALIZE[20373] , - ]$INFO[ListItem.Episode,$LOCALIZE[20359] ]</label>
						<font>smallCaps</font>
						<textcolor>Color2</textcolor>
					</control>
					<control type="label" id="110">
						<posy>20</posy>
						<width>335</width>
						<label>$INFO[ListItem.Date]$INFO[ListItem.Size, • ]</label>
						<font>smallCaps</font>
						<textcolor>Color2</textcolor>
						<visible>Container.Content(files)</visible>
					</control>
				</control>
				<control type="image">
					<posx>336</posx>
					<posy>184</posy>
					<include>overlay_UnWatched</include>
				</control>
			</focusedlayout>
		</control>
	</include>

<!---SQUARE (ALBUMS)------>
	<include name="view_IconSquare2">
		<control type="panel" id="572">
			<viewtype label="Thumbnails">icons</viewtype>
			<posx>45</posx>
			<posy>95</posy>
			<width>1240</width>
			<height>507</height>
			<onleft>6000</onleft>
			<onright>76</onright>
			<onup>572</onup>
			<ondown>572</ondown>
			<pagecontrol>76</pagecontrol>
			<preloaditems>2</preloaditems>
			<scrolltime tween="Cubic" easing="Out">400</scrolltime>
			<include>transition_Container</include>
			<include>infoDialogHide</include>
			<include>toggle_Menu</include>
			<animation effect="slide" end="0,15" condition="Skin.HasSetting(numitems.enable)">Conditional</animation>
			<visible>Container.Content(albums) | Container.Content(songs)</visible>
			<itemlayout height="169" width="169">
				<control type="image">
					<width>169</width>
					<height>169</height>
					<texture fallback="thumbs/album.png" background="true">$INFO[ListItem.Thumb]</texture>
					<bordertexture border="6" width="169" height="169">frames/frame_Square-small.png</bordertexture>
					<bordersize>6</bordersize>
					<aspectratio>scale</aspectratio>
				</control>
			</itemlayout>											
			<focusedlayout height="169" width="169">
				<control type="image">
					<width>169</width>
					<height>169</height>
					<texture fallback="thumbs/album.png" background="true">$INFO[ListItem.Thumb]</texture>
					<bordertexture border="6" width="169" height="169">frames/frame_Square-small.png</bordertexture>
					<bordersize>6</bordersize>
					<aspectratio>scale</aspectratio>
					<include>focus_Thumbs</include>
				</control>
			</focusedlayout>
		</control>
	</include>
</includes>