﻿<includes>
	<include name="view_List">
		<control type="list" id="50">
			<viewtype label="535">list</viewtype> 	
			<posy>90</posy>
			<width>625</width>
			<height>612</height>
			<onup>50</onup>
			<ondown>50</ondown>
			<onleft>6000</onleft>
			<onright>70</onright>
			<pagecontrol>70</pagecontrol>
			<scrolltime tween="Cubic" easing="Out">200</scrolltime>
			<preloaditems>2</preloaditems>
			<orientation>vertical</orientation>
			<include>transition_Container</include>
			<include>infoDialogHide</include>
			<include>toggle_Menu</include>
			<include condition="Window.IsVisible(videolibrary)">ListVideo</include>
			<include condition="Window.IsVisible(musiclibrary) | Window.IsActive(501)">ListMusic</include>
			<include condition="Window.IsVisible(videoplaylist)">ListVideoPlaylist</include>
			<include condition="Window.IsVisible(musicplaylist)">ListMusicPlaylist</include>
			<include condition="Window.IsVisible(pictures)">ListPictures</include>
			<include condition="Window.IsVisible(addonbrowser) | Window.IsVisible(programs)">ListAddons</include>	
		</control>
	</include>
		
	<include name="ListVideo">
		<itemlayout condition="IsEmpty(Container.FolderPath) | ![stringcompare(Container.FolderPath,addons://sources/video/) | Container.Content(movies) | Container.Content(tvshows) | Container.Content(seasons) | Container.Content(episodes) | Container.Content(musicvideos)]" width="625" height="40">
			<control type="label">
				<posx>40</posx>
				<width>500</width>
				<label>$INFO[ListItem.Label]</label>
				<include>list_Label-single</include>
			</control>
		</itemlayout>
		<focusedlayout condition="IsEmpty(Container.FolderPath) | ![stringcompare(Container.FolderPath,addons://sources/video/) | Container.Content(movies) | Container.Content(tvshows) | Container.Content(seasons) | Container.Content(episodes) | Container.Content(musicvideos)]" width="625" height="40">
			<control type="image">
				<posy>-28</posy>
				<width>650</width>
				<height>100</height>
				<texture border="0,30,0,30">views/list-focus.png</texture>
				<include>focus_ListScrollAlt</include>
				<visible>!ControlGroup(6000).HasFocus</visible>
			</control>
			<control type="label">
				<posx>40</posx>
				<width>500</width>
				<label>$INFO[ListItem.Label]</label>
				<textcolor>Focused</textcolor>
				<include>list_Label-single</include>
			</control>
		</focusedlayout>
		<itemlayout width="625" height="67">
			<control type="label">
				<posx>40</posx>
				<width>440</width>
				<label>$INFO[ListItem.Label]</label>
				<include>list_Label</include>
				<visible>!Container.Content(episodes) | [Container.Content(episodes) + IsEmpty(ListItem.Title)]</visible>
			</control>
			<control type="group">
				<posx>40</posx>
				<visible>Container.Content(movies)</visible>
				<control type="label">
					<posy>28</posy>
					<width>510</width>
					<label>$INFO[ListItem.Genre]</label>
					<include>list_Label-sub</include>
					<visible>IsEmpty(ListItem.Property(ReleaseDate))</visible>
				</control>
				<control type="label">
					<posy>28</posy>
					<width>510</width>
					<label>$INFO[ListItem.Property(ReleaseDate)]</label>
					<include>list_Label-sub</include>
				</control>
			</control>
			<control type="group">
				<posx>40</posx>
				<visible>Container.Content(tvshows) | Container.Content(seasons)</visible>
				<control type="label">
					<posy>28</posy>
					<width>560</width>
					<label>$INFO[ListItem.Property(UnWatchedEpisodes),, $LOCALIZE[16101] $LOCALIZE[20360]]</label>
					<include>list_Label-sub</include>
				</control>
				<!--is linked movie-->
				<control type="label">
					<posy>28</posy>
					<width>560</width>
					<label>$INFO[ListItem.Genre]</label>
					<include>list_Label-sub</include>
					<visible>IsEmpty(ListItem.Property(UnWatchedEpisodes)) + !IsEmpty(ListItem.Title)</visible>
				</control>
			</control>
			<control type="group">
				<posx>40</posx>
				<visible>Container.Content(episodes)</visible>
				<control type="label">
					<width>440</width>
					<label>$INFO[ListItem.Title]</label>
					<include>list_Label</include>
					<visible>!stringcompare(Container.FolderPath,videodb://5/)</visible>
				</control>
				<control type="label">
					<width>440</width>
					<label>$INFO[ListItem.TVShowTitle]$INFO[ListItem.Title,: ]</label>
					<include>list_Label</include>
					<visible>stringcompare(Container.FolderPath,videodb://5/)</visible>
				</control>
				<control type="label">
					<posy>28</posy>
					<width>560</width>
					<label>$INFO[ListItem.Season,$LOCALIZE[20373] , - ]$INFO[ListItem.Episode,$LOCALIZE[20359] ]</label>
					<include>list_Label-sub</include>
				</control>
			</control>
			<control type="group">
				<posx>40</posx>
				<visible>Container.Content(musicvideos)</visible>
				<control type="label">
					<posy>28</posy>
					<width>560</width>
					<label>$INFO[ListItem.Artist]</label>
					<include>list_Label-sub</include>
				</control>
			</control>
			<control type="group">
				<posx>40</posx>
				<visible>stringcompare(Container.FolderPath,addons://sources/video/)</visible>
				<control type="label">
					<posy>28</posy>
					<width>560</width>
					<label>$INFO[ListItem.Property(Addon.Summary)]</label>
					<include>list_Label-sub</include>
				</control>
			</control>
			<control type="image">
				<posx>570</posx>
				<posy>35</posy>
				<width>32</width>
				<height>32</height>
				<texture>$INFO[ListItem.VideoResolution,flags/hd/,.png]</texture>
				<animation effect="fade" end="30" time="0" condition="true">Conditional</animation>
				<aspectratio align="right">keep</aspectratio>
			</control>
			<control type="image">
				<posx>475</posx>
				<posy>12</posy>
				<width>128</width>
				<height>22</height>
				<info>ListItem.StarRating</info>
				<colordiffuse>Color7</colordiffuse>
				<aspectratio align="right">keep</aspectratio>
				<animation effect="fade" end="30" time="0" condition="true">Conditional</animation>
				<visible>![IsEmpty(ListItem.Title) + IsEmpty(ListItem.TVShowTitle)]</visible>
			</control>
		</itemlayout>
		<focusedlayout width="625" height="67">
			<control type="image">
				<posy>-30</posy>
				<width>650</width>
				<height>128</height>
				<texture border="0,30,0,30">views/list-focus.png</texture>
				<include>focus_ListScroll</include>
				<visible>!ControlGroup(6000).HasFocus</visible>
			</control>
			<control type="label">
				<posx>40</posx>
				<width>440</width>
				<label>$INFO[ListItem.Label]</label>
				<include>list_Label-focus</include>
				<visible>!Container.Content(episodes) | [Container.Content(episodes) + IsEmpty(ListItem.Title)]</visible>
			</control>
			<control type="group">
				<posx>40</posx>
				<visible>Container.Content(movies)</visible>
				<control type="label">
					<posy>28</posy>
					<width>510</width>
					<label>$INFO[ListItem.Duration,, $LOCALIZE[31100]]$INFO[ListItem.Genre, • ]</label>
					<include>list_Label-sub-focus</include>
					<visible>IsEmpty(ListItem.Property(ReleaseDate))</visible>
				</control>
				<control type="label">
					<posy>28</posy>
					<width>510</width>
					<label>$INFO[ListItem.Property(ReleaseDate)]</label>
					<include>list_Label-sub-focus</include>
				</control>
			</control>
			<control type="group">
				<posx>40</posx>
				<visible>Container.Content(tvshows) | Container.Content(seasons)</visible>
				<control type="label">
					<posy>28</posy>
					<width>560</width>
					<label>$INFO[ListItem.Property(UnWatchedEpisodes),, $LOCALIZE[16101] $LOCALIZE[20360]]</label>
					<include>list_Label-sub-focus</include>
				</control>
				<!--is linked movie-->
				<control type="label">
					<posy>28</posy>
					<width>560</width>
					<label>$INFO[ListItem.Genre]</label>
					<include>list_Label-sub-focus</include>
					<visible>IsEmpty(ListItem.Property(UnWatchedEpisodes)) + !IsEmpty(ListItem.Title)</visible>
				</control>
			</control>
			<control type="group">
				<posx>40</posx>
				<visible>Container.Content(episodes)</visible>
				<control type="label">
					<width>440</width>
					<label>$INFO[ListItem.Title]</label>
					<include>list_Label-focus</include>
					<visible>!stringcompare(Container.FolderPath,videodb://5/)</visible>
				</control>
				<control type="label">
					<width>440</width>
					<label>$INFO[ListItem.TVShowTitle]$INFO[ListItem.Title,: ]</label>
					<include>list_Label-focus</include>
					<visible>stringcompare(Container.FolderPath,videodb://5/)</visible>
				</control>
				<control type="label">
					<posy>28</posy>
					<width>560</width>
					<label>$INFO[ListItem.Season,$LOCALIZE[20373] , - ]$INFO[ListItem.Episode,$LOCALIZE[20359] ]</label>
					<include>list_Label-sub-focus</include>
				</control>
			</control>
			<control type="group">
				<posx>40</posx>
				<visible>Container.Content(musicvideos)</visible>
				<control type="label">
					<posy>28</posy>
					<width>560</width>
					<label>$INFO[ListItem.Artist]</label>
					<include>list_Label-sub-focus</include>
				</control>
			</control>
			<control type="group">
				<posx>40</posx>
				<visible>stringcompare(Container.FolderPath,addons://sources/video/)</visible>
				<control type="label">
					<posy>28</posy>
					<width>560</width>
					<label>$INFO[ListItem.Property(Addon.Summary)]</label>
					<font>listInfo</font>
					<include>list_Label-focus</include>
				</control>
			</control>
			<control type="image">
				<posx>570</posx>
				<posy>35</posy>
				<width>32</width>
				<height>32</height>
				<texture>$INFO[ListItem.VideoResolution,flags/hd/,.png]</texture>
				<aspectratio align="right">keep</aspectratio>
			</control>
			<control type="image">
				<posx>475</posx>
				<posy>12</posy>
				<width>128</width>
				<height>22</height>
				<info>ListItem.StarRating</info>
				<colordiffuse>Color7</colordiffuse>
				<aspectratio align="right">keep</aspectratio>
				<visible>![IsEmpty(ListItem.Title) + IsEmpty(ListItem.TVShowTitle)]</visible>
			</control>
		</focusedlayout>
	</include>

<!---VIDEO PLAYLIST------>
	<include name="ListVideoPlaylist">
		<itemlayout width="625" height="67">
			<control type="label">
				<posx>40</posx>
				<width>440</width>
				<label>$INFO[ListItem.Label]</label>
				<include>list_Label</include>
				<visible>IsEmpty(ListItem.Title)</visible>
			</control>
			<control type="label">
				<posx>40</posx>
				<width>440</width>
				<label>$INFO[ListItem.TVShowTitle,,: ]$INFO[ListItem.Title]</label>
				<include>list_Label</include>
				<visible>!IsEmpty(ListItem.TVShowTitle)</visible>
			</control>
			<control type="label">
				<posx>40</posx>
				<width>440</width>
				<label>$INFO[ListItem.Title]</label>
				<include>list_Label</include>
				<visible>IsEmpty(ListItem.TVShowTitle)</visible>
			</control>
			<control type="label">
				<posx>40</posx>
				<posy>27</posy>
				<width>510</width>
				<label>$INFO[ListItem.TVShowTitle,,: ]$INFO[ListItem.Season,$LOCALIZE[20373] , -] $INFO[ListItem.Episode,$LOCALIZE[20359] ]</label>
				<include>list_Label-sub</include>
				<visible>!IsEmpty(ListItem.TVShowTitle) + IsEmpty(ListItem.Artist)</visible>
			</control>
			<control type="label">
				<posx>40</posx>
				<posy>27</posy>
				<width>510</width>
				<label>$INFO[ListItem.Genre]</label>
				<include>list_Label-sub</include>
				<visible>IsEmpty(ListItem.TVShowTitle) + IsEmpty(ListItem.Artist)</visible>
			</control>
			<control type="label">
				<posx>40</posx>
				<posy>27</posy>
				<width>510</width>
				<label>$INFO[ListItem.Artist]</label>
				<include>list_Label-sub</include>
			</control>
			<control type="label">
				<posx>40</posx>
				<posy>27</posy>
				<width>510</width>
				<label>$INFO[ListItem.Path]</label>
				<include>list_Label-sub</include>
				<visible>IsEmpty(ListItem.TVShowTitle) + IsEmpty(ListItem.Artist) + IsEmpty(Listitem.Genre)</visible>
			</control>
			<control type="image">
				<posx>570</posx>
				<posy>35</posy>
				<width>32</width>
				<height>32</height>
				<texture>$INFO[ListItem.VideoResolution,flags/hd/,.png]</texture>
				<aspectratio align="right">keep</aspectratio>
				<animation effect="fade" end="30" time="0" condition="true">Conditional</animation>
			</control>
			<control type="image">
				<posx>475</posx>
				<posy>12</posy>
				<width>128</width>
				<height>22</height>
				<info>ListItem.StarRating</info>
				<colordiffuse>Color7</colordiffuse>
				<aspectratio align="right">keep</aspectratio>
				<animation effect="fade" end="30" time="0" condition="true">Conditional</animation>
			</control>
		</itemlayout>
		<focusedlayout condition="Window.IsActive(videoplaylist)" width="625" height="67">
			<control type="image">
				<posx>0</posx>
				<posy>-26</posy>
				<width>650</width>
				<height>122</height>
				<texture border="0,30,0,30">views/list-focus.png</texture>
				<include>focus_ListScroll</include>
				<visible>!ControlGroup(6000).HasFocus</visible>
			</control>
			<control type="label">
				<posx>40</posx>
				<width>440</width>
				<label>$INFO[ListItem.Label]</label>
				<include>list_Label-focus</include>
				<visible>IsEmpty(ListItem.Title)</visible>
			</control>
			<control type="label">
				<posx>40</posx>
				<width>440</width>
				<label>$INFO[ListItem.TVShowTitle,,: ]$INFO[ListItem.Title]</label>
				<include>list_Label-focus</include>
				<visible>!IsEmpty(ListItem.TVShowTitle)</visible>
			</control>
			<control type="label">
				<posx>40</posx>
				<width>440</width>
				<label>$INFO[ListItem.Title]</label>
				<include>list_Label-focus</include>
				<visible>IsEmpty(ListItem.TVShowTitle)</visible>
			</control>
			<control type="label">
				<posx>40</posx>
				<posy>27</posy>
				<width>510</width>
				<label>$INFO[ListItem.TVShowTitle,,: ]$INFO[ListItem.Season,$LOCALIZE[20373] , -] $INFO[ListItem.Episode,$LOCALIZE[20359] ]</label>
				<include>list_Label-sub-focus</include>
				<visible>!IsEmpty(ListItem.TVShowTitle) + IsEmpty(ListItem.Artist)</visible>
			</control>
			<control type="label">
				<posx>40</posx>
				<posy>27</posy>
				<width>510</width>
				<label>$INFO[ListItem.Genre]</label>
				<include>list_Label-sub-focus</include>
				<visible>IsEmpty(ListItem.TVShowTitle) + IsEmpty(ListItem.Artist)</visible>
			</control>
			<control type="label">
				<posx>40</posx>
				<posy>27</posy>
				<width>510</width>
				<label>$INFO[ListItem.Artist]</label>
				<include>list_Label-sub-focus</include>
			</control>
			<control type="label">
				<posx>40</posx>
				<posy>27</posy>
				<width>510</width>
				<label>$INFO[ListItem.Path]</label>
				<include>list_Label-sub-focus</include>
				<visible>IsEmpty(ListItem.TVShowTitle) + IsEmpty(ListItem.Artist) + IsEmpty(Listitem.Genre)</visible>
			</control>
			<control type="image">
				<posx>570</posx>
				<posy>35</posy>
				<width>32</width>
				<height>32</height>
				<texture>$INFO[ListItem.VideoResolution,flags/hd/,.png]</texture>
				<aspectratio align="right">keep</aspectratio>
			</control>
			<control type="image">
				<posx>475</posx>
				<posy>12</posy>
				<width>128</width>
				<height>22</height>
				<info>ListItem.StarRating</info>
				<colordiffuse>Color7</colordiffuse>
				<aspectratio align="right">keep</aspectratio>
			</control>
		</focusedlayout>
	</include>

<!---MUSIC------>
	<include name="ListMusic">
		<itemlayout condition="IsEmpty(Container.FolderPath) | ![stringcompare(Container.FolderPath,addons://sources/audio/) | Container.Content(artists) | Container.Content(albums) | Container.Content(songs)]" width="625" height="40">
			<control type="label">
				<posx>40</posx>
				<width>500</width>
				<label>$INFO[ListItem.Label]</label>
				<include>list_Label-single</include>
			</control>
		</itemlayout>
		<focusedlayout condition="IsEmpty(Container.FolderPath) | ![stringcompare(Container.FolderPath,addons://sources/audio/) | Container.Content(artists) | Container.Content(albums) | Container.Content(songs)]" width="625" height="40">
			<control type="image">
				<posy>-28</posy>
				<width>650</width>
				<height>100</height>
				<texture border="0,30,0,30">views/list-focus.png</texture>
				<include>focus_ListScrollAlt</include>
				<visible>!ControlGroup(6000).HasFocus</visible>
			</control>
			<control type="label">
				<posx>40</posx>
				<width>500</width>
				<label>$INFO[ListItem.Label]</label>
				<textcolor>Focused</textcolor>
				<include>list_Label-single</include>
			</control>
		</focusedlayout>
		<itemlayout width="625" height="67">
			<control type="label">
				<posx>40</posx>
				<width>440</width>
				<label>$INFO[ListItem.Label]</label>
				<include>list_Label</include>
				<visible>!Container.Content(songs) | IsEmpty(ListItem.Title)</visible>
			</control>
			<control type="label">
				<posx>40</posx>
				<width>440</width>
				<label>$INFO[ListItem.Title]</label>
				<include>list_Label</include>
				<visible>Container.Content(songs)</visible>
			</control>
			<control type="label">
				<posx>40</posx>
				<posy>28</posy>
				<width>560</width>
				<label>$INFO[ListItem.Property(Artist_Genre)]</label>
				<include>list_Label-sub</include>
				<visible>Container.Content(artists)</visible>
			</control>
			<control type="label">
				<posx>40</posx>
				<posy>28</posy>
				<width>560</width>
				<label>$INFO[ListItem.Artist]$INFO[ListItem.Year, • ]$INFO[ListItem.Genre, • ]</label>
				<include>list_Label-sub</include>
				<visible>Container.Content(albums)</visible>
			</control>
			<control type="label">
				<posx>40</posx>
				<posy>28</posy>
				<width>560</width>
				<label>$INFO[ListItem.Artist]$INFO[ListItem.Album, • ]$INFO[ListItem.TrackNumber, • $LOCALIZE[554] ]</label>
				<include>list_Label-sub</include>
				<visible>Container.Content(songs)</visible>
			</control>
			<control type="group">
				<visible>stringcompare(Container.FolderPath,addons://sources/audio/)</visible>
				<control type="label">
					<posx>40</posx>
					<width>440</width>
					<label>$INFO[ListItem.Label]</label>
					<include>list_Label</include>
				</control>
				<control type="label">
					<posx>40</posx>
					<posy>28</posy>
					<width>560</width>
					<label>$INFO[ListItem.Property(Addon.Summary)]</label>
					<include>list_Label-sub</include>
				</control>
			</control>
			<control type="image">
				<posx>475</posx>
				<posy>12</posy>
				<width>128</width>
				<height>22</height>
				<info>ListItem.StarRating</info>
				<colordiffuse>Color7</colordiffuse>
				<aspectratio align="right">keep</aspectratio>
				<animation effect="fade" end="30" time="0" condition="true">Conditional</animation>
				<visible>![IsEmpty(ListItem.Title) + IsEmpty(ListItem.Artist)]</visible>
			</control>
		</itemlayout>
		<focusedlayout width="625" height="67">
			<control type="image">
				<posy>-30</posy>
				<width>650</width>
				<height>128</height>
				<texture border="0,30,0,30">views/list-focus.png</texture>
				<include>focus_ListScroll</include>
				<visible>!ControlGroup(6000).HasFocus</visible>
			</control>
			<control type="label">
				<posx>40</posx>
				<width>440</width>
				<label>$INFO[ListItem.Label]</label>
				<include>list_Label-focus</include>
				<visible>!Container.Content(songs) | IsEmpty(ListItem.Title)</visible>
			</control>
			<control type="label">
				<posx>40</posx>
				<width>440</width>
				<label>$INFO[ListItem.Title]</label>
				<include>list_Label-focus</include>
				<visible>Container.Content(songs)</visible>
			</control>
			<control type="label">
				<posx>40</posx>
				<posy>28</posy>
				<width>560</width>
				<label>$INFO[ListItem.Property(Artist_Genre)]</label>
				<include>list_Label-sub-focus</include>
				<visible>Container.Content(artists)</visible>
			</control>
			<control type="label">
				<posx>40</posx>
				<posy>28</posy>
				<width>560</width>
				<label>$INFO[ListItem.Artist]$INFO[ListItem.Year, • ]$INFO[ListItem.Genre, • ]</label>
				<include>list_Label-sub-focus</include>
				<visible>Container.Content(albums)</visible>
			</control>
			<control type="label">
				<posx>40</posx>
				<posy>28</posy>
				<width>560</width>
				<label>$INFO[ListItem.Artist]$INFO[ListItem.Album, • ]$INFO[ListItem.TrackNumber, • $LOCALIZE[554] ]</label>
				<include>list_Label-sub-focus</include>
				<visible>Container.Content(songs)</visible>
			</control>
			<control type="group">
				<visible>stringcompare(Container.FolderPath,addons://sources/audio/)</visible>
				<control type="label">
					<posx>40</posx>
					<width>440</width>
					<label>$INFO[ListItem.Label]</label>
					<include>list_Label-focus</include>
				</control>
				<control type="label">
					<posx>40</posx>
					<posy>28</posy>
					<width>560</width>
					<label>$INFO[ListItem.Property(Addon.Summary)]</label>
					<include>list_Label-sub-focus</include>
				</control>
			</control>
			<control type="image">
				<posx>475</posx>
				<posy>12</posy>
				<width>128</width>
				<height>22</height>
				<info>ListItem.StarRating</info>
				<colordiffuse>Color7</colordiffuse>
				<aspectratio align="right">keep</aspectratio>
				<visible>![IsEmpty(ListItem.Title) + IsEmpty(ListItem.Artist)]</visible>
			</control>
		</focusedlayout>
	</include>

<!---MUSIC PLAYLIST------>
	<include name="ListMusicPlaylist">
		<itemlayout width="625" height="67">
			<control type="label">
				<posx>40</posx>
				<width>440</width>
				<label>$INFO[ListItem.Title]</label>
				<include>list_Label</include>
			</control>
			<control type="label">
				<posx>40</posx>
				<width>500</width>
				<label>$INFO[ListItem.Label]</label>
				<include>list_Label</include>
				<visible>IsEmpty(ListItem.Title)</visible>
			</control>
			<control type="label">
				<posx>40</posx>
				<posy>28</posy>
				<width>560</width>
				<label>$INFO[ListItem.Artist]</label>
				<include>list_Label-sub</include>
			</control>		
			<control type="label">
				<posx>600</posx>
				<posy>28</posy>
				<width>500</width>
				<label>$INFO[ListItem.Duration]</label>
				<align>right</align>
				<font>smallCaps</font>
				<include>list_Label-sub</include>
				<visible>!IsEmpty(ListItem.Title)</visible>
			</control>
			<control type="image">
				<posx>475</posx>
				<posy>10</posy>
				<width>128</width>
				<height>22</height>
				<info>ListItem.StarRating</info>
				<aspectratio align="right">keep</aspectratio>
				<animation effect="fade" end="30" time="0" condition="true">Conditional</animation>
				<visible>!IsEmpty(ListItem.Title)</visible>
			</control>
		</itemlayout>
		<focusedlayout width="625" height="67">
			<control type="image">
				<posy>-30</posy>
				<width>650</width>
				<height>128</height>
				<texture border="0,30,0,30">views/list-focus.png</texture>
				<visible>!ControlGroup(6000).HasFocus</visible>
			</control>
			<control type="label">
				<posx>40</posx>
				<width>440</width>
				<label>$INFO[ListItem.Title]</label>
				<include>list_Label-focus</include>
			</control>
			<control type="label">
				<posx>40</posx>
				<width>440</width>
				<label>$INFO[ListItem.Label]</label>
				<include>list_Label-focus</include>
				<visible>IsEmpty(ListItem.Title)</visible>
			</control>
			<control type="label">
				<posx>40</posx>
				<posy>28</posy>
				<width>560</width>
				<label>$INFO[ListItem.Artist]</label>
				<include>list_Label-sub-focus</include>
			</control>
			<control type="label">
				<posx>600</posx>
				<posy>25</posy>
				<width>500</width>
				<label>$INFO[ListItem.Duration]</label>
				<align>right</align>
				<font>smallCaps</font>
				<include>list_Label-sub-focus</include>
				<visible>!IsEmpty(ListItem.Title)</visible>
			</control>
			<control type="image">
				<posx>475</posx>
				<posy>10</posy>
				<width>128</width>
				<height>22</height>
				<info>ListItem.StarRating</info>
				<aspectratio align="right">keep</aspectratio>
				<visible>!IsEmpty(ListItem.Title)</visible>
			</control>
		</focusedlayout>
	</include>

<!---PICTURES------>
	<include name="ListPictures">
		<itemlayout condition="!Container.HasFiles" width="625" height="40">
			<control type="label">
				<posx>40</posx>
				<width>500</width>
				<label>$INFO[ListItem.Label]</label>
				<include>list_Label-single</include>
			</control>
		</itemlayout>
		<focusedlayout condition="!Container.HasFiles" width="625" height="40">
			<control type="image">
				<posy>-28</posy>
				<width>650</width>
				<height>100</height>
				<texture border="0,30,0,30">views/list-focus.png</texture>
				<include>focus_ListScrollAlt</include>
				<visible>!ControlGroup(6000).HasFocus</visible>
			</control>
			<control type="label">
				<posx>40</posx>
				<width>500</width>
				<label>$INFO[ListItem.Label]</label>
				<textcolor>Focused</textcolor>
				<include>list_Label-single</include>
			</control>
		</focusedlayout>
		<itemlayout condition="Container.HasFiles" width="625" height="67">
			<control type="label">
				<posx>40</posx>
				<width>500</width>
				<label>$INFO[ListItem.Label]</label>
				<include>list_Label</include>
			</control>
			<control type="label">
				<posx>40</posx>
				<posy>28</posy>
				<width>560</width>
				<label>$INFO[ListItem.Date]$INFO[ListItem.PictureResolution, • ]</label>
				<include>list_Label-sub</include>
			</control>
			<control type="label">
				<posx>40</posx>
				<posy>28</posy>
				<width>560</width>
				<label>$INFO[ListItem.Property(Addon.Summary)]</label>
				<include>list_Label-sub</include>
				<visible>!IsEmpty(ListItem.Property(Addon.Name))</visible>
			</control>
		</itemlayout>
		<focusedlayout condition="Container.HasFiles" width="625" height="67">
			<control type="image">
				<posy>-30</posy>
				<width>650</width>
				<height>128</height>
				<texture border="0,30,0,30">views/list-focus.png</texture>
				<include>focus_ListScroll</include>
				<visible>!ControlGroup(6000).HasFocus</visible>
			</control>
			<control type="label">
				<posx>40</posx>
				<width>500</width>
				<label>$INFO[ListItem.Label]</label>
				<include>list_Label-focus</include>
			</control>
			<control type="label">
				<posx>40</posx>
				<posy>28</posy>
				<width>560</width>
				<label>$INFO[ListItem.Date]$INFO[ListItem.PictureResolution, • ]</label>
				<include>list_Label-sub-focus</include>
			</control>
			<control type="label">
				<posx>40</posx>
				<posy>28</posy>
				<width>560</width>
				<label>$INFO[ListItem.Property(Addon.Summary)]</label>
				<include>list_Label-sub-focus</include>
				<visible>!IsEmpty(ListItem.Property(Addon.Name))</visible>
			</control>
		</focusedlayout>
	</include>

<!--ADDONS------>
	<include name="ListAddons">
		<itemlayout condition="!Container.HasFiles" width="625" height="40">
			<control type="label">
				<posx>40</posx>
				<width>500</width>
				<label>$INFO[ListItem.Label]</label>
				<include>list_Label-single</include>
			</control>
		</itemlayout>
		<focusedlayout condition="!Container.HasFiles" width="625" height="40">
			<control type="image">
				<posy>-28</posy>
				<width>650</width>
				<height>100</height>
				<texture border="0,30,0,30">views/list-focus.png</texture>
				<include>focus_ListScrollAlt</include>
				<visible>!ControlGroup(6000).HasFocus</visible>
			</control>
			<control type="label">
				<posx>40</posx>
				<width>500</width>
				<label>$INFO[ListItem.Label]</label>
				<textcolor>Focused</textcolor>
				<include>list_Label-single</include>
			</control>
		</focusedlayout>
		<itemlayout condition="Container.HasFiles" width="625" height="67">
			<control type="label">
				<posx>40</posx>
				<width>500</width>
				<label>$INFO[ListItem.Label]</label>
				<include>list_Label</include>
				<visible>IsEmpty(ListItem.Property(Addon.Name))</visible>
			</control>
			<control type="label">
				<posx>40</posx>
				<width>500</width>
				<label>$INFO[ListItem.Property(Addon.Name)]</label>
				<include>list_Label</include>
			</control>
			<control type="label">
				<posx>40</posx>
				<posy>28</posy>
				<width>560</width>
				<label>$LOCALIZE[24051] $INFO[ListItem.Property(Addon.Version)]$INFO[ListItem.Property(Addon.Status), • ]</label>
				<include>list_Label-sub</include>
				<visible>!IsEmpty(ListItem.Property(Addon.Name))</visible>
			</control>
			<control type="image">
				<posx>475</posx>
				<posy>12</posy>
				<width>128</width>
				<height>22</height>
				<texture>$INFO[ListItem.Property(Addon.StarRating)]</texture>
				<aspectratio align="right">keep</aspectratio>
				<animation effect="fade" end="30" time="0" condition="true">Conditional</animation>
			</control>
		</itemlayout>
		<focusedlayout condition="Container.HasFiles" width="625" height="67">
			<control type="image">
				<posy>-30</posy>
				<width>650</width>
				<height>128</height>
				<texture border="0,30,0,30">views/list-focus.png</texture>
				<include>focus_ListScroll</include>
				<visible>!ControlGroup(6000).HasFocus</visible>
			</control>
			<control type="label">
				<posx>40</posx>
				<width>500</width>
				<label>$INFO[ListItem.Label]</label>
				<include>list_Label-focus</include>
				<visible>IsEmpty(ListItem.Property(Addon.Name))</visible>
			</control>
			<control type="label">
				<posx>40</posx>
				<width>500</width>
				<label>$INFO[ListItem.Property(Addon.Name)]</label>
				<include>list_Label-focus</include>
			</control>
			<control type="label">
				<posx>40</posx>
				<posy>28</posy>
				<width>560</width>
				<label>$LOCALIZE[24051] $INFO[ListItem.Property(Addon.Version)]$INFO[ListItem.Property(Addon.Status), • ]</label>
				<include>list_Label-sub-focus</include>
				<visible>!IsEmpty(ListItem.Property(Addon.Name))</visible>
			</control>
			<control type="image">
				<posx>475</posx>
				<posy>12</posy>
				<width>128</width>
				<height>22</height>
				<texture>$INFO[ListItem.Property(Addon.StarRating)]</texture>
				<aspectratio align="right">keep</aspectratio>
			</control>
		</focusedlayout>
	</include>

<!--- BIG LIST ---------->
	<include name="view_BigList">
		<control type="group">
			<include>transition_Container</include>
			<include>infoDialogHide</include>
			<include>toggle_Menu</include>
			<!---selector--->
			<control type="image">
				<posx>29</posx>
				<posy>237</posy>
				<width>1205</width>
				<height>146</height>
				<texture border="10">views/list-focus-bigAlt.png</texture>
				<animation effect="slide" start="0,0" end="0,8" time="0" condition="Skin.HasSetting(numitems.enable)">Conditional</animation>
				<visible>![Window.IsActive(movieinformation)] + [Container.Content(episodes) | Container.Content(tvshows) | Container.Content(movies)] + Control.IsVisible(51)</visible>
			</control>
			<!--container--->
			<control type="fixedlist" id="51">
				<viewtype label="537">biglist</viewtype> 
				<posx>30</posx>
				<posy>88</posy>
				<width>1400</width>
				<height>598</height>
				<onleft>6000</onleft>
				<onright>71</onright>
				<onup>51</onup>
				<ondown>51</ondown>
				<pagecontrol>71</pagecontrol>
				<focusposition>1</focusposition>
				<scrolltime tween="Cubic" easing="Out">200</scrolltime>
				<preloaditems>2</preloaditems>
				<orientation>vertical</orientation>
				<animation effect="slide" start="0,0" end="0,8" time="0" condition="Skin.HasSetting(numitems.enable)">Conditional</animation>
				<visible>![Container.Content(musicvideos) | Container.Content(seasons) | Container.Content(files) | substring(container.folderpath,plugin://) | substring(container.folderpath,addons://)]</visible>
				<itemlayout condition="Container.Content(episodes) | [!Skin.HasSetting(view.biglist.posters) + [Container.Content(tvshows) | Container.Content(movies)]]"width="625" height="150">
					<control type="image">
						<width>247</width>
						<height>144</height>
						<texture fallback="thumbs/movie_landscape.jpg" background="true">$INFO[ListItem.Property(Fanart_Image)]</texture>
						<bordertexture border="6" width="384" height="384">frames/frame_Square-small.png</bordertexture>
						<bordersize>6</bordersize>
						<aspectratio>stretch</aspectratio>
						<visible>Container.Content(movies)</visible>
					</control>
					<control type="image">
						<width>247</width>
						<height>144</height>
						<texture fallback="thumbs/tvshow_landscape.jpg" background="true">$INFO[ListItem.Property(Fanart_Image)]</texture>
						<bordertexture border="6" width="384" height="384">frames/frame_Square-small.png</bordertexture>
						<bordersize>6</bordersize>
						<aspectratio>stretch</aspectratio>
						<visible>Container.Content(tvshows)</visible>
					</control>
					<control type="image">
						<width>247</width>
						<height>144</height>
						<texture fallback="thumbs/tvshow_landscape.jpg" background="true">$INFO[ListItem.Thumb]</texture>
						<bordertexture border="6" width="384" height="384">frames/frame_Square-small.png</bordertexture>
						<bordersize>6</bordersize>
						<aspectratio>scale</aspectratio>
						<visible>Container.Content(episodes)</visible>
					</control>
					<control type="label">
						<posy>2</posy>
						<posx>260</posx>
						<width>770</width>
						<label>$INFO[ListItem.Label]</label>
						<include>list_Label</include>
						<visible>!Container.Content(episodes)</visible>
					</control>
					<control type="label">
						<posy>2</posy>
						<posx>260</posx>
						<width>770</width>
						<label>$INFO[ListItem.Label]</label>
						<include>list_Label</include>
						<visible>Container.Content(episodes) + IsEmpty(ListItem.Title)</visible>
					</control>
					<control type="label">
						<posx>260</posx>
						<posy>28</posy>
						<width>770</width>
						<label>$INFO[ListItem.Year,, • ]$INFO[ListItem.Duration,, $LOCALIZE[31100]]$INFO[ListItem.Genre, • ]</label>
						<include>list_Label-sub</include>
						<visible>Container.Content(movies)</visible>
					</control>
					<control type="group">
						<posx>260</posx>
						<posy>28</posy>
						<visible>Container.Content(tvshows) + !IsEmpty(ListItem.TVShowTitle)</visible>
						<control type="label">
							<width>770</width>
							<label>$INFO[ListItem.Property(UnWatchedEpisodes),, $LOCALIZE[16101] $LOCALIZE[20360]]$INFO[ListItem.Property(TotalSeasons), • ] $LOCALIZE[33054]</label>
							<include>list_Label-sub</include>
							<visible>IntegerGreaterThan(ListItem.Property(TotalEpisodes),1)</visible>
						</control>
						<control type="label" id="1">
							<width>770</width>
							<label>$INFO[ListItem.Property(UnWatchedEpisodes),, $LOCALIZE[16101] $LOCALIZE[20360]]$INFO[ListItem.Property(TotalSeasons), • ] $LOCALIZE[20373]</label>
							<include>list_Label-sub</include>
							<visible>!IntegerGreaterThan(ListItem.Property(TotalEpisodes),1)</visible>
						</control>
					</control>
					<control type="group">
						<posx>260</posx>
						<posy>2</posy>
						<visible>Container.Content(episodes) + !IsEmpty(ListItem.Title)</visible>
						<control type="label">
							<width>770</width>
							<label>$INFO[ListItem.Title]</label>
							<include>list_Label</include>
							<visible>![stringcompare(container.folderpath,videodb://5/) | substring(Container.FolderPath,special://profile/playlists/video/)]</visible>
						</control>
						<control type="label">
							<width>770</width>
							<label>$INFO[ListItem.TVShowTitle,,: ]$INFO[ListItem.Title]</label>
							<include>list_Label</include>
							<visible>stringcompare(container.folderpath,videodb://5/) | substring(Container.FolderPath,special://profile/playlists/video/)</visible>
						</control>
						<control type="label">
							<posy>28</posy>
							<width>770</width>
							<label>$INFO[ListItem.Season,$LOCALIZE[20373] , - ]$INFO[ListItem.Episode,$LOCALIZE[20359] ]$INFO[ListItem.Premiered, • ]</label>
							<include>list_Label-sub</include>
						</control>
					</control>
					<control type="textbox" id="4">
						<posx>260</posx>
						<posy>65</posy>
						<width>930</width>
						<height>59</height>
						<label>$INFO[ListItem.Plot]</label>
						<autoscroll delay="300000" time="1000">!Control.HasFocus(13)</autoscroll>
						<font>descriptionSmall</font>
					</control>
					<control type="image">
						<posx>209</posx>
						<posy>106</posy>
						<width>32</width>
						<height>32</height>
						<include>overlay_UnWatched</include>
					</control>
					<control type="image">
						<posx>1060</posx>
						<posy>35</posy>
						<width>128</width>
						<height>32</height>
						<info>ListItem.StarRating</info>
						<aspectratio align="right">keep</aspectratio>
						<visible>!IsEmpty(ListItem.Title)</visible>
					</control>
					<control type="image">
						<posx>1155</posx>
						<posy>8</posy>
						<width>32</width>
						<height>32</height>
						<texture>$INFO[ListItem.VideoResolution,flags/hd/,.png]</texture>
						<aspectratio align="right">keep</aspectratio>
					</control>
				</itemlayout>
				<focusedlayout condition="Container.Content(episodes) | [!Skin.HasSetting(view.biglist.posters) + [Container.Content(tvshows) | Container.Content(movies)]]" width="625" height="150">
					<control type="image">
						<width>247</width>
						<height>144</height>
						<texture fallback="thumbs/movie_landscape.jpg" background="true">$INFO[ListItem.Property(Fanart_Image)]</texture>
						<bordersize>6</bordersize>
						<aspectratio>scale</aspectratio>
						<visible>Container.Content(movies)</visible>
					</control>
					<control type="image">
						<width>247</width>
						<height>144</height>
						<texture fallback="thumbs/tvshow_landscape.jpg" background="true">$INFO[ListItem.Property(Fanart_Image)]</texture>
						<bordersize>6</bordersize>
						<aspectratio>scale</aspectratio>
						<visible>Container.Content(tvshows)</visible>
					</control>
					<control type="image">
						<width>247</width>
						<height>144</height>
						<texture fallback="thumbs/tvshow_landscape.jpg" background="true">$INFO[ListItem.Thumb]</texture>
						<bordersize>6</bordersize>
						<aspectratio>scale</aspectratio>
						<visible>Container.Content(episodes)</visible>
					</control>
					<control type="label">
						<posx>260</posx>
						<posy>2</posy>
						<width>770</width>
						<label>$INFO[ListItem.Label]</label>
						<include>list_Label-focus</include>
						<visible>!Container.Content(episodes)</visible>
					</control>
					<control type="label">
						<posy>2</posy>
						<posx>260</posx>
						<width>770</width>
						<label>$INFO[ListItem.Label]</label>
						<include>list_Label-focus</include>
						<visible>Container.Content(episodes) + IsEmpty(ListItem.Title)</visible>
					</control>
					<control type="label">
						<posx>260</posx>
						<posy>28</posy>
						<width>770</width>
						<label>$INFO[ListItem.Year,, • ]$INFO[ListItem.Duration,, $LOCALIZE[31100]]$INFO[ListItem.Genre, • ]</label>
						<include>list_Label-sub-focus</include>
						<visible>Container.Content(movies) + !IsEmpty(ListItem.Title)</visible>
					</control>
					<control type="group">
						<posx>260</posx>
						<posy>28</posy>
						<visible>Container.Content(tvshows) + !IsEmpty(ListItem.TVShowTitle)</visible>
						<control type="label">
							<width>770</width>
							<label>$INFO[ListItem.Property(UnWatchedEpisodes),, $LOCALIZE[16101] $LOCALIZE[20360]]$INFO[ListItem.Property(TotalSeasons), • ] $LOCALIZE[33054]</label>
							<include>list_Label-sub-focus</include>
							<visible>IntegerGreaterThan(ListItem.Property(TotalEpisodes),1)</visible>
						</control>
						<control type="label">
							<width>770</width>
							<label>$INFO[ListItem.Property(UnWatchedEpisodes),, $LOCALIZE[16101] $LOCALIZE[20360]]$INFO[ListItem.Property(TotalSeasons), • ] $LOCALIZE[20373]</label>
							<include>list_Label-sub-focus</include>
							<visible>!IntegerGreaterThan(ListItem.Property(TotalEpisodes),1)</visible>
						</control>
					</control>
					<control type="group">
						<posx>260</posx>
						<posy>2</posy>
						<visible>Container.Content(episodes) + !IsEmpty(ListItem.Title)</visible>
						<control type="label">
							<width>770</width>
							<label>$INFO[ListItem.Title]</label>
							<include>list_Label-focus</include>
							<visible>![stringcompare(container.folderpath,videodb://5/) | substring(Container.FolderPath,special://profile/playlists/video/)]</visible>
						</control>
						<control type="label">
							<width>770</width>
							<label>$INFO[ListItem.TVShowTitle,,: ]$INFO[ListItem.Title]</label>
							<include>list_Label-focus</include>
							<visible>stringcompare(container.folderpath,videodb://5/) | substring(Container.FolderPath,special://profile/playlists/video/)</visible>
						</control>
						<control type="label">
							<posy>28</posy>
							<width>770</width>
							<label>$INFO[ListItem.Season,$LOCALIZE[20373] , - ]$INFO[ListItem.Episode,$LOCALIZE[20359] ]$INFO[ListItem.Premiered, • ]</label>
							<include>list_Label-sub-focus</include>
						</control>
					</control>
					<control type="textbox" id="4">
						<posx>260</posx>
						<posy>65</posy>
						<width>930</width>
						<height>59</height>
						<label>$INFO[ListItem.Plot]</label>
						<include>autoscroll-plot</include>
						<font>descriptionSmall</font>
						<textcolor>Focused</textcolor>
					</control>
					<control type="image">
						<posx>209</posx>
						<posy>106</posy>
						<width>32</width>
						<height>32</height>
						<include>overlay_UnWatched</include>
					</control>
					<control type="image">
						<posx>1060</posx>
						<posy>35</posy>
						<width>128</width>
						<height>32</height>
						<info>ListItem.StarRating</info>
						<aspectratio align="right">keep</aspectratio>
						<visible>!IsEmpty(ListItem.Title)</visible>
					</control>
					<control type="image">
						<posx>1155</posx>
						<posy>10</posy>
						<width>32</width>
						<height>32</height>
						<texture>$INFO[ListItem.VideoResolution,flags/hd/mono/,.png]</texture>
						<aspectratio align="right">keep</aspectratio>
						<colordiffuse>Color4</colordiffuse>
					</control>
				</focusedlayout>
	
				<itemlayout condition="Skin.HasSetting(view.biglist.posters) + [Container.Content(tvshows) | Container.Content(movies)]"width="625" height="150">
					<control type="image">
						<width>100</width>
						<height>144</height>
						<texture fallback="thumbs/movie_portrait.jpg" background="true">$INFO[ListItem.Thumb]</texture>
						<bordertexture border="6" width="384" height="384">frames/frame_Square-small.png</bordertexture>
						<bordersize>6</bordersize>
						<aspectratio>stretch</aspectratio>
						<visible>Container.Content(movies)</visible>
					</control>
					<control type="image">
						<width>100</width>
						<height>144</height>
						<texture fallback="thumbs/tvshow_portrait.jpg" background="true">$INFO[ListItem.Thumb]</texture>
						<bordertexture border="6" width="384" height="384">frames/frame_Square-small.png</bordertexture>
						<bordersize>6</bordersize>
						<aspectratio>stretch</aspectratio>
						<visible>Container.Content(tvshows)</visible>
					</control>
					<control type="label">
						<posx>120</posx>
						<posy>2</posy>
						<width>770</width>
						<label>$INFO[ListItem.Label]</label>
						<include>list_Label</include>
					</control>
					<control type="group">
						<posx>120</posx>
						<posy>28</posy>
						<control type="label">
							<width>900</width>
							<label>$INFO[ListItem.Year,, • ]$INFO[ListItem.Duration,, $LOCALIZE[31100]]$INFO[ListItem.Genre, • ]</label>
							<include>list_Label-sub</include>
							<visible>Container.Content(movies)</visible>
						</control>
						<control type="label">
							<width>975</width>
							<label>$INFO[ListItem.Property(UnWatchedEpisodes),, $LOCALIZE[16101] $LOCALIZE[20360]]</label>
							<include>list_Label-sub</include>
							<visible>Container.Content(tvshows)</visible>
						</control>
					</control>
					<control type="textbox" id="4">
						<posx>120</posx>
						<posy>67</posy>
						<width>1070</width>
						<height>60</height>
						<label>$INFO[ListItem.Plot]</label>
						<autoscroll delay="300000" time="1000">!Control.HasFocus(13)</autoscroll>
						<font>descriptionSmall</font>
					</control>
					<control type="image">
						<posx>62</posx>
						<posy>106</posy>
						<include>overlay_UnWatched</include>
					</control>
					<control type="image">
						<posx>1060</posx>
						<posy>35</posy>
						<width>128</width>
						<height>32</height>
						<info>ListItem.StarRating</info>
						<aspectratio align="right">keep</aspectratio>
						<visible>!IsEmpty(ListItem.Title)</visible>
					</control>
					<control type="image">
						<posx>1155</posx>
						<posy>10</posy>
						<width>32</width>
						<height>32</height>
						<texture>$INFO[ListItem.VideoResolution,flags/hd/,.png]</texture>
						<aspectratio align="right">keep</aspectratio>
					</control>
				</itemlayout>
				<focusedlayout condition="Skin.HasSetting(view.biglist.posters) + [Container.Content(tvshows) | Container.Content(movies)]" width="625" height="150">
					<control type="image">
						<width>100</width>
						<height>144</height>
						<texture fallback="thumbs/movie_portrait.jpg" background="true">$INFO[ListItem.Thumb]</texture>
						<bordersize>6</bordersize>
						<aspectratio>stretch</aspectratio>
						<visible>Container.Content(movies)</visible>
					</control>
					<control type="image">
						<width>100</width>
						<height>144</height>
						<texture fallback="thumbs/tvshow_portrait.jpg" background="true">$INFO[ListItem.Thumb]</texture>
						<bordersize>6</bordersize>
						<aspectratio>stretch</aspectratio>
						<visible>Container.Content(tvshows)</visible>
					</control>
					<control type="label">
						<posx>120</posx>
						<posy>2</posy>
						<width>770</width>
						<label>$INFO[ListItem.Label]</label>
						<include>list_Label-focus</include>
					</control>
					<control type="group">
						<posx>120</posx>
						<posy>28</posy>
						<visible>!IsEmpty(ListItem.Title)</visible>
						<control type="label">
							<width>900</width>
							<label>$INFO[ListItem.Year,, • ]$INFO[ListItem.Duration,, $LOCALIZE[31100]]$INFO[ListItem.Genre, • ]</label>
							<include>list_Label-sub-focus</include>
							<visible>Container.Content(movies)</visible>
						</control>
						<control type="label">
							<width>900</width>
							<label>$INFO[ListItem.Property(UnWatchedEpisodes),, $LOCALIZE[16101] $LOCALIZE[20360]]</label>
							<include>list_Label-sub-focus</include>
							<visible>Container.Content(tvshows)</visible>
						</control>
					</control>
					<control type="textbox" id="4">
						<posx>120</posx>
						<posy>67</posy>
						<width>1070</width>
						<height>60</height>
						<label>$INFO[ListItem.Plot]</label>
						<include>autoscroll-plot</include>
						<font>descriptionSmall</font>
						<textcolor>Focused</textcolor>
					</control>
					<control type="image">
						<posx>62</posx>
						<posy>106</posy>
						<include>overlay_UnWatched</include>
					</control>
					<control type="image">
						<posx>1060</posx>
						<posy>35</posy>
						<width>128</width>
						<height>32</height>
						<info>ListItem.StarRating</info>
						<aspectratio align="right">keep</aspectratio>
						<visible>!IsEmpty(ListItem.Title)</visible>
					</control>
					<control type="image">
						<posx>1155</posx>
						<posy>10</posy>
						<width>32</width>
						<height>32</height>
						<texture>$INFO[ListItem.VideoResolution,flags/hd/mono/,.png]</texture>
						<colordiffuse>Color4</colordiffuse>
						<aspectratio align="right">keep</aspectratio>
					</control>
				</focusedlayout>
			</control>
		</control>
	</include>
</includes>