﻿<includes>
	<include name="Alerts">
		<control type="group">
			<onright>5000</onright>
			<include>transition_Container</include>
			<include>toggle_Menu</include>
			<visible>StringCompare(Window.Property(Weather.CurrentView),alerts)</visible>
			<control type="textbox" id="8000">
				<posx>55</posx>
				<posy>100</posy>
				<width>1170</width>
				<height>575</height>
				<font>smallAlt</font>
				<textcolor>Color1</textcolor>
				<pagecontrol>5000</pagecontrol>
				<scrolltime>200</scrolltime>
				<spinheight>-5</spinheight>
				<info>Window.Property(Alerts)</info>
				<autoscroll time="2000" delay="15000" repeat="15000">!Control.Hasfocus(8001)</autoscroll>
			</control>
			<control type="scrollbar" id="5000">
				<posx>1240</posx>
				<posy>100</posy>
				<height>575</height>
				<onleft>6000</onleft>
				<onright>2000</onright>
			</control>
		</control>
	</include>
</includes>
