﻿<includes>
	<include name="Maps">
		<control type="label">
			<posx>38</posx>
			<posy>58</posy>
			<label>$LOCALIZE[33035]</label>
			<font>smallerCaps</font>
			<textcolor>Color3</textcolor>
			<include>transition_WindowTitle</include>
			<visible>StringCompare(Window.Property(Weather.CurrentView),maps)</visible>
		</control>
		
		<control type="group">
			<posx>20</posx>
			<posy>85</posy>
			<include>transition_Container</include>
			<include>toggle_Menu</include>
			<visible>StringCompare(Window.Property(Weather.CurrentView),maps)</visible>

			<!--map list-->
			<control type="list" id="51">
				<posx>875</posx>
				<posy>23</posy>
				<width>340</width>
				<height>572</height>
				<onleft>6000</onleft>
				<onright>63</onright>
				<onup>53</onup>
				<ondown>53</ondown>
				<viewtype label="$LOCALIZE[4]">list</viewtype>
				<pagecontrol>63</pagecontrol>
				<scrolltime>200</scrolltime>
				<itemlayout width="340" height="44">
					<control type="image">
						<width>340</width>
						<colordiffuse>column3</colordiffuse>
						<include>column_Single</include>
					</control>
					<control type="label">
						<posx>15</posx>
						<width>615</width>
						<label>$INFO[ListItem.Label]</label>
						<font>smallAlt</font>
						<include>column_Label</include>
					</control>
				</itemlayout>
				<focusedlayout width="340" height="44">
					<control type="image">
						<width>340</width>
						<colordiffuse>column1</colordiffuse>
						<include>column_Single</include>
					</control>
					<control type="label">
						<posx>15</posx>
						<width>615</width>
						<label>$INFO[ListItem.Label]</label>
						<font>smallAlt</font>
						<include>column_Label-focus</include>
					</control>
				</focusedlayout>
				<content>
					<item>
						<label>31907</label>
						<icon>icon-video.png</icon>
						<onclick>PlayMedia($INFO[Window.Property(Video)],1,noresume)</onclick>
						<visible>!IsEmpty(Window.Property(Video))</visible>
					</item>
					<item>
						<label>$INFO[Window.Property(MapList.1.MapLabel.1)]</label>
						<icon>icon-weather.png</icon>
						<onclick>SetProperty(Weather.CurrentMap,$INFO[Window.Property(MapList.1.MapLabel.1)])</onclick>
						<onclick>$INFO[Window.Property(MapList.1.MapOnclick.1)]</onclick>
						<visible>!IsEmpty(Window.Property(MapList.1.MapLabel.1))</visible>
					</item>
					<item>
						<label>$INFO[Window.Property(MapList.1.MapLabel.2)]</label>
						<icon>icon-weather.png</icon>
						<onclick>SetProperty(Weather.CurrentMap,$INFO[Window.Property(MapList.1.MapLabel.2)])</onclick>
						<onclick>$INFO[Window.Property(MapList.1.MapOnclick.2)]</onclick>
						<visible>!IsEmpty(Window.Property(MapList.1.MapLabel.2))</visible>
					</item>
					<item>
						<label>$INFO[Window.Property(MapList.1.MapLabel.3)]</label>
						<icon>icon-weather.png</icon>
						<onclick>SetProperty(Weather.CurrentMap,$INFO[Window.Property(MapList.1.MapLabel.3)])</onclick>
						<onclick>$INFO[Window.Property(MapList.1.MapOnclick.3)]</onclick>
						<visible>!IsEmpty(Window.Property(MapList.1.MapLabel.3))</visible>
					</item>
					<item>
						<label>$INFO[Window.Property(MapList.1.MapLabel.4)]</label>
						<icon>icon-weather.png</icon>
						<onclick>SetProperty(Weather.CurrentMap,$INFO[Window.Property(MapList.1.MapLabel.4)])</onclick>
						<onclick>$INFO[Window.Property(MapList.1.MapOnclick.4)]</onclick>
						<visible>!IsEmpty(Window.Property(MapList.1.MapLabel.4))</visible>
					</item>
					<item>
						<label>$INFO[Window.Property(MapList.1.MapLabel.5)]</label>
						<icon>icon-weather.png</icon>
						<onclick>SetProperty(Weather.CurrentMap,$INFO[Window.Property(MapList.1.MapLabel.5)])</onclick>
						<onclick>$INFO[Window.Property(MapList.1.MapOnclick.5)]</onclick>
						<visible>!IsEmpty(Window.Property(MapList.1.MapLabel.5))</visible>
					</item>
					<item>
						<label>$INFO[Window.Property(MapList.1.MapLabel.6)]</label>
						<icon>icon-weather.png</icon>
						<onclick>SetProperty(Weather.CurrentMap,$INFO[Window.Property(MapList.1.MapLabel.6)])</onclick>
						<onclick>$INFO[Window.Property(MapList.1.MapOnclick.6)]</onclick>
						<visible>!IsEmpty(Window.Property(MapList.1.MapLabel.6))</visible>
					</item>
					<item>
						<label>$INFO[Window.Property(MapList.1.MapLabel.7)]</label>
						<icon>icon-weather.png</icon>
						<onclick>SetProperty(Weather.CurrentMap,$INFO[Window.Property(MapList.1.MapLabel.7)])</onclick>
						<onclick>$INFO[Window.Property(MapList.1.MapOnclick.7)]</onclick>
						<visible>!IsEmpty(Window.Property(MapList.1.MapLabel.7))</visible>
					</item>
					<item>
						<label>$INFO[Window.Property(MapList.1.MapLabel.8)]</label>
						<icon>icon-weather.png</icon>
						<onclick>SetProperty(Weather.CurrentMap,$INFO[Window.Property(MapList.1.MapLabel.8)])</onclick>
						<onclick>$INFO[Window.Property(MapList.1.MapOnclick.8)]</onclick>
						<visible>!IsEmpty(Window.Property(MapList.1.MapLabel.8))</visible>
					</item>
					<item>
						<label>$INFO[Window.Property(MapList.1.MapLabel.9)]</label>
						<icon>icon-weather.png</icon>
						<onclick>SetProperty(Weather.CurrentMap,$INFO[Window.Property(MapList.1.MapLabel.9)])</onclick>
						<onclick>$INFO[Window.Property(MapList.1.MapOnclick.9)]</onclick>
						<visible>!IsEmpty(Window.Property(MapList.1.MapLabel.9))</visible>
					</item>
					<item>
						<label>$INFO[Window.Property(MapList.1.MapLabel.10)]</label>
						<icon>icon-weather.png</icon>
						<onclick>SetProperty(Weather.CurrentMap,$INFO[Window.Property(MapList.1.MapLabel.10)])</onclick>
						<onclick>$INFO[Window.Property(MapList.1.MapOnclick.10)]</onclick>
						<visible>!IsEmpty(Window.Property(MapList.1.MapLabel.10))</visible>
					</item>
					<item>
						<label>$INFO[Window.Property(MapList.1.MapLabel.11)]</label>
						<icon>icon-weather.png</icon>
						<onclick>SetProperty(Weather.CurrentMap,$INFO[Window.Property(MapList.1.MapLabel.11)])</onclick>
						<onclick>$INFO[Window.Property(MapList.1.MapOnclick.11)]</onclick>
						<visible>!IsEmpty(Window.Property(MapList.1.MapLabel.11))</visible>
					</item>
					<item>
						<label>$INFO[Window.Property(MapList.1.MapLabel.12)]</label>
						<icon>icon-weather.png</icon>
						<onclick>SetProperty(Weather.CurrentMap,$INFO[Window.Property(MapList.1.MapLabel.12)])</onclick>
						<onclick>$INFO[Window.Property(MapList.1.MapOnclick.12)]</onclick>
						<visible>!IsEmpty(Window.Property(MapList.1.MapLabel.12))</visible>
					</item>
					<item>
						<label>$INFO[Window.Property(MapList.1.MapLabel.13)]</label>
						<icon>icon-weather.png</icon>
						<onclick>SetProperty(Weather.CurrentMap,$INFO[Window.Property(MapList.1.MapLabel.13)])</onclick>
						<onclick>$INFO[Window.Property(MapList.1.MapOnclick.13)]</onclick>
						<visible>!IsEmpty(Window.Property(MapList.1.MapLabel.13))</visible>
					</item>
					<item>
						<label>$INFO[Window.Property(MapList.1.MapLabel.14)]</label>
						<icon>icon-weather.png</icon>
						<onclick>SetProperty(Weather.CurrentMap,$INFO[Window.Property(MapList.1.MapLabel.14)])</onclick>
						<onclick>$INFO[Window.Property(MapList.1.MapOnclick.14)]</onclick>
						<visible>!IsEmpty(Window.Property(MapList.1.MapLabel.14))</visible>
					</item>
					<item>
						<label>$INFO[Window.Property(MapList.1.MapLabel.15)]</label>
						<icon>icon-weather.png</icon>
						<onclick>SetProperty(Weather.CurrentMap,$INFO[Window.Property(MapList.1.MapLabel.15)])</onclick>
						<onclick>$INFO[Window.Property(MapList.1.MapOnclick.15)]</onclick>
						<visible>!IsEmpty(Window.Property(MapList.1.MapLabel.15))</visible>
					</item>
					<item>
						<label>$INFO[Window.Property(MapList.1.MapLabel.16)]</label>
						<icon>icon-weather.png</icon>
						<onclick>SetProperty(Weather.CurrentMap,$INFO[Window.Property(MapList.1.MapLabel.16)])</onclick>
						<onclick>$INFO[Window.Property(MapList.1.MapOnclick.16)]</onclick>
						<visible>!IsEmpty(Window.Property(MapList.1.MapLabel.16))</visible>
					</item>
					<item>
						<label>$INFO[Window.Property(MapList.1.MapLabel.17)]</label>
						<icon>icon-weather.png</icon>
						<onclick>SetProperty(Weather.CurrentMap,$INFO[Window.Property(MapList.1.MapLabel.17)])</onclick>
						<onclick>$INFO[Window.Property(MapList.1.MapOnclick.17)]</onclick>
						<visible>!IsEmpty(Window.Property(MapList.1.MapLabel.17))</visible>
					</item>
					<item>
						<label>$INFO[Window.Property(MapList.1.MapLabel.18)]</label>
						<icon>icon-weather.png</icon>
						<onclick>SetProperty(Weather.CurrentMap,$INFO[Window.Property(MapList.1.MapLabel.18)])</onclick>
						<onclick>$INFO[Window.Property(MapList.1.MapOnclick.18)]</onclick>
						<visible>!IsEmpty(Window.Property(MapList.1.MapLabel.18))</visible>
					</item>
					<item>
						<label>$INFO[Window.Property(MapList.1.MapLabel.19)]</label>
						<icon>icon-weather.png</icon>
						<onclick>SetProperty(Weather.CurrentMap,$INFO[Window.Property(MapList.1.MapLabel.19)])</onclick>
						<onclick>$INFO[Window.Property(MapList.1.MapOnclick.19)]</onclick>
						<visible>!IsEmpty(Window.Property(MapList.1.MapLabel.19))</visible>
					</item>
					<item>
						<label>$INFO[Window.Property(MapList.1.MapLabel.20)]</label>
						<icon>icon-weather.png</icon>
						<onclick>SetProperty(Weather.CurrentMap,$INFO[Window.Property(MapList.1.MapLabel.20)])</onclick>
						<onclick>$INFO[Window.Property(MapList.1.MapOnclick.20)]</onclick>
						<visible>!IsEmpty(Window.Property(MapList.1.MapLabel.20))</visible>
					</item>
					<item>
						<label>$INFO[Window.Property(MapList.1.MapLabel.21)]</label>
						<icon>icon-weather.png</icon>
						<onclick>SetProperty(Weather.CurrentMap,$INFO[Window.Property(MapList.1.MapLabel.21)])</onclick>
						<onclick>$INFO[Window.Property(MapList.1.MapOnclick.21)]</onclick>
						<visible>!IsEmpty(Window.Property(MapList.1.MapLabel.21))</visible>
					</item>
					<item>
						<label>$INFO[Window.Property(MapList.1.MapLabel.22)]</label>
						<icon>icon-weather.png</icon>
						<onclick>SetProperty(Weather.CurrentMap,$INFO[Window.Property(MapList.1.MapLabel.22)])</onclick>
						<onclick>$INFO[Window.Property(MapList.1.MapOnclick.22)]</onclick>
						<visible>!IsEmpty(Window.Property(MapList.1.MapLabel.22))</visible>
					</item>
					<item>
						<label>$INFO[Window.Property(MapList.1.MapLabel.23)]</label>
						<icon>icon-weather.png</icon>
						<onclick>SetProperty(Weather.CurrentMap,$INFO[Window.Property(MapList.1.MapLabel.23)])</onclick>
						<onclick>$INFO[Window.Property(MapList.1.MapOnclick.23)]</onclick>
						<visible>!IsEmpty(Window.Property(MapList.1.MapLabel.23))</visible>
					</item>
					<item>
						<label>$INFO[Window.Property(MapList.1.MapLabel.24)]</label>
						<icon>icon-weather.png</icon>
						<onclick>SetProperty(Weather.CurrentMap,$INFO[Window.Property(MapList.1.MapLabel.24)])</onclick>
						<onclick>$INFO[Window.Property(MapList.1.MapOnclick.24)]</onclick>
						<visible>!IsEmpty(Window.Property(MapList.1.MapLabel.24))</visible>
					</item>
					<item>
						<label>$INFO[Window.Property(MapList.1.MapLabel.25)]</label>
						<icon>icon-weather.png</icon>
						<onclick>SetProperty(Weather.CurrentMap,$INFO[Window.Property(MapList.1.MapLabel.25)])</onclick>
						<onclick>$INFO[Window.Property(MapList.1.MapOnclick.25)]</onclick>
						<visible>!IsEmpty(Window.Property(MapList.1.MapLabel.25))</visible>
					</item>
					<item>
						<label>$INFO[Window.Property(MapList.1.MapLabel.26)]</label>
						<icon>icon-weather.png</icon>
						<onclick>SetProperty(Weather.CurrentMap,$INFO[Window.Property(MapList.1.MapLabel.26)])</onclick>
						<onclick>$INFO[Window.Property(MapList.1.MapOnclick.26)]</onclick>
						<visible>!IsEmpty(Window.Property(MapList.1.MapLabel.26))</visible>
					</item>
					<item>
						<label>$INFO[Window.Property(MapList.1.MapLabel.27)]</label>
						<icon>icon-weather.png</icon>
						<onclick>SetProperty(Weather.CurrentMap,$INFO[Window.Property(MapList.1.MapLabel.27)])</onclick>
						<onclick>$INFO[Window.Property(MapList.1.MapOnclick.27)]</onclick>
						<visible>!IsEmpty(Window.Property(MapList.1.MapLabel.27))</visible>
					</item>
					<item>
						<label>$INFO[Window.Property(MapList.1.MapLabel.28)]</label>
						<icon>icon-weather.png</icon>
						<onclick>SetProperty(Weather.CurrentMap,$INFO[Window.Property(MapList.1.MapLabel.28)])</onclick>
						<onclick>$INFO[Window.Property(MapList.1.MapOnclick.28)]</onclick>
						<visible>!IsEmpty(Window.Property(MapList.1.MapLabel.28))</visible>
					</item>
					<item>
						<label>$INFO[Window.Property(MapList.1.MapLabel.29)]</label>
						<icon>icon-weather.png</icon>
						<onclick>SetProperty(Weather.CurrentMap,$INFO[Window.Property(MapList.1.MapLabel.29)])</onclick>
						<onclick>$INFO[Window.Property(MapList.1.MapOnclick.29)]</onclick>
						<visible>!IsEmpty(Window.Property(MapList.1.MapLabel.29))</visible>
					</item>
					<item>
						<label>$INFO[Window.Property(MapList.1.MapLabel.30)]</label>
						<icon>icon-weather.png</icon>
						<onclick>SetProperty(Weather.CurrentMap,$INFO[Window.Property(MapList.1.MapLabel.30)])</onclick>
						<onclick>$INFO[Window.Property(MapList.1.MapOnclick.30)]</onclick>
						<visible>!IsEmpty(Window.Property(MapList.1.MapLabel.30))</visible>
					</item>
				</content>
			</control>
			
			<!--map-->
			<control type="image">
				<width>887</width>
				<height>615</height>
				<texture background="true" border="31">frames/frame_Square.png</texture>
				<aspectratio align="center">stretch</aspectratio>
			</control>
			<control type="image" id="1">
				<posx>22</posx>
				<posy>21</posy>
				<width>842</width>
				<height>573</height>
				<aspectratio>scale</aspectratio>
				<texture background="true">weather/loading.jpg</texture>
			</control>
			<control type="multiimage">
				<description>maps multiimage</description>
				<posx>22</posx>
				<posy>21</posy>
				<width>842</width>
				<height>573</height>
				<imagepath>$INFO[Window.Property(MapPath)]</imagepath>
				<timeperimage>500</timeperimage>
				<pauseatend>1000</pauseatend>
				<fadetime>0</fadetime>
				<randomize>false</randomize>
				<loop>yes</loop>
				<aspectratio align="left">stretch</aspectratio>
				<aligny>center</aligny>
			</control>
		</control>
		
		<control type="group">
			<visible>StringCompare(Window.Property(Weather.CurrentView),maps)</visible>
			
		</control>
		
		<control type="image">
				<posx>420</posx>
				<height>1080</height>
				<width>29</width>
				<texture>1settings/separator.png</texture>
				<aspectratio align="right">stretch</aspectratio>
			</control>
	</include>
</includes>
