﻿<?xml version="1.0" encoding="UTF-8"?>
<window type="dialog">
	<coordinates>
		<system>1</system>
		<left>90</left>
		<top>45</top>
	</coordinates>
	<controls>
		<control type="group" id="250">
			<include>transition_Dialog</include>
			<control type="image">
				<width>1100</width>
				<height>630</height>
				<include>dialog_Window</include>
			</control>
			<control type="label" id="140">
				<width>1092</width>
				<label>$LOCALIZE[287]</label>
				<include>dialog_Windowtitle</include>
			</control>
			<control type="image">
				<left>4</left>
				<top>55</top>
				<width>1092</width>
				<include>dialog_Separator</include>
			</control>
			<control type="image" id="110">
				<description>Service Logo</description>
				<visible>false</visible>
			</control>
			<control type="group">
				<left>4</left>
				<top>55</top>
				<control type="image">
					<top>38</top>
					<width>1092</width>
					<include>dialog_SectionSeparator</include>
				</control>
				<control type="image">
					<top>40</top>
					<left>250</left>
					<height>532</height>
					<include>dialog_Separator-y</include>
				</control>
				<control type="label">
					<width>892</width>
					<label>$LOCALIZE[24018]</label>
					<include>dialog_Header</include>
					<include>dialog_ControlCommons</include>
					<wrapmultiline>true</wrapmultiline>
				</control>
				<control type="label">
					<left>240</left>
					<width>850</width>
					<label>$INFO[Player.Filename]</label>
					<include>dialog_Header</include>
					<include>dialog_ControlCommons</include>
					<wrapmultiline>true</wrapmultiline>
				</control>
			<!--services-->
				<control type="list" id="150">
					<top>40</top>
					<width>250</width>
					<height>434</height>
					<onleft>-</onleft>
					<onright>120</onright>
					<onup>161</onup>
					<ondown>160</ondown>
					<include>global_ListScroll</include>
					<itemlayout width="892" height="40">
						<control type="image">
							<width>892</width>
							<height>40</height>
							<include>dialog_CommonList</include>
						</control>
						<control type="label">
							<width>692</width>
							<label>$INFO[ListItem.Label]</label>
							<include>dialog_CommonListItem</include>
						</control>
					</itemlayout>
					<focusedlayout width="892" height="40">
						<control type="image">
							<width>892</width>
							<height>40</height>
							<include>dialog_CommonList</include>
						</control>
						<control type="image">
							<width>892</width>
							<height>40</height>
							<include>dialog_CommonListFocus</include>
							<visible>Control.HasFocus(150)</visible>
						</control>
						<control type="label">
							<width>692</width>
							<label>$INFO[ListItem.Label]</label>
							<include>dialog_CommonListItem</include>
							<visible>!Control.HasFocus(150)</visible>
						</control>
						<control type="label">
							<width>692</width>
							<label>$INFO[ListItem.Label]</label>
							<include>dialog_CommonListItemFocus</include>
							<visible>Control.HasFocus(150)</visible>
						</control>
					</focusedlayout>
				</control>
			<!--search results-->
				<control type="list" id="120">
					<left>250</left>
					<top>40</top>
					<width>1092</width>
					<height>520</height>
					<onleft>150</onleft>
					<onright>-</onright>
					<onup>120</onup>
					<ondown>120</ondown>
					<include>global_ListScroll</include>
					<itemlayout width="892" height="40">
						<control type="image">
							<width>892</width>
							<height>40</height>
							<include>dialog_CommonList</include>
						</control>
						<control type="label">
							<left>48</left>
							<width>560</width>
							<label>$INFO[ListItem.Label2]</label>
							<include>dialog_CommonListItem</include>
						</control>
						<control type="image">
							<left>8</left>
							<top>4</top>
							<width>32</width>
							<height>32</height>
							<texture>flags/subtitles/flags/$INFO[ListItem.Thumb].png</texture>
						</control>
						<control type="group">
							<left>640</left>
							<top>8</top>
							<control type="image">
								<width>24</width>
								<height>24</height>
								<texture>flags/subtitles/icon_cc.png</texture>
								<visible>ListItem.property(hearing_imp)</visible>
								<colordiffuse>Color4</colordiffuse>
							</control>
							<control type="image">
								<left>44</left>
								<width>24</width>
								<height>24</height>
								<texture>flags/subtitles/icon_sync.png</texture>
								<colordiffuse>Color4</colordiffuse>
								<visible>ListItem.property(sync)</visible>
							</control>
							<control type="image">
								<left>74</left>
								<width>128</width>
								<height>22</height>
								<texture>rating/fo-rating0.png</texture>
								<colordiffuse>Color4</colordiffuse>
								<visible>IsEmpty(ListItem.ActualIcon.png)</visible>
								<aspectratio>keep</aspectratio>
							</control>
							<control type="image">
								<left>74</left>
								<width>128</width>
								<height>22</height>
								<texture>rating/fo-rating$INFO[ListItem.ActualIcon].png</texture>
								<colordiffuse>Color4</colordiffuse>
							</control>
						</control>
					</itemlayout>
					<focusedlayout width="892" height="40">
						<control type="image">
							<width>842</width>
							<height>40</height>
							<include>dialog_CommonList</include>
							<visible>!Control.HasFocus(120)</visible>
						</control>
						<control type="image">
							<width>842</width>
							<height>40</height>
							<include>dialog_CommonListFocus</include>
							<visible>Control.HasFocus(120)</visible>
						</control>
						<control type="label">
							<left>48</left>
							<width>560</width>
							<label>$INFO[ListItem.Label2]</label>
							<include>dialog_CommonListItem</include>
							<visible>!Control.HasFocus(120)</visible>
						</control>
						<control type="label">
							<left>48</left>
							<width>560</width>
							<label>$INFO[ListItem.Label2]</label>
							<include>dialog_CommonListItemFocus</include>
							<visible>Control.HasFocus(120)</visible>
						</control>
						<control type="image">
							<left>8</left>
							<top>4</top>
							<width>32</width>
							<height>32</height>
							<texture>flags/subtitles/flags/$INFO[ListItem.Thumb].png</texture>
						</control>
						<control type="group">
							<left>640</left>
							<top>8</top>
							<visible>Control.HasFocus(120)</visible>
							<control type="image">
								<width>24</width>
								<height>24</height>
								<texture>flags/subtitles/icon_cc.png</texture>
								<visible>ListItem.property(hearing_imp)</visible>
								<colordiffuse>Color1</colordiffuse>
							</control>
							<control type="image">
								<left>44</left>
								<width>24</width>
								<height>24</height>
								<texture>flags/subtitles/icon_sync.png</texture>
								<colordiffuse>Color1</colordiffuse>
								<visible>ListItem.property(sync)</visible>
							</control>
							<control type="image">
								<left>74</left>
								<width>128</width>
								<height>22</height>
								<texture>rating/fo-rating0.png</texture>
								<colordiffuse>Color1</colordiffuse>
								<visible>IsEmpty(ListItem.ActualIcon.png)</visible>
								<aspectratio>keep</aspectratio>
							</control>
							<control type="image">
								<left>74</left>
								<width>128</width>
								<height>22</height>
								<texture>rating/fo-rating$INFO[ListItem.ActualIcon].png</texture>
								<colordiffuse>Color1</colordiffuse>
							</control>
						</control>
						<control type="group">
							<left>640</left>
							<top>8</top>
							<visible>!Control.HasFocus(120)</visible>
							<control type="image">
								<width>24</width>
								<height>24</height>
								<texture>flags/subtitles/icon_cc.png</texture>
								<visible>ListItem.property(hearing_imp)</visible>
								<colordiffuse>Color4</colordiffuse>
							</control>
							<control type="image">
								<left>44</left>
								<width>24</width>
								<height>24</height>
								<texture>flags/subtitles/icon_sync.png</texture>
								<colordiffuse>Color4</colordiffuse>
								<visible>ListItem.property(sync)</visible>
							</control>
							<control type="image">
								<left>74</left>
								<width>128</width>
								<height>22</height>
								<texture>rating/fo-rating0.png</texture>
								<colordiffuse>Color4</colordiffuse>
								<visible>IsEmpty(ListItem.ActualIcon.png)</visible>
								<aspectratio>keep</aspectratio>
							</control>
							<control type="image">
								<left>74</left>
								<width>128</width>
								<height>22</height>
								<texture>rating/fo-rating$INFO[ListItem.ActualIcon].png</texture>
								<colordiffuse>Color4</colordiffuse>
							</control>
						</control>
					</focusedlayout>
				</control>
			</control>
			<control type="button" id="160">
				<left>24</left>
				<bottom>164</bottom>
				<width>212</width>
				<onright>120</onright>
				<onup>150</onup>
				<ondown>161</ondown>
				<label>$LOCALIZE[24120]</label>
				<include>dialog_WindowButton</include>
			</control>
			<control type="button" id="161">
				<left>24</left>
				<bottom>114</bottom>
				<width>212</width>
				<onright>120</onright>
				<onup>160</onup>
				<ondown>150</ondown>
				<label>$LOCALIZE[31329]</label>
				<onclick>ActivateWindowAndFocus(videossettings, -96,0, -80,0)</onclick>
				<include>dialog_WindowButton</include>
			</control>
		</control>
	</controls>
</window>