<?xml version='1.0' encoding='UTF-8'?>
<includes><include name="skinshortcuts-submenu"><item><onclick>ActivateWindowAndFocus(MyPVR,34,0 ,13,0)</onclick><label>PVR</label><label2>Common Shortcut</label2><icon>DefaultShortcut.png</icon><thumb>DefaultTVShows.png</thumb><property name="labelID">livetv</property><visible>StringCompare(Container(9000).ListItem.Property(submenuVisibility),groupname)</visible><visible>System.GetBool(pvrmanager.enabled)</visible></item><item><onclick>ActivateWindow(Settings)</onclick><label>Settings</label><label2>Common Shortcut</label2><icon>DefaultShortcut.png</icon><thumb /><property name="labelID">settings</property><visible>StringCompare(Container(9000).ListItem.Property(submenuVisibility),groupname)</visible></item><item><onclick>ActivateWindowAndFocus(MyPVR,34,0 ,13,0)</onclick><label>PVR</label><label2>Common Shortcut</label2><icon>DefaultShortcut.png</icon><thumb>DefaultTVShows.png</thumb><property name="labelID">livetv</property><visible>StringCompare(Container(9000).ListItem.Property(submenuVisibility),groupname)</visible><visible>System.GetBool(pvrmanager.enabled)</visible></item><item><onclick>ActivateWindow(Settings)</onclick><label>Settings</label><label2>Common Shortcut</label2><icon>DefaultShortcut.png</icon><thumb /><property name="labelID">settings</property><visible>StringCompare(Container(9000).ListItem.Property(submenuVisibility),groupname)</visible></item><item><onclick>ActivateWindowAndFocus(MyPVR,34,0 ,13,0)</onclick><label>PVR</label><label2>Common Shortcut</label2><icon>DefaultShortcut.png</icon><thumb>DefaultTVShows.png</thumb><property name="labelID">livetv</property><visible>StringCompare(Container(9000).ListItem.Property(submenuVisibility),groupname)</visible><visible>System.GetBool(pvrmanager.enabled)</visible></item><item><onclick>ActivateWindow(Settings)</onclick><label>Settings</label><label2>Common Shortcut</label2><icon>DefaultShortcut.png</icon><thumb /><property name="labelID">settings</property><visible>StringCompare(Container(9000).ListItem.Property(submenuVisibility),groupname)</visible></item></include><include name="skinshortcuts-group-groupname"><item><onclick>ActivateWindowAndFocus(MyPVR,34,0 ,13,0)</onclick><label>PVR</label><label2>Common Shortcut</label2><icon>DefaultShortcut.png</icon><thumb>DefaultTVShows.png</thumb><property name="labelID">livetv</property><visible>System.GetBool(pvrmanager.enabled)</visible></item><item><onclick>ActivateWindow(Settings)</onclick><label>Settings</label><label2>Common Shortcut</label2><icon>DefaultShortcut.png</icon><thumb /><property name="labelID">settings</property></item></include><include name="skinshortcuts-group-groupname"><item><onclick>ActivateWindowAndFocus(MyPVR,34,0 ,13,0)</onclick><label>PVR</label><label2>Common Shortcut</label2><icon>DefaultShortcut.png</icon><thumb>DefaultTVShows.png</thumb><property name="labelID">livetv</property><visible>System.GetBool(pvrmanager.enabled)</visible></item><item><onclick>ActivateWindow(Settings)</onclick><label>Settings</label><label2>Common Shortcut</label2><icon>DefaultShortcut.png</icon><thumb /><property name="labelID">settings</property></item></include><include name="skinshortcuts-group-groupname"><item><onclick>ActivateWindowAndFocus(MyPVR,34,0 ,13,0)</onclick><label>PVR</label><label2>Common Shortcut</label2><icon>DefaultShortcut.png</icon><thumb>DefaultTVShows.png</thumb><property name="labelID">livetv</property><visible>System.GetBool(pvrmanager.enabled)</visible></item><item><onclick>ActivateWindow(Settings)</onclick><label>Settings</label><label2>Common Shortcut</label2><icon>DefaultShortcut.png</icon><thumb /><property name="labelID">settings</property></item></include></includes>