<?xml version="1.0" encoding="UTF-8"?>
<window>
	<allowoverlay>no</allowoverlay>
	<defaultcontrol always="true">100</defaultcontrol>
	<coordinates>
		<system>1</system>
		<posx>0</posx>
		<posy>0</posy>
	</coordinates>



	<controls>

		<control type="group" id="200">
			
			<control type="image">
				<width>1260</width>
				<height>720</height>
				<include>dialog_Window</include>
			</control>
			<control type="label">
				<label>$LOCALIZE[31210]</label>
				<width>742</width>
				<include>dialog_Windowtitle</include>
			</control>

			<control type="image">
				<left>4</left>
				<top>60</top>
				<width>1200</width>
				<include>dialog_Separator</include>
			</control>
		

			<!-- id 211 - Current shortcuts -->
			<control type="list" id="211">
				<left>4</left>
				<top>60</top>
				<width>400</width>
				<height>520</height>
				<preloaditems>2</preloaditems>
				<include>global_ListScroll</include>
				<include>shortcuts_ContainerCommons</include>
			</control>

			<control type="scrollbar" id="260">
				<visible>false</visible>
			</control>
		</control>

		<control type="group" id="300">
			<left>540</left>
			<top>300</top>
			<width>200</width>
			<!-- id's 301 to 304 - add, delete, move up, move down -->
			<control type="button" id="301">
				<left>0</left>
				<top>0</top>
				<width>200</width>
				<height>30</height>
				<font>font18</font>
				<align>center</align>
				<ondown>302</ondown>
				<onleft>260</onleft>
				<onright>111</onright>
			</control>
			<control type="button" id="302">
				<left>0</left>
				<top>30</top>
				<width>200</width>
				<height>30</height>
				<align>center</align>
				<onup>301</onup>
				<ondown>303</ondown>
				<onleft>260</onleft>
				<onright>111</onright>
			</control>

			<control type="button" id="303">
				<left>0</left>
				<top>80</top>
				<width>200</width>
				<height>30</height>
				<align>center</align>
				<onup>302</onup>
				<ondown>304</ondown>
				<onleft>260</onleft>
				<onright>111</onright>
			</control>

			<control type="button" id="304">
				<left>0</left>
				<top>110</top>
				<width>200</width>
				<height>30</height>
				<font>font18</font>
				<align>center</align>
				<onup>303</onup>
				<ondown>305</ondown>
				<onleft>260</onleft>
				<onright>111</onright>
			</control>

			<control type="button" id="305">
				<left>0</left>
				<top>140</top>
				<width>200</width>
				<height>30</height>
				<font>font18</font>
				<align>center</align>
				<onup>304</onup>
				<ondown>306</ondown>
				<onleft>260</onleft>
				<onright>111</onright>
			</control>

			<control type="button" id="306">
				<left>0</left>
				<top>170</top>
				<width>200</width>
				<height>30</height>
				<font>font18</font>
				<align>center</align>
				<onup>305</onup>
				<ondown>307</ondown>
				<onleft>260</onleft>
				<onright>111</onright>
			</control>

			<control type="button" id="307">
				<left>0</left>
				<top>200</top>
				<width>200</width>
				<height>30</height>
				<font>font18</font>
				<align>center</align>
				<onup>306</onup>
				<ondown>308</ondown>
				<onleft>260</onleft>
				<onright>111</onright>
			</control>

			<control type="button" id="308">
				<left>0</left>
				<top>230</top>
				<width>200</width>
				<height>30</height>
				<font>font18</font>
				<align>center</align>
				<onup>307</onup>
				<onleft>260</onleft>
				<onright>111</onright>
			</control>
		</control>

		<control type="group" id="100">
			<left>740</left>
			<top>60</top>
			<!-- id's 101, 102, 103 - label of current shortcut type, buttons to change shortcut type -->
			<control type="label" id="101">
				<left>10</left>
				<top>10</top>
				<width>400</width>
				<height>30</height>
				<textcolor>red</textcolor>
				<visible>false</visible>
			</control>
			<control type="button" id="102">
				<visible>false</visible>
			</control>
			<control type="button" id="103">
				<visible>false</visible>
			</control>

			<!-- id 111 - List of available plugins -->
			<control type="list" id="111">
				<width>400</width>
				<height>650</height>
				<onleft>300</onleft>
				<onup>103</onup>
				<orientation>vertical</orientation>
				<viewtype label="535">list</viewtype>
				<preloaditems>2</preloaditems>
				<include>shortcuts_ContainerCommons</include>
			</control>

			<control type="scrollbar" id="160">
				<visible>false</visible>
			</control>
		</control>
	</controls>
</window>
