<?xml version="1.0" encoding="UTF-8"?>
<window>
	<defaultcontrol always="true">10</defaultcontrol>
	<allowoverlay>yes</allowoverlay>
	<onunload>ClearProperty(Fanartgrabber,skinsettings)</onunload>
	<controls>

	<!--global includes-->
		<include>global_Background</include>
		<include>global_Includes</include>
		<include>windowTitle_System</include>

		<control type="group">
			<left>65</left>
			<top>90</top>
			<include>transition_Content</include>

		<!--CATEGORIES-->
			<control type="grouplist" id="9001">
				<height>800</height>
				<itemgap>2</itemgap>
				<!--homescreen-->
				<control type="group">
					<height>44</height>
					<control type="button" id="10">
						<label>$LOCALIZE[31200]</label>
						<onfocus>Skin.SetString(SkinSettings,Home)</onfocus>
						<onup>19</onup>
						<onright>SetFocus(100)</onright>
						<ondown>15</ondown>
						<include>settings_Menu</include>
					</control>
				</control>
				<!--artwork-->
				<control type="group">
					<height>44</height>
					<control type="button" id="15">
						<label>$LOCALIZE[31201]</label>
						<onfocus>Skin.SetString(SkinSettings,Artwork)</onfocus>
						<onright>600</onright>
						<onup>10</onup>
						<ondown>16</ondown>
						<include>settings_Menu</include>
					</control>
				</control>
				<!--views-->
				<control type="group">
					<height>44</height>
					<control type="button" id="16">
						<label>$LOCALIZE[31202]</label>
						<onfocus>Skin.SetString(SkinSettings,Views)</onfocus>
						<onright>700</onright>
						<onup>15</onup>
						<ondown>17</ondown>
						<include>settings_Menu</include>
					</control>
				</control>
				<!--addons-->
				<control type="group">
					<height>44</height>
					<control type="button" id="17">
						<label>$LOCALIZE[24001]</label>
						<onfocus>Skin.SetString(SkinSettings,Addons)</onfocus>
						<onright>800</onright>
						<onup>16</onup>
						<ondown>18</ondown>
						<include>settings_Menu</include>
					</control>
				</control>
				<!--other-->
				<control type="group">
					<height>44</height>
					<control type="button" id="18">
						<label>$LOCALIZE[31203]</label>
						<onfocus>Skin.SetString(SkinSettings,Other)</onfocus>
						<onright>900</onright>
						<onup>17</onup>
						<ondown>19</ondown>
						<include>settings_Menu</include>
					</control>
				</control>
				<!--credits-->
				<control type="group">
					<height>44</height>
					<control type="button" id="19">
						<label>$LOCALIZE[31204] reFocus</label>
						<onfocus>Skin.SetString(SkinSettings,Credits)</onfocus>
						<onright>70</onright>
						<onup>18</onup>
						<ondown>10</ondown>
						<include>settings_Menu</include>
					</control>
				</control>
			</control>

			<control type="group">
				<left>302</left>
			<!--HOME SCREEN-->
				<control type="grouplist" id="100">
					<width>850</width>
					<height>598</height>
					<onleft>9001</onleft>
					<onright>70</onright>
					<onup>100</onup>
					<ondown>100</ondown>
					<itemgap>2</itemgap>
					<pagecontrol>70</pagecontrol>
					<visible>Skin.String(SkinSettings,Home)</visible>
					<!--date & time-->
					<control type="radiobutton" id="101">
						<label>$LOCALIZE[14063]</label>
						<onclick>Skin.ToggleSetting(home.time)</onclick>
						<selected>Skin.HasSetting(home.time)</selected>
						<include>settings_Radiobutton</include>
					</control>
					<!--playing item on home-->
					<control type="radiobutton" id="102">
						<label>$LOCALIZE[31216]</label>
						<onclick>Skin.ToggleSetting(home.nowplaying)</onclick>
						<selected>Skin.HasSetting(home.nowplaying)</selected>
						<include>settings_Radiobutton</include>
					</control>
					<!--home menu configuration-->
					<control type="button" id="103">
						<label>$LOCALIZE[31210]</label>
						<onfocus>Skin.SetString(SubMenu,Video)</onfocus>
						<onclick>ActivateWindow(61)</onclick>
						<include>settings_Listbutton</include>
					</control>
					<!--shelf-->
					<control type="radiobutton" id="110">
						<label>$LOCALIZE[31211]</label>
						<onclick>ClearProperty(Fanartgrabber,skinsettings)</onclick>
						<onclick>Skin.ToggleSetting(shelf.enabled)</onclick>
						<selected>Skin.HasSetting(shelf.enabled)</selected>
						<include>settings_Radiobutton</include>
					</control>
					<!--shelf widget 1-->
					<control type="button" id="111">
						<label>$LOCALIZE[31035]</label>
						<label2>$VAR[shelf_Widget1Select]</label2>
						<onclick condition="!StringCompare(Skin.String(shelf.1),playlist) + !StringCompare(Skin.String(shelf.1),recent)">Skin.SetString(shelf.1,recent)</onclick>
						<onclick condition="StringCompare(Skin.String(shelf.1),playlist)">Skin.SetString(shelf.1,inprogress)</onclick>
						<onclick condition="StringCompare(Skin.String(shelf.1),inprogress)">Skin.SetString(shelf.1,recommended)</onclick>
						<onclick condition="StringCompare(Skin.String(shelf.1),recent)">Skin.SetString(shelf.1,playlist)</onclick>
						<include>settings_Listbutton</include>
						<visible>Skin.HasSetting(shelf.enabled)</visible>
						<enable>Skin.HasSetting(shelf.enabled)</enable>
					</control>
					<control type="button" id="112">
						<label>- $LOCALIZE[524]</label>
						<label2>$INFO[Skin.String(shelf.1.playlist)]</label2>
						<onclick>Skin.Reset(shelf.1.playlist)</onclick>
						<onclick>Skin.Reset(shelf.1.playlistname)</onclick>
						<onclick>Skin.SetFile(shelf.1.playlist,.xsp|.m3u,special://skin/playlists/episodes/)</onclick>
						<onclick>Skin.SetString(shelf.1.playlistname)</onclick>
						<include>settings_Listbutton</include>
						<visible>Skin.HasSetting(shelf.enabled)</visible>
						<enable>Skin.HasSetting(shelf.enabled) + Skin.String(shelf.1,playlist)</enable>
					</control>
					<!--shelf widget 2-->
					<control type="button" id="113">
						<label>$LOCALIZE[31036]</label>
						<label2>$VAR[shelf_Widget2Select]</label2>
						<onclick condition="!StringCompare(Skin.String(shelf.2),playlist) + !StringCompare(Skin.String(shelf.2),recent)">Skin.SetString(shelf.2,recent)</onclick>
						<onclick condition="StringCompare(Skin.String(shelf.2),playlist)">Skin.SetString(shelf.2,featured)</onclick>
						<onclick condition="StringCompare(Skin.String(shelf.2),recent)">Skin.SetString(shelf.2,playlist)</onclick>
						<include>settings_Listbutton</include>
						<visible>Skin.HasSetting(shelf.enabled)</visible>
						<enable>Skin.HasSetting(shelf.enabled)</enable>
					</control>
					<control type="button" id="114">
						<label>- $LOCALIZE[524]</label>
						<label2>$INFO[Skin.String(shelf.2.playlist)]</label2>
						<onclick>Skin.Reset(shelf.2.playlist)</onclick>
						<onclick>Skin.Reset(shelf.2.playlistname)</onclick>
						<onclick>Skin.SetFile(shelf.2.playlist,.xsp|.m3u,special://skin/playlists/movies/)</onclick>
						<onclick>Skin.SetString(shelf.2.playlistname)</onclick>
						<include>settings_Listbutton</include>
						<visible>Skin.HasSetting(shelf.enabled)</visible>
						<enable>Skin.HasSetting(shelf.enabled) + Skin.String(shelf.2,playlist)</enable>
					</control>

					<!--shelf widget 3-->
					<control type="button" id="115">
						<label>$LOCALIZE[31037]</label>
						<label2>$VAR[shelf_Widget3Select]</label2>
						<onclick condition="!StringCompare(Skin.String(shelf.3),playlist) + !StringCompare(Skin.String(shelf.3),recent)">Skin.SetString(shelf.3,recent)</onclick>
						<onclick condition="StringCompare(Skin.String(shelf.3),playlist)">Skin.SetString(shelf.3,featured)</onclick>
						<onclick condition="StringCompare(Skin.String(shelf.3),recent)">Skin.SetString(shelf.3,playlist)</onclick>
						<include>settings_Listbutton</include>
						<visible>Skin.HasSetting(shelf.enabled)</visible>
						<enable>Skin.HasSetting(shelf.enabled)</enable>
					</control>
					<control type="button" id="116">
						<label>- $LOCALIZE[524]</label>
						<label2>$INFO[Skin.String(shelf.3.playlist)]</label2>
						<onclick>Skin.Reset(shelf.3.playlist)</onclick>
						<onclick>Skin.Reset(shelf.3.playlistname)</onclick>
						<onclick>Skin.SetFile(shelf.3.playlist,.xsp|.m3u,special://skin/playlists/albums/)</onclick>
						<onclick>Skin.SetString(shelf.3.playlistname)</onclick>
						<include>settings_Listbutton</include>
						<visible>Skin.HasSetting(shelf.enabled)</visible>
						<enable>Skin.HasSetting(shelf.enabled) + Skin.String(shelf.3,playlist)</enable>
					</control>

					<!--single image-->
					<control type="button" id="120">
						<label>$LOCALIZE[31212]</label>
						<onclick>ClearProperty(Fanartgrabber,skinsettings)</onclick>
						<onclick>Skin.Reset(HomeBackground)</onclick>
						<onclick>Skin.Reset(home.background.image)</onclick>
						<onclick>Skin.SetString(HomeBackground,single)</onclick>
						<onclick>Skin.SetImage(home.background.image)</onclick>
						<include>settings_Listbutton</include>
						<enable>!Skin.HasSetting(shelf.enabled)</enable>
					</control>
					<!--multi image-->
					<control type="button" id="121">
						<label>$LOCALIZE[31213]</label>
						<onclick>ClearProperty(Fanartgrabber,skinsettings)</onclick>
						<onclick>Skin.Reset(HomeBackground)</onclick>
						<onclick>Skin.Reset(home.background.folder)</onclick>
						<onclick>Skin.SetString(HomeBackground,multi)</onclick>
						<onclick>Skin.SetPath(home.background.folder)</onclick>
						<include>settings_Listbutton</include>
						<enable>!Skin.HasSetting(shelf.enabled)</enable>
					</control>
					<!--fanart grabber-->
					<control type="button" id="122">
						<label>$LOCALIZE[31214]</label>
						<onclick>ActivateWindow(65)</onclick>
						<include>settings_Radiobutton</include>
						<enable>System.HasAddon(script.grab.fanart) + !Skin.HasSetting(shelf.enabled)</enable>
					</control>
				</control>

			<!--ARTWORK-->
				<control type="grouplist" id="600">
					<width>850</width>
					<height>598</height>
					<onleft>9001</onleft>
					<onright>70</onright>
					<onup>600</onup>
					<ondown>600</ondown>
					<itemgap>2</itemgap>
					<pagecontrol>70</pagecontrol>
					<visible>Skin.String(SkinSettings,Artwork)</visible>
					<!--global fanart-->
					<control type="radiobutton" id="602">
						<label>$LOCALIZE[31230]</label>
						<onclick>Skin.ToggleSetting(fanart.global)</onclick>
						<selected>!Skin.HasSetting(fanart.global)</selected>
						<include>settings_Radiobutton</include>
					</control>
					<!--weather fanart-->
					<control type="radiobutton" id="604">
						<label>$LOCALIZE[31231]</label>
						<onclick>Skin.ToggleSetting(fanart.weather)</onclick>
						<selected>Skin.HasSetting(fanart.weather)</selected>
						<include>settings_Radiobutton</include>
					</control>
					<control type="button" id="605">
						<label>- $LOCALIZE[31232]</label>
						<onclick>Skin.Reset(fanart.weather.path)</onclick>
						<onclick>Skin.SetPath(fanart.weather.path)</onclick>
						<label2>$INFO[Skin.String(fanart.weather.path)]</label2>
						<enable>Skin.HasSetting(fanart.weather)</enable>
						<include>settings_Listbutton</include>
						<visible>Skin.HasSetting(fanart.weather)</visible>
					</control>
					<!--visualization fanart-->
					<control type="radiobutton" id="606">
						<label>$LOCALIZE[31234]</label>
						<onclick>Skin.ToggleSetting(fanart.visualization)</onclick>
						<selected>Skin.HasSetting(fanart.visualization)</selected>
						<include>settings_Radiobutton</include>
					</control>
					<!--blend visualization & fanart-->
					<control type="radiobutton" id="607">
						<label>- $LOCALIZE[31235]</label>
						<onclick>Skin.ToggleSetting(fanart.visualization.blend)</onclick>
						<selected>Skin.HasSetting(fanart.visualization.blend)</selected>
						<visible>Skin.HasSetting(fanart.visualization)</visible>
						<enable>Skin.HasSetting(fanart.visualization)</enable>
						<include>settings_Radiobutton</include>
					</control>
					<!--tv show clearlogos-->
					<control type="radiobutton" id="614">
						<label>$LOCALIZE[31236]</label>
						<onclick>Skin.ToggleSetting(logos.tvshows.enable)</onclick>
						<selected>Skin.HasSetting(logos.tvshows.enable)</selected>
						<include>settings_Radiobutton</include>
						<enable>System.HasAddon(script.artwork.downloader)</enable>
					</control>
					<control type="button" id="615">
						<label>- $LOCALIZE[31238]</label>
						<onclick>XBMC.RunScript(script.artwork.downloader, mode=tvshow, silent=true, clearlogo)</onclick>
						<include>settings_Listbutton</include>
						<visible>Skin.HasSetting(logos.tvshows.enable)</visible>
					</control>
					<!--movie clearlogos-->
					<control type="radiobutton" id="616">
						<label>$LOCALIZE[31237]</label>
						<onclick>Skin.ToggleSetting(logos.movies.enable)</onclick>
						<selected>Skin.HasSetting(logos.movies.enable)</selected>
						<include>settings_Radiobutton</include>
						<enable>System.HasAddon(script.artwork.downloader)</enable>
					</control>
					<control type="button" id="617">
						<label>- $LOCALIZE[31238]</label>
						<onclick>XBMC.RunScript(script.artwork.downloader, mode=movie, silent=true, clearlogo)</onclick>
						<include>settings_Listbutton</include>
						<visible>Skin.HasSetting(logos.movies.enable)</visible>
					</control>
					<!--movie banners-->
					<control type="radiobutton" id="618">
						<label>$LOCALIZE[31239]</label>
						<onclick>Skin.ToggleSetting(banner.movies.enable)</onclick>
						<selected>Skin.HasSetting(banner.movies.enable)</selected>
						<include>settings_Radiobutton</include>
						<enable>System.HasAddon(script.artwork.downloader)</enable>
					</control>
					<control type="button" id="619">
						<label>- $LOCALIZE[31240]</label>
						<onclick>XBMC.RunScript(script.artwork.downloader, mode=movie, silent=true, banner)</onclick>
						<include>settings_Listbutton</include>
						<visible>Skin.HasSetting(banner.movies.enable)</visible>
					</control>
					<!--prefer landscape-->
					<control type="radiobutton" id="620">
						<label>$LOCALIZE[31241]</label>
						<onclick>Skin.ToggleSetting(landscapethumb.enable)</onclick>
						<selected>Skin.HasSetting(landscapethumb.enable)</selected>
						<include>settings_Radiobutton</include>
						<enable>System.HasAddon(script.artwork.downloader)</enable>
					</control>
					<control type="button" id="621">
						<label>- $LOCALIZE[31242]</label>
						<onclick>XBMC.RunScript(script.artwork.downloader, mode=custom, silent=true, landscape)</onclick>
						<include>settings_Listbutton</include>
						<visible>Skin.HasSetting(landscapethumb.enable)</visible>
					</control>
				</control>

			<!--VIEW SETTINGS-->					
				<control type="grouplist" id="700">
					<width>850</width>
					<height>598</height>
					<onleft>9001</onleft>
					<onright>70</onright>
					<onup>700</onup>
					<ondown>700</ondown>
					<itemgap>2</itemgap>
					<pagecontrol>70</pagecontrol>
					<visible>Skin.String(SkinSettings,Views)</visible>
					<!--sortletter-->
					<control type="radiobutton" id="701">
						<label>$LOCALIZE[31251]</label>
						<onclick>Skin.ToggleSetting(sortletter.enable)</onclick>
						<selected>Skin.HasSetting(sortletter.enable)</selected>
						<include>settings_Radiobutton</include>
					</control>
					<!--fullscreen button-->
					<control type="radiobutton" id="702">
						<label>$LOCALIZE[31252]</label>
						<onclick>Skin.ToggleSetting(menu.nowplaying)</onclick>
						<selected>Skin.HasSetting(menu.nowplaying)</selected>
						<include>settings_Radiobutton</include>
					</control>
					<control type="radiobutton" id="703">
						<label>- $LOCALIZE[31283]</label>
						<onclick>Skin.ToggleSetting(menu.playlist)</onclick>
						<selected>Skin.HasSetting(menu.playlist)</selected>
						<enable>Skin.HasSetting(menu.nowplaying)</enable>
						<include>settings_Radiobutton</include>
					</control>
					<!--media overlays-->
					<control type="radiobutton" id="704">
						<label>$LOCALIZE[31253]</label>
						<onclick>Skin.ToggleSetting(overlay.enable)</onclick>
						<selected>Skin.HasSetting(overlay.enable)</selected>
						<include>settings_Radiobutton</include>
					</control>
					<!--unwatched status-->
					<control type="radiobutton" id="705">
						<label>$LOCALIZE[31254]</label>
						<onclick>Skin.ToggleSetting(overlay.movies.disable)</onclick>
						<selected>Skin.HasSetting(overlay.movies.disable)</selected>
						<include>settings_Radiobutton</include>
					</control>
					<control type="radiobutton" id="706">
						<label>$LOCALIZE[31255]</label>
						<onclick>Skin.ToggleSetting(overlay.tvshows.disable)</onclick>
						<selected>Skin.HasSetting(overlay.tvshows.disable)</selected>
						<include>settings_Radiobutton</include>
					</control>
					<control type="radiobutton" id="707">
						<label>$LOCALIZE[31256]</label>
						<onclick>Skin.ToggleSetting(overlay.episodes.disable)</onclick>
						<selected>Skin.HasSetting(overlay.episodes.disable)</selected>
						<include>settings_Radiobutton</include>
					</control>
					<control type="radiobutton" id="708">
						<label>$LOCALIZE[31257]</label>
						<onclick>Skin.ToggleSetting(overlay.files.disable)</onclick>
						<selected>Skin.HasSetting(overlay.files.disable)</selected>
						<include>settings_Radiobutton</include>
					</control>
					<control type="radiobutton" id="709">
						<label>$LOCALIZE[31258]</label>
						<onclick>Skin.ToggleSetting(overlay.resumable.disable)</onclick>
						<selected>Skin.HasSetting(overlay.resumable.disable)</selected>
						<include>settings_Radiobutton</include>
					</control>
					<!--background video-->
					<control type="radiobutton" id="710">
						<label>$LOCALIZE[31215]</label>
						<onclick>Skin.ToggleSetting(backgroundvideo.global)</onclick>
						<selected>Skin.HasSetting(backgroundvideo.global)</selected>
						<include>settings_Radiobutton</include>
					</control>
				</control>

			<!--ADDONS-->
				<control type="grouplist" id="800">
					<width>850</width>
					<height>598</height>
					<onleft>9001</onleft>
					<onright>7</onright>
					<onup>800</onup>
					<ondown>800</ondown>
					<itemgap>2</itemgap>
					<pagecontrol>70</pagecontrol>
					<visible>Skin.String(SkinSettings,Addons)</visible>
					<!--globalsearch-->
					<control type="radiobutton" id="801">
						<label>$LOCALIZE[31260]</label>
						<onclick>Skin.ToggleSetting(search.addon)</onclick>
						<selected>Skin.HasSetting(search.addon)</selected>
						<include>settings_Radiobutton</include>
						<enable>System.HasAddon(script.globalsearch)</enable>
					</control>
					<!--next aired-->
					<control type="radiobutton" id="802">
						<label>$LOCALIZE[31259]</label>
						<onclick>Skin.ToggleSetting(nextaired.disable)</onclick>
						<selected>Skin.HasSetting(nextaired.disable)</selected>
						<include>settings_Radiobutton</include>
						<enable>System.HasAddon(script.tv.show.next.aired)</enable>
					</control>
					<!--artistslideshow-->
					<control type="radiobutton" id="803">
						<label>$LOCALIZE[31261]</label>
						<onclick>Skin.ToggleSetting(artistslideshow.disable)</onclick>
						<selected>Skin.HasSetting(artistslideshow.disable)</selected>
						<include>settings_Radiobutton</include>
						<enable>System.HasAddon(script.artistslideshow)</enable>
					</control>
					<!--set default lyrics add-on-->
					<control type="button" id="804">
						<label>$LOCALIZE[31607]</label>
						<label2>$INFO[System.AddonTitle(Skin.String(addon.lyrics.path))]</label2>
						<onclick>Skin.SetAddon(addon.lyrics.path,xbmc.python.lyrics)</onclick>
						<include>settings_Listbutton</include>
					</control>
					<!--tvtunes-->
					<control type="radiobutton" id="805">
						<label>$LOCALIZE[31282]</label>
						<onclick>Skin.ToggleSetting(tvtunes.enable)</onclick>
						<selected>Skin.HasSetting(tvtunes.enable)</selected>
						<include>settings_Radiobutton</include>
						<enable>System.HasAddon(script.tvtunes)</enable>
					</control>
				</control>

			<!--OTHER-->
				<control type="grouplist" id="900">
					<width>850</width>
					<height>598</height>
					<onleft>9001</onleft>
					<onright>70</onright>
					<onup>900</onup>
					<ondown>900</ondown>
					<itemgap>2</itemgap>
					<pagecontrol>70</pagecontrol>
					<visible>Skin.String(SkinSettings,Other)</visible>
					<!--keyboard-->
					<control type="radiobutton" id="901">
						<label>$LOCALIZE[31263]</label>
						<onclick>Skin.ToggleSetting(keyboard.enable)</onclick>
						<selected>!Skin.HasSetting(keyboard.enable)</selected>
						<include>settings_Radiobutton</include>
					</control>
					<!--kiosk mode-->
					<control type="radiobutton" id="902">
						<label>$LOCALIZE[31264]</label>
						<onclick>Skin.ToggleSetting(global.kiosk)</onclick>
						<selected>Skin.HasSetting(global.kiosk)</selected>
						<include>settings_Radiobutton</include>
					</control>
					<!--clean library-->
					<control type="radiobutton" id="903">
						<label>$LOCALIZE[31265]</label>
						<onclick>Skin.ToggleSetting(cleanlibrary.enable)</onclick>
						<selected>Skin.HasSetting(cleanlibrary.enable)</selected>
						<include>settings_Radiobutton</include>
					</control>
					<!--reset skin settings-->
					<control type="button" id="910">
						<label>[COLOR=Warning]$LOCALIZE[31713][/COLOR]</label>
						<!--ask confirmation-->
						<onclick>SetProperty(ConfirmDialog,ResetSettings,200)</onclick>
						<onclick>ActivateWindow(200)</onclick>
						<include>settings_Listbutton</include>
					</control>
				</control>

			<!--SKIN CREDITS-->			
				<control type="grouplist" id="1000">
					<width>850</width>
					<height>598</height>
					<onleft>9001</onleft>
					<onright>70</onright>
					<onup>800</onup>
					<ondown>800</ondown>
					<itemgap>2</itemgap>
					<pagecontrol>70</pagecontrol>
					<visible>Skin.String(SkinSettings,Credits)</visible>
					<control type="button" id="1001">
						<label>[UPPERCASE]Skin Design + Development[/UPPERCASE]</label>
						<onclick>noop</onclick>
						<textcolor>Color2</textcolor>
						<include>settings_Listbutton</include>
					</control>
					<control type="button" id="1002">
						<label>Jeroen Pardon</label>
						<onclick>noop</onclick> 
						<include>settings_Listbutton</include>
					</control>
					<!--
					<control type="button" id="1003">
						<label>[UPPERCASE]Version[/UPPERCASE]</label>
						<onclick>noop</onclick>
						<textcolor>Color2</textcolor>
						<include>settings_Listbutton</include>
					</control>
					<control type="button" id="1004">
						<label>$INFO[System.AddonVersion(skin.refocus)]</label>
						<onclick>noop</onclick> 
						<include>settings_Listbutton</include>
					</control>
					-->
					<control type="button" id="1005">
						<label>[UPPERCASE]Special Thanks[/UPPERCASE]</label>
						<onclick>noop</onclick>
						<textcolor>Color2</textcolor>
						<include>settings_Listbutton</include>
					</control>
					<control type="button" id="1006">
						<label>Team-XBMC, the XBMC Community, and YOU for using reFocus!</label>
						<onclick>noop</onclick> 
						<include>settings_Listbutton</include>
					</control>
					<control type="button" id="1007">
						<label>[UPPERCASE]Attribution[/UPPERCASE]</label>
						<onclick>noop</onclick>
						<textcolor>Color2</textcolor>
						<include>settings_Listbutton</include>
					</control>
					<control type="button" id="1008">
						<label>Climacons by Adam Whitcroft - [B]adamwhitcroft.com/climacons[/B]</label>
						<onclick>noop</onclick> 
						<include>settings_Listbutton</include>
					</control>
					<control type="button" id="10010">
						<label>[UPPERCASE]Translations[/UPPERCASE]</label>
						<onclick>noop</onclick>
						<textcolor>Color2</textcolor>
						<include>settings_Listbutton</include>
					</control>
					<control type="group">
						<height>180</height>
						<control type="grouplist">
							<width>283</width>
							<itemgap>2</itemgap>
							<control type="button" id="1011">
								<label>[B]Bulgarian: [/B]NEOhidra</label>
								<width>283</width>
								<onclick>noop</onclick> 
								<include>settings_Listbutton</include>
							</control>
							<control type="button" id="1012">
								<label>[B]Czech: [/B]rosiste</label>
								<width>283</width>
								<onclick>noop</onclick> 
								<include>settings_Listbutton</include>
							</control>
							<control type="button" id="1013">
								<label>[B]Danish: [/B]LoADrunner</label>
								<width>283</width>
								<onclick>noop</onclick> 
								<include>settings_Listbutton</include>
							</control>
							<control type="button" id="1014">
								<label>[B]Finnish: [/B]ZZRX</label>
								<width>283</width>
								<onclick>noop</onclick> 
								<include>settings_Listbutton</include>
							</control>
						</control>
						<control type="grouplist">
							<left>285</left>
							<width>283</width>
							<itemgap>2</itemgap>
							<control type="button" id="1021">
								<label>[B]French: [/B]legostrike &amp; Frisson</label>
								<width>283</width>
								<onclick>noop</onclick> 
								<include>settings_Listbutton</include>
							</control>
							<control type="button" id="1022">
								<label>[B]Italian: [/B]peppe_sr</label>
								<width>283</width>
								<onclick>noop</onclick> 
								<include>settings_Listbutton</include>
							</control>
							<control type="button" id="1023">
								<label>[B]Korean: [/B]epoke</label>
								<width>283</width>
								<onclick>noop</onclick> 
								<include>settings_Listbutton</include>
							</control>
							<control type="button" id="1024">
								<label>[B]Polish: [/B]Okashu</label>
								<width>283</width>
								<onclick>noop</onclick> 
								<include>settings_Listbutton</include>
							</control>
						</control>
						<control type="grouplist">
							<left>570</left>
							<width>283</width>
							<itemgap>2</itemgap>
							<control type="button" id="1032">
								<label>[B]Portuguese: [/B]fabiodacosta</label>
								<width>283</width>
								<onclick>noop</onclick> 
								<include>settings_Listbutton</include>
							</control>
							<control type="button" id="1033">
								<label>[B]Romanian: [/B]Galefury</label>
								<width>283</width>
								<onclick>noop</onclick> 
								<include>settings_Listbutton</include>
							</control>
							<control type="button" id="1034">
								<label>[B]Swedish: [/B]Diazz &amp; thedarer</label>
								<width>283</width>
								<onclick>noop</onclick> 
								<include>settings_Listbutton</include>
							</control>
						</control>
					</control>
					<control type="button" id="1040">
						<label>[UPPERCASE]Final Note[/UPPERCASE]</label>
						<onclick>noop</onclick>
						<textcolor>Color2</textcolor>
						<include>settings_Listbutton</include>
					</control>
					<control type="button" id="1041">
						<label>Please consider supporting the development of xbmc - [B]xbmc.org/contribute/[/B]</label>
						<onclick>noop</onclick> 
						<include>settings_Listbutton</include>
					</control>
				</control>
			</control>
		</control>
		<control type="scrollbar" id="70">
			<left>1272</left>
			<height>screen_Height</height>
			<onleft>9001</onleft>
		</control>
		<control type="image">
			<left>75</left>
			<top>600</top>
			<width>200</width>
			<texture>logos/refocuslogo.png</texture>
			<aspectratio align="left">keep</aspectratio>
			<include>transition_Content</include>
		</control>
	</controls>
</window>