<?xml version="1.0" encoding="UTF-8"?>
<includes>
<!--POSTER--> 
	<include name="viewIconPortrait-ContainerCommons">
		<control type="image">
			<width>184</width>
			<height>266</height>
			<include>art_Frame-nf</include>
		</control>
		<control type="group">
			<left>7</left>
			<top>7</top>
			<control type="image">	
				<width>170</width>
				<height>252</height>
				<texture background="true">thumbs/default_Portrait.png</texture>
				<aspectratio>stretch</aspectratio>
			</control>
			<control type="image">
				<left>37</left>
				<top>78</top>
				<width>96</width>
				<height>96</height>
				<include>art_DefaultIcon</include>
			</control>
			<control type="image">
				<width>170</width>
				<height>252</height>
				<texture background="true">$VAR[thumb_Portrait]</texture>
				<aspectratio align="center" aligny="top">scale</aspectratio>
			</control>
			<control type="group">
				<left>144</left>
				<top>226</top>
				<include>status_Info</include>
			</control>
		</control>
	</include>
	<include name="view_IconPortrait">
		<control type="panel" id="57">
			<viewtype label="31113">bigicon</viewtype>	
			<left>55</left>
			<top>90</top>
			<width>1164</width>
			<height>554</height>
			<onleft>6000</onleft>
			<onright>70</onright>
			<onup>57</onup>
			<ondown>57</ondown>
			<pagecontrol>70</pagecontrol>
			<preloaditems>2</preloaditems>
			<orientation>vertical</orientation>
			<include>global_ListScroll</include>
			<include>transition_Content</include>
			<include>toggle_Menu</include>
			<include>transition_Info</include>
			<visible>Container.Content(movies) | Container.Content(tvshows) | Container.Content(seasons) | Container.Content(sets) | Container.Content(actors)</visible>
			<itemlayout width="194" height="277">
				<include>viewIconPortrait-ContainerCommons</include>
			</itemlayout>											
			<focusedlayout width="194" height="277">
				<control type="image">
					<width>184</width>
					<height>266</height>
					<include>art_Frame-fo</include>
				</control>
				<include>viewIconPortrait-ContainerCommons</include>
			</focusedlayout>
		</control>
	</include>
	
<!--POSTERSMALL-->
	<include name="view_IconPortraitSmall-ContainerCommons">
		<control type="image">
			<width>129</width>
			<height>184</height>
			<include>art_Frame-nf</include>
		</control>
		<control type="group">
			<left>7</left>
			<top>7</top>
			<control type="image">	
				<width>115</width>
				<height>170</height>
				<texture background="true">thumbs/default_Portrait.png</texture>
				<aspectratio>stretch</aspectratio>
			</control>
			<control type="image">
				<left>25</left>
				<top>53</top>
				<width>64</width>
				<height>64</height>
				<texture>$INFO[ListItem.ActualIcon]</texture>
				<aspectratio>keep</aspectratio>
				<visible>IsEmpty(ListItem.Thumb)</visible>
			</control>
			<control type="image">
				<width>115</width>
				<height>170</height>
				<texture background="true">$VAR[thumb_Portrait]</texture>
				<aspectratio>stretch</aspectratio>
			</control>
			<control type="group">
				<left>89</left>
				<top>144</top>
				<include>status_Info</include>
			</control>
		</control>
	</include>
	<include name="view_IconPortraitSmall">
		<control type="panel" id="571">
			<viewtype label="31113">icon</viewtype>	
			<left>55</left>
			<top>100</top>
			<width>695</width>
			<height>582</height>
			<onleft>6000</onleft>
			<onright>70</onright>
			<onup>571</onup>
			<ondown>571</ondown>
			<pagecontrol>70</pagecontrol>
			<preloaditems>4</preloaditems>
			<orientation>vertical</orientation>
			<include>global_ListScroll</include>
			<include>toggle_Menu</include>
			<include>transition_Content</include>
			<include>transition_Info</include>
			<visible>Container.Content(movies) | Container.Content(tvshows) | Container.Content(seasons) | Container.Content(sets)</visible>
			<itemlayout width="139" height="194">
				<include>view_IconPortraitSmall-ContainerCommons</include>
			</itemlayout>											
			<focusedlayout width="139" height="194">
				<control type="image">
					<width>129</width>
					<height>184</height>
					<include>art_Frame-fo</include>
				</control>
				<include>view_IconPortraitSmall-ContainerCommons</include>
			</focusedlayout>
		</control>
	</include>

<!--SQUARE-->
	<include name="view_IconSquare-ContainerCommons">
		<control type="image">
			<width>178</width>
			<height>178</height>
			<include>art_Frame-nf</include>
		</control>
		<control type="group">
			<left>7</left>
			<top>7</top>
			<control type="image">	
				<width>164</width>
				<height>164</height>
				<texture background="true">thumbs/default_Square.png</texture>
				<aspectratio>stretch</aspectratio>
			</control>
			<control type="image">
				<left>34</left>
				<top>34</top>
				<width>96</width>
				<height>96</height>
				<include>art_DefaultIcon</include>
				<visible>StringCompare(Container.FolderName,$LOCALIZE[24032])</visible>
			</control>
			<control type="image">
				<left>34</left>
				<top>34</top>
				<width>96</width>
				<height>96</height>
				<include>art_DefaultIcon</include>
				<visible>!StringCompare(Container.FolderName,$LOCALIZE[24032])</visible>
			</control>
			<control type="image">
				<width>164</width>
				<height>164</height>
				<texture background="true">$VAR[thumb_Square]</texture>
				<aspectratio>scale</aspectratio>
			</control>
		</control>
	</include>
	<include name="view_IconSquare">
		<control type="group">
			<left>87</left>
			<top>652</top>
			<include>toggle_Menu</include>
			<include>transition_Content</include>
			<include>transition_Info</include>
			<visible>Control.IsVisible(572)</visible>
			<control type="label">
				<label>$VAR[global_Title]</label>
				<width>1000</width>
				<include>detail_Title</include>
			</control>
			<control type="label">
				<top>25</top>
				<label>$VAR[global_Info]</label>
				<width>1128</width>
				<include>detail_Sub</include>
			</control>
			<control type="label">
				<left>1085</left>
				<top>25</top>
				<width>300</width>
				<label>$INFO[ListItem.Duration]</label>
				<align>right</align>
				<include>detail_Sub</include>
			</control>
			<control type="image">
				<top>4</top>
				<right>87</right>
				<width>128</width>
				<height>22</height>
				<aspectratio align="right" aligny="top">keep</aspectratio>
				<include>detail_StarRating</include>
			</control>
		</control>
		<control type="panel" id="572">
			<viewtype label="31113">icons</viewtype>
			<left>80</left>
			<top>90</top>
			<width>1128</width>
			<height>564</height>
			<onleft>6000</onleft>
			<onright>70</onright>
			<onup>572</onup>
			<ondown>572</ondown>
			<pagecontrol>70</pagecontrol>
			<preloaditems>2</preloaditems>
			<include>global_ListScroll</include>
			<include>transition_Content</include>
			<include>transition_Info</include>
			<include>toggle_Menu</include>
			<visible>Container.Content(addons) | Container.Content(albums) | Container.Content(artists) | Container.Content(songs) | Window.IsActive(pictures)</visible>
			<itemlayout width="188" height="188">
				<include>view_IconSquare-ContainerCommons</include>
			</itemlayout>											
			<focusedlayout height="188" width="188">
				<control type="image">
					<width>178</width>
					<height>178</height>
					<include>art_Frame-fo</include>
				</control>
				<include>view_IconSquare-ContainerCommons</include>
			</focusedlayout>
		</control>
	</include>

<!--SQUARE SMALL-->
	<include name="view_IconSquareSmall">
		<control type="group">
			<include>toggle_Menu</include>
			<include>transition_Content</include>
			<include>transition_Info</include>
			<visible>Control.IsVisible(574)</visible>
			<!--info-->
			<control type="grouplist" id="1000">
				<left>790</left>
				<top>103</top>
				<itemgap>0</itemgap>
				<control type="label" id="1">
					<width>440</width>
					<label>$INFO[ListItem.Label]</label>
					<include>detail_Title</include>
				</control>
				<control type="label">
					<width>440</width>
					<label>$LOCALIZE[19114]: $INFO[ListItem.Property(Addon.Version)]</label>
					<include>detail_Sub</include>
					<visible>!IsEmpty(ListItem.Property(Addon.Version))</visible>
				</control>
				<control type="image">
					<aspectratio align="left" aligny="center">keep</aspectratio>
					<include>detail_StarRating</include>
				</control>
				<control type="textbox" id="4">
					<width>440</width>
					<height>413</height>
					<label>$INFO[ListItem.Property(Addon.Description)]</label>
					<textcolor>Color1</textcolor>
					<include>detail_Text</include>
					<visible>!IsEmpty(ListItem.Property(Addon.Description))</visible>
				</control>
				<control type="textbox" id="4">
					<width>440</width>
					<height>413</height>
					<label>$INFO[ListItem.Plot]</label>
					<textcolor>Color4</textcolor>
					<include>detail_Text</include>
					<visible>!IsEmpty(ListItem.Plot)</visible>
				</control>
			</control>
			<!--container-->
			<control type="panel" id="574">
				<viewtype label="31113">bigicon</viewtype>
				<left>35</left>
				<top>110</top>
				<width>736</width>
				<height>552</height>
				<onleft>6000</onleft>
				<onright>70</onright>
				<onup>574</onup>
				<ondown>574</ondown>
				<pagecontrol>70</pagecontrol>
				<preloaditems>2</preloaditems>
				<include>global_ListScroll</include>
				<visible>Container.Content(addons) | Container.Content(albums) | Container.Content(artists) | Container.Content(songs) | Window.IsActive(pictures)</visible>
				<itemlayout height="184" width="184">
					<control type="image">
						<width>174</width>
						<height>174</height>
						<include>art_Frame-nf</include>
					</control>
					<control type="group">
						<left>7</left>
						<top>7</top>
						<control type="image">
							<width>160</width>
							<height>160</height>
							<texture>thumbs/default_Square.png</texture>
						</control>
						<control type="image">
							<centerleft>80</centerleft>
							<centertop>80</centertop>
							<width>96</width>
							<height>96</height>
							<include>art_DefaultIcon</include>
						</control>
						<control type="image">
							<width>160</width>
							<height>160</height>
							<texture background="true">$VAR[thumb_Square]</texture>
							<aspectratio>scale</aspectratio>
						</control>
					</control>
				</itemlayout>											
				<focusedlayout height="184" width="184">
					<control type="image">
						<width>174</width>
						<height>174</height>
						<include>art_Frame-nf</include>
					</control>
					<control type="image">
						<width>174</width>
						<height>174</height>
						<include>art_Frame-fo</include>
					</control>
					<control type="group">
						<left>7</left>
						<top>7</top>
						<control type="image">
							<width>160</width>
							<height>160</height>
							<texture>thumbs/default_Square.png</texture>
						</control>
						<control type="image">
							<centerleft>80</centerleft>
							<centertop>80</centertop>
							<width>96</width>
							<height>96</height>
							<include>art_DefaultIcon</include>
						</control>
						<control type="image">
							<width>160</width>
							<height>160</height>
							<texture background="true">$VAR[thumb_Square]</texture>
							<aspectratio>scale</aspectratio>
						</control>
					</control>
				</focusedlayout>
			</control>
		</control>
	</include>

<!--BIGWIDE-->
	<include name="view_ThumbEpisode-ContainerCommons">
		<control type="image">
			<width>394</width>
			<height>219</height>
			<include>art_Frame-nf</include>
		</control>
		<control type="group">
			<left>7</left>
			<top>7</top>
			<control type="image">
				<width>380</width>
				<height>205</height>
				<texture background="true">thumbs/default_Landscape.png</texture>
				<aspectratio>stretch</aspectratio>
			</control>
			<control type="image">
				<centerleft>190</centerleft>
				<centertop>102.5</centertop>
				<width>96</width>
				<height>96</height>
				<include>art_DefaultIcon</include>
			</control>
			<control type="image">
				<width>380</width>
				<height>205</height>
				<texture background="true">$VAR[thumb_Landscape]</texture>
				<aspectratio>scale</aspectratio>
			</control>
			<control type="group">
				<left>354</left>
				<top>179</top>
				<include>status_Info</include>
			</control>
		</control>
		<control type="image">
			<centerleft>190</centerleft>
			<top>142</top>
			<width>340</width>
			<height>64</height>
			<include>art_ClearLogo</include>
		</control>
	</include>
	<include name="view_IconWide">
		<control type="panel" id="575">
			<viewtype label="31113">bigicon</viewtype>
			<left>35</left>
			<top>105</top>
			<width>1224</width>
			<height>572</height>
			<onleft>6000</onleft>
			<onright>70</onright>
			<onup>575</onup>
			<ondown>575</ondown>
			<pagecontrol>70</pagecontrol>
			<preloaditems>2</preloaditems>
			<include>global_ListScroll</include>
			<include>toggle_Menu</include>
			<include>transition_Content</include>
			<include>transition_Info</include>
			<visible>[Container.Content(episodes) | Container.Content(musicvideos) | [Container.Content(files) + Container.HasFiles]] + !StringCompare(Container.FolderPath,special://videoplaylists/)</visible>
			<itemlayout width="404" height="286">
				<include>view_ThumbEpisode-ContainerCommons</include>
				<control type="group">
					<left>7</left>
					<top>225</top>
					<control type="label" id="110">
						<width>380</width>
						<label>$VAR[global_Title]</label>
						<include>detail_Title</include>
					</control>
					<control type="label" id="110">
						<top>22</top>
						<width>380</width>
						<label>$VAR[global_Info]</label>
						<include>detail_Sub</include>
					</control>
				</control>
			</itemlayout>											
			<focusedlayout width="404" height="286">
				<control type="image">
					<width>394</width>
					<height>219</height>
					<include>art_Frame-fo</include>
				</control>
				<include>view_ThumbEpisode-ContainerCommons</include>
				<control type="group">
					<left>7</left>
					<top>225</top>
					<control type="label" id="110">
						<width>380</width>
						<label>$VAR[global_Title]</label>
						<selectedcolor>Color1</selectedcolor>
						<include>detail_Title</include>
					</control>
					<control type="label" id="110">
						<top>22</top>
						<width>380</width>
						<label>$VAR[global_Info]</label>
						<selectedcolor>Color2</selectedcolor>
						<include>detail_Sub</include>
					</control>
				</control>
			</focusedlayout>
		</control>
	</include>

	<include name="detail_Thumbnails">
		<control type="group">
			<include>transition_Content</include>
			<include>transition_Info</include>
			<include>toggle_Menu</include>
			<!--large grid-->
			<control type="group">
				<visible>Control.IsVisible(57)</visible>
				<!--flags-->
				<control type="image">
					<right>77</right>
					<top>640</top>
					<include>detail_StarRating</include>
					<aspectratio align="right" aligny="top">keep</aspectratio>
					<visible>IntegerGreaterThan(ListItem.Rating,0)</visible>
				</control>
				<control type="image">
					<right>72</right>
					<top>640</top>
					<width>128</width>
					<height>64</height>
					<texture>$VAR[flag_Studio]</texture>
					<aspectratio align="right" aligny="center">keep</aspectratio>
					<visible>SubString(Container.FolderPath,plugin://plugin.video.the.trailers)</visible>
				</control>
				<control type="group">
					<left>60</left>
					<top>645</top>
					<control type="label">
						<label>$VAR[global_Title]</label>
						<width>1100</width>
						<include>detail_Title</include>
					</control>
					<control type="label">
						<top>25</top>
						<label>$VAR[global_Info]</label>
						<width>750</width>
						<include>detail_Sub</include>
						<visible>!SubString(Container.FolderPath,plugin) + !SubString(ListItem.Icon,default)</visible>
					</control>
					<control type="label">
						<top>25</top>
						<label>$VAR[global_Info.Addon]</label>
						<width>750</width>
						<include>detail_Sub</include>
						<visible>SubString(Container.FolderPath,plugin) + !SubString(ListItem.Icon,default)</visible>
					</control>
				</control>
			</control>
			<!--small grid-->
			<control type="group">
				<left>770</left>
				<top>93</top>
				<visible>Control.IsVisible(571) + [Container.Content(movies) | Container.Content(tvshows) | Container.Content(seasons)]</visible>
				<control type="grouplist" id="1000">
					<itemgap>0</itemgap>
					<control type="label">
						<width>460</width>
						<label>$INFO[ListItem.Label]</label>
						<include>detail_Title</include>
					</control>
					<control type="label">
						<width>460</width>
						<label>$INFO[ListItem.Genre]</label>
						<include>detail_Sub</include>
						<visible>Container.Content(movies)</visible>
					</control>
					<control type="label">
						<width>460</width>
						<label>$INFO[ListItem.Property(UnWatchedEpisodes),, $LOCALIZE[16101] $LOCALIZE[20360]]</label>
						<include>detail_Sub</include>
						<visible>Container.Content(tvshows) + !IsEmpty(ListItem.TVShowTitle)</visible>
					</control>
					<control type="label">
						<width>460</width>
						<label>$INFO[ListItem.Year]$INFO[ListItem.Duration, • , $LOCALIZE[31701]]</label>
						<include>detail_Sub</include>
						<visible>Container.Content(movies)</visible>
					</control>
					<control type="label">
						<width>460</width>
						<label>$VAR[nextaired_Info]</label>
						<include>detail_Sub</include>
						<visible>Container.Content(tvshows) + !IsEmpty(ListItem.TVShowTitle)</visible>
					</control>
					<control type="image">
						<width>112</width>
						<height>40</height>
						<include>detail_StarRating</include>
						<aspectratio align="left" aligny="center">keep</aspectratio>
					</control>
					<control type="textbox" id="4">
						<width>460</width>
						<height>355</height>
						<label>$VAR[global_Plot]</label>
						<include>detail_Text</include>
						<visible>!SubString(ListItem.Icon,default)</visible>
					</control>
				</control>
				<control type="image">
					<bottom>40</bottom>
					<width>128</width>
					<height>48</height>
					<aspectratio align="left">keep</aspectratio>
					<texture>$VAR[flag_Studio]</texture>
				</control>
			</control>
		</control>
	</include>
</includes>