﻿<?xml version="1.0" encoding="UTF-8"?>
<window type="dialog" id="96">
	<defaultcontrol always="true">100</defaultcontrol>
	<coordinates>
		<system>1</system>
		<left>340</left>
		<top>210</top>
		<origin x="445" y="210">Window.IsActive(Home)</origin>
	</coordinates>
	
	<controls>
		<control type="group">
			<include condition="Window.IsActive(Home)">transition_Dialog-HomeMenuSettings</include>
			<include condition="!Window.IsActive(Home)">transition_Dialog</include>
			<control type="image">
				<width>600</width>
				<height>300</height>
				<include>dialog_Window</include>
			</control>
			<control type="label" id="1">
				<width>592</width>
				<label>$LOCALIZE[31052]</label>
				<include>dialog_Windowtitle</include>
			</control>
			<control type="group">
				<left>4</left>
				<top>55</top>
				<control type="label">
					<width>792</width>
					<label>$LOCALIZE[31142]: $VAR[home_CustomSelection]</label>
					<textcolor>Color4</textcolor>
					<include>dialog_Header</include>
					<include>dialog_ControlCommons</include>
				</control>
				<control type="image">
					<top>40</top>
					<width>592</width>
					<include>dialog_SectionSeparator</include>
				</control>
				<control type="grouplist" id="100">
					<top>40</top>
					<width>592</width>
					<height>250</height>
					<onup>100</onup>
					<ondown>100</ondown>
					<onright>90</onright>
					<onback>90</onback>
					<itemgap>0</itemgap>
					<include>global_ListScroll</include>
					<!--Folder-->
					<control type="button" id="102">
						<width>592</width>
						<label>$LOCALIZE[31053]</label>
						<!--videos-->
						<onclick condition="StringCompare(Window(Home).Property(customitem.category),video) + StringCompare(Window(Home).Property(customitem.video.number),1)">Skin.Reset(customitem.video1.type)</onclick>
						<onclick condition="StringCompare(Window(Home).Property(customitem.category),video) + StringCompare(Window(Home).Property(customitem.video.number),1)">Skin.Reset(customitem.video1.label)</onclick>
						<onclick condition="StringCompare(Window(Home).Property(customitem.category),video) + StringCompare(Window(Home).Property(customitem.video.number),1)">Skin.SetString(customitem.video1.type,$LOCALIZE[20334])</onclick>
						<onclick condition="StringCompare(Window(Home).Property(customitem.category),video) + StringCompare(Window(Home).Property(customitem.video.number),1)">Skin.SetPath(customitem.video1.path)</onclick>
						<onclick condition="StringCompare(Window(Home).Property(customitem.category),video) + StringCompare(Window(Home).Property(customitem.video.number),1)">Skin.SetString(customitem.video1.label)</onclick>

						<onclick condition="StringCompare(Window(Home).Property(customitem.category),video) + StringCompare(Window(Home).Property(customitem.video.number),2)">Skin.Reset(customitem.video2.type)</onclick>
						<onclick condition="StringCompare(Window(Home).Property(customitem.category),video) + StringCompare(Window(Home).Property(customitem.video.number),2)">Skin.Reset(customitem.video2.label)</onclick>
						<onclick condition="StringCompare(Window(Home).Property(customitem.category),video) + StringCompare(Window(Home).Property(customitem.video.number),2)">Skin.SetString(customitem.video2.type,$LOCALIZE[20334])</onclick>
						<onclick condition="StringCompare(Window(Home).Property(customitem.category),video) + StringCompare(Window(Home).Property(customitem.video.number),2)">Skin.SetPath(customitem.video2.path)</onclick>
						<onclick condition="StringCompare(Window(Home).Property(customitem.category),video) + StringCompare(Window(Home).Property(customitem.video.number),2)">Skin.SetString(customitem.video2.label)</onclick>

						<onclick condition="StringCompare(Window(Home).Property(customitem.category),video) + StringCompare(Window(Home).Property(customitem.video.number),3)">Skin.Reset(customitem.video3.type)</onclick>
						<onclick condition="StringCompare(Window(Home).Property(customitem.category),video) + StringCompare(Window(Home).Property(customitem.video.number),3)">Skin.Reset(customitem.video3.label)</onclick>
						<onclick condition="StringCompare(Window(Home).Property(customitem.category),video) + StringCompare(Window(Home).Property(customitem.video.number),3)">Skin.SetString(customitem.video3.type,$LOCALIZE[20334])</onclick>
						<onclick condition="StringCompare(Window(Home).Property(customitem.category),video) + StringCompare(Window(Home).Property(customitem.video.number),3)">Skin.SetPath(customitem.video3.path)</onclick>
						<onclick condition="StringCompare(Window(Home).Property(customitem.category),video) + StringCompare(Window(Home).Property(customitem.video.number),3)">Skin.SetString(customitem.video3.label)</onclick>

						<!--movies-->
						<onclick condition="StringCompare(Window(Home).Property(customitem.category),movies) + StringCompare(Window(Home).Property(customitem.movies.number),1)">Skin.Reset(customitem.movies1.type)</onclick>
						<onclick condition="StringCompare(Window(Home).Property(customitem.category),movies) + StringCompare(Window(Home).Property(customitem.movies.number),1)">Skin.Reset(customitem.movies1.label)</onclick>
						<onclick condition="StringCompare(Window(Home).Property(customitem.category),movies) + StringCompare(Window(Home).Property(customitem.movies.number),1)">Skin.SetString(customitem.movies1.type,$LOCALIZE[20334])</onclick>
						<onclick condition="StringCompare(Window(Home).Property(customitem.category),movies) + StringCompare(Window(Home).Property(customitem.movies.number),1)">Skin.SetPath(customitem.movies1.path)</onclick>
						<onclick condition="StringCompare(Window(Home).Property(customitem.category),movies) + StringCompare(Window(Home).Property(customitem.movies.number),1)">Skin.SetString(customitem.movies1.label)</onclick>

						<onclick condition="StringCompare(Window(Home).Property(customitem.category),movies) + StringCompare(Window(Home).Property(customitem.movies.number),2)">Skin.Reset(customitem.movies2.type)</onclick>
						<onclick condition="StringCompare(Window(Home).Property(customitem.category),movies) + StringCompare(Window(Home).Property(customitem.movies.number),2)">Skin.Reset(customitem.movies2.label)</onclick>
						<onclick condition="StringCompare(Window(Home).Property(customitem.category),movies) + StringCompare(Window(Home).Property(customitem.movies.number),2)">Skin.SetString(customitem.movies2.type,$LOCALIZE[20334])</onclick>
						<onclick condition="StringCompare(Window(Home).Property(customitem.category),movies) + StringCompare(Window(Home).Property(customitem.movies.number),2)">Skin.SetPath(customitem.movies2.path)</onclick>
						<onclick condition="StringCompare(Window(Home).Property(customitem.category),movies) + StringCompare(Window(Home).Property(customitem.movies.number),2)">Skin.SetString(customitem.movies2.label)</onclick>

						<onclick condition="StringCompare(Window(Home).Property(customitem.category),movies) + StringCompare(Window(Home).Property(customitem.movies.number),3)">Skin.Reset(customitem.movies3.type)</onclick>
						<onclick condition="StringCompare(Window(Home).Property(customitem.category),movies) + StringCompare(Window(Home).Property(customitem.movies.number),3)">Skin.Reset(customitem.movies3.label)</onclick>
						<onclick condition="StringCompare(Window(Home).Property(customitem.category),movies) + StringCompare(Window(Home).Property(customitem.movies.number),3)">Skin.SetString(customitem.movies3.type,$LOCALIZE[20334])</onclick>
						<onclick condition="StringCompare(Window(Home).Property(customitem.category),movies) + StringCompare(Window(Home).Property(customitem.movies.number),3)">Skin.SetPath(customitem.movies3.path)</onclick>
						<onclick condition="StringCompare(Window(Home).Property(customitem.category),movies) + StringCompare(Window(Home).Property(customitem.movies.number),3)">Skin.SetString(customitem.movies3.label)</onclick>

						<!--tvshows-->
						<onclick condition="StringCompare(Window(Home).Property(customitem.category),tvshows) + StringCompare(Window(Home).Property(customitem.tvshows.number),1)">Skin.Reset(customitem.tvshows1.type)</onclick>
						<onclick condition="StringCompare(Window(Home).Property(customitem.category),tvshows) + StringCompare(Window(Home).Property(customitem.tvshows.number),1)">Skin.Reset(customitem.tvshows1.label)</onclick>
						<onclick condition="StringCompare(Window(Home).Property(customitem.category),tvshows) + StringCompare(Window(Home).Property(customitem.tvshows.number),1)">Skin.SetString(customitem.tvshows1.type,$LOCALIZE[20334])</onclick>
						<onclick condition="StringCompare(Window(Home).Property(customitem.category),tvshows) + StringCompare(Window(Home).Property(customitem.tvshows.number),1)">Skin.SetPath(customitem.tvshows1.path)</onclick>
						<onclick condition="StringCompare(Window(Home).Property(customitem.category),tvshows) + StringCompare(Window(Home).Property(customitem.tvshows.number),1)">Skin.SetString(customitem.tvshows1.label)</onclick>

						<onclick condition="StringCompare(Window(Home).Property(customitem.category),tvshows) + StringCompare(Window(Home).Property(customitem.tvshows.number),2)">Skin.Reset(customitem.tvshows2.type)</onclick>
						<onclick condition="StringCompare(Window(Home).Property(customitem.category),tvshows) + StringCompare(Window(Home).Property(customitem.tvshows.number),2)">Skin.Reset(customitem.tvshows2.label)</onclick>
						<onclick condition="StringCompare(Window(Home).Property(customitem.category),tvshows) + StringCompare(Window(Home).Property(customitem.tvshows.number),2)">Skin.SetString(customitem.tvshows2.type,$LOCALIZE[20334])</onclick>
						<onclick condition="StringCompare(Window(Home).Property(customitem.category),tvshows) + StringCompare(Window(Home).Property(customitem.tvshows.number),2)">Skin.SetPath(customitem.tvshows2.path)</onclick>
						<onclick condition="StringCompare(Window(Home).Property(customitem.category),tvshows) + StringCompare(Window(Home).Property(customitem.tvshows.number),2)">Skin.SetString(customitem.tvshows2.label)</onclick>

						<onclick condition="StringCompare(Window(Home).Property(customitem.category),tvshows) + StringCompare(Window(Home).Property(customitem.tvshows.number),3)">Skin.Reset(customitem.tvshows3.type)</onclick>
						<onclick condition="StringCompare(Window(Home).Property(customitem.category),tvshows) + StringCompare(Window(Home).Property(customitem.tvshows.number),3)">Skin.Reset(customitem.tvshows3.label)</onclick>
						<onclick condition="StringCompare(Window(Home).Property(customitem.category),tvshows) + StringCompare(Window(Home).Property(customitem.tvshows.number),3)">Skin.SetString(customitem.tvshows3.type,$LOCALIZE[20334])</onclick>
						<onclick condition="StringCompare(Window(Home).Property(customitem.category),tvshows) + StringCompare(Window(Home).Property(customitem.tvshows.number),3)">Skin.SetPath(customitem.tvshows3.path)</onclick>
						<onclick condition="StringCompare(Window(Home).Property(customitem.category),tvshows) + StringCompare(Window(Home).Property(customitem.tvshows.number),3)">Skin.SetString(customitem.tvshows3.label)</onclick>
						<include>dialog_ControlCommons</include>
					</control>
					<!--Playlist-->
					<control type="button" id="103">
						<width>592</width>
						<label>$LOCALIZE[31054]</label>
						<!--videos-->
						<onclick condition="StringCompare(Window(Home).Property(customitem.category),video) + StringCompare(Window(Home).Property(customitem.video.number),1)">Skin.Reset(customitem.video1.type)</onclick>
						<onclick condition="StringCompare(Window(Home).Property(customitem.category),video) + StringCompare(Window(Home).Property(customitem.video.number),1)">Skin.Reset(customitem.video1.label)</onclick>
						<onclick condition="StringCompare(Window(Home).Property(customitem.category),video) + StringCompare(Window(Home).Property(customitem.video.number),1)">Skin.SetString(customitem.video1.type,$LOCALIZE[559])</onclick>
						<onclick condition="StringCompare(Window(Home).Property(customitem.category),video) + StringCompare(Window(Home).Property(customitem.video.number),1)">Skin.SetFile(customitem.video1.playlistpath,.xsp|.m3u,special://profile/playlists/video/)</onclick>
						<onclick condition="StringCompare(Window(Home).Property(customitem.category),video) + StringCompare(Window(Home).Property(customitem.video.number),1)">Skin.SetString(customitem.video1.label)</onclick>

						<onclick condition="StringCompare(Window(Home).Property(customitem.category),video) + StringCompare(Window(Home).Property(customitem.video.number),2)">Skin.Reset(customitem.video2.type)</onclick>
						<onclick condition="StringCompare(Window(Home).Property(customitem.category),video) + StringCompare(Window(Home).Property(customitem.video.number),2)">Skin.Reset(customitem.video2.label)</onclick>
						<onclick condition="StringCompare(Window(Home).Property(customitem.category),video) + StringCompare(Window(Home).Property(customitem.video.number),2)">Skin.SetString(customitem.video2.type,$LOCALIZE[559])</onclick>
						<onclick condition="StringCompare(Window(Home).Property(customitem.category),video) + StringCompare(Window(Home).Property(customitem.video.number),2)">Skin.SetFile(customitem.video2.playlistpath,.xsp|.m3u,special://profile/playlists/video/)</onclick>
						<onclick condition="StringCompare(Window(Home).Property(customitem.category),video) + StringCompare(Window(Home).Property(customitem.video.number),2)">Skin.SetString(customitem.video2.label)</onclick>

						<onclick condition="StringCompare(Window(Home).Property(customitem.category),video) + StringCompare(Window(Home).Property(customitem.video.number),3)">Skin.Reset(customitem.video3.type)</onclick>
						<onclick condition="StringCompare(Window(Home).Property(customitem.category),video) + StringCompare(Window(Home).Property(customitem.video.number),3)">Skin.Reset(customitem.video3.label)</onclick>
						<onclick condition="StringCompare(Window(Home).Property(customitem.category),video) + StringCompare(Window(Home).Property(customitem.video.number),3)">Skin.SetString(customitem.video3.type,$LOCALIZE[559])</onclick>
						<onclick condition="StringCompare(Window(Home).Property(customitem.category),video) + StringCompare(Window(Home).Property(customitem.video.number),3)">Skin.SetFile(customitem.video3.playlistpath,.xsp|.m3u,special://profile/playlists/video/)</onclick>
						<onclick condition="StringCompare(Window(Home).Property(customitem.category),video) + StringCompare(Window(Home).Property(customitem.video.number),3)">Skin.SetString(customitem.video3.label)</onclick>
						
						<!--movies-->
						<onclick condition="StringCompare(Window(Home).Property(customitem.category),movies) + StringCompare(Window(Home).Property(customitem.movies.number),1)">Skin.Reset(customitem.movies1.type)</onclick>
						<onclick condition="StringCompare(Window(Home).Property(customitem.category),movies) + StringCompare(Window(Home).Property(customitem.movies.number),1)">Skin.Reset(customitem.movies1.label)</onclick>
						<onclick condition="StringCompare(Window(Home).Property(customitem.category),movies) + StringCompare(Window(Home).Property(customitem.movies.number),1)">Skin.SetString(customitem.movies1.type,$LOCALIZE[559])</onclick>
						<onclick condition="StringCompare(Window(Home).Property(customitem.category),movies) + StringCompare(Window(Home).Property(customitem.movies.number),1)">Skin.SetFile(customitem.movies1.playlistpath,.xsp|.m3u,special://profile/playlists/video/)</onclick>
						<onclick condition="StringCompare(Window(Home).Property(customitem.category),movies) + StringCompare(Window(Home).Property(customitem.movies.number),1)">Skin.SetString(customitem.movies1.label)</onclick>

						<onclick condition="StringCompare(Window(Home).Property(customitem.category),movies) + StringCompare(Window(Home).Property(customitem.movies.number),2)">Skin.Reset(customitem.movies2.type)</onclick>
						<onclick condition="StringCompare(Window(Home).Property(customitem.category),movies) + StringCompare(Window(Home).Property(customitem.movies.number),2)">Skin.Reset(customitem.movies2.label)</onclick>
						<onclick condition="StringCompare(Window(Home).Property(customitem.category),movies) + StringCompare(Window(Home).Property(customitem.movies.number),2)">Skin.SetString(customitem.movies2.type,$LOCALIZE[559])</onclick>
						<onclick condition="StringCompare(Window(Home).Property(customitem.category),movies) + StringCompare(Window(Home).Property(customitem.movies.number),2)">Skin.SetFile(customitem.movies2.playlistpath,.xsp|.m3u,special://profile/playlists/video/)</onclick>
						<onclick condition="StringCompare(Window(Home).Property(customitem.category),movies) + StringCompare(Window(Home).Property(customitem.movies.number),2)">Skin.SetString(customitem.movies2.label)</onclick>

						<onclick condition="StringCompare(Window(Home).Property(customitem.category),movies) + StringCompare(Window(Home).Property(customitem.movies.number),3)">Skin.Reset(customitem.movies3.type)</onclick>
						<onclick condition="StringCompare(Window(Home).Property(customitem.category),movies) + StringCompare(Window(Home).Property(customitem.movies.number),3)">Skin.Reset(customitem.movies3.label)</onclick>
						<onclick condition="StringCompare(Window(Home).Property(customitem.category),movies) + StringCompare(Window(Home).Property(customitem.movies.number),3)">Skin.SetString(customitem.movies3.type,$LOCALIZE[559])</onclick>
						<onclick condition="StringCompare(Window(Home).Property(customitem.category),movies) + StringCompare(Window(Home).Property(customitem.movies.number),3)">Skin.SetFile(customitem.movies3.playlistpath,.xsp|.m3u,special://profile/playlists/video/)</onclick>
						<onclick condition="StringCompare(Window(Home).Property(customitem.category),movies) + StringCompare(Window(Home).Property(customitem.movies.number),3)">Skin.SetString(customitem.movies3.label)</onclick>

						<!--tvshows-->
						<onclick condition="StringCompare(Window(Home).Property(customitem.category),tvshows) + StringCompare(Window(Home).Property(customitem.tvshows.number),1)">Skin.Reset(customitem.tvshows1.type)</onclick>
						<onclick condition="StringCompare(Window(Home).Property(customitem.category),tvshows) + StringCompare(Window(Home).Property(customitem.tvshows.number),1)">Skin.Reset(customitem.tvshows1.label)</onclick>
						<onclick condition="StringCompare(Window(Home).Property(customitem.category),tvshows) + StringCompare(Window(Home).Property(customitem.tvshows.number),1)">Skin.SetString(customitem.tvshows1.type,$LOCALIZE[559])</onclick>
						<onclick condition="StringCompare(Window(Home).Property(customitem.category),tvshows) + StringCompare(Window(Home).Property(customitem.tvshows.number),1)">Skin.SetFile(customitem.tvshows1.playlistpath,.xsp|.m3u,special://profile/playlists/video/)</onclick>
						<onclick condition="StringCompare(Window(Home).Property(customitem.category),tvshows) + StringCompare(Window(Home).Property(customitem.tvshows.number),1)">Skin.SetString(customitem.tvshows1.label)</onclick>

						<onclick condition="StringCompare(Window(Home).Property(customitem.category),tvshows) + StringCompare(Window(Home).Property(customitem.tvshows.number),2)">Skin.Reset(customitem.tvshows2.type)</onclick>
						<onclick condition="StringCompare(Window(Home).Property(customitem.category),tvshows) + StringCompare(Window(Home).Property(customitem.tvshows.number),2)">Skin.Reset(customitem.tvshows2.label)</onclick>
						<onclick condition="StringCompare(Window(Home).Property(customitem.category),tvshows) + StringCompare(Window(Home).Property(customitem.tvshows.number),2)">Skin.SetString(customitem.tvshows2.type,$LOCALIZE[559])</onclick>
						<onclick condition="StringCompare(Window(Home).Property(customitem.category),tvshows) + StringCompare(Window(Home).Property(customitem.tvshows.number),2)">Skin.SetFile(customitem.tvshows2.playlistpath,.xsp|.m3u,special://profile/playlists/video/)</onclick>
						<onclick condition="StringCompare(Window(Home).Property(customitem.category),tvshows) + StringCompare(Window(Home).Property(customitem.tvshows.number),2)">Skin.SetString(customitem.tvshows2.label)</onclick>

						<onclick condition="StringCompare(Window(Home).Property(customitem.category),tvshows) + StringCompare(Window(Home).Property(customitem.tvshows.number),3)">Skin.Reset(customitem.tvshows3.type)</onclick>
						<onclick condition="StringCompare(Window(Home).Property(customitem.category),tvshows) + StringCompare(Window(Home).Property(customitem.tvshows.number),3)">Skin.Reset(customitem.tvshows3.label)</onclick>
						<onclick condition="StringCompare(Window(Home).Property(customitem.category),tvshows) + StringCompare(Window(Home).Property(customitem.tvshows.number),3)">Skin.SetString(customitem.tvshows3.type,$LOCALIZE[559])</onclick>
						<onclick condition="StringCompare(Window(Home).Property(customitem.category),tvshows) + StringCompare(Window(Home).Property(customitem.tvshows.number),3)">Skin.SetFile(customitem.tvshows3.playlistpath,.xsp|.m3u,special://profile/playlists/video/)</onclick>
						<onclick condition="StringCompare(Window(Home).Property(customitem.category),tvshows) + StringCompare(Window(Home).Property(customitem.tvshows.number),3)">Skin.SetString(customitem.tvshows3.label)</onclick>
						<include>dialog_ControlCommons</include>
					</control>
					<!--Add-on-->
					<control type="button" id="104">
						<width>592</width>
						<label>$LOCALIZE[31055]</label>
						<!--videos-->
						<onclick condition="StringCompare(Window(Home).Property(customitem.category),video) + StringCompare(Window(Home).Property(customitem.video.number),1)">Skin.Reset(customitem.video1.type)</onclick>
						<onclick condition="StringCompare(Window(Home).Property(customitem.category),video) + StringCompare(Window(Home).Property(customitem.video.number),1)">Skin.Reset(customitem.video1.label)</onclick>
						<onclick condition="StringCompare(Window(Home).Property(customitem.category),video) + StringCompare(Window(Home).Property(customitem.video.number),1)">Skin.SetString(customitem.video1.type,$LOCALIZE[24001])</onclick>
						<onclick condition="StringCompare(Window(Home).Property(customitem.category),video) + StringCompare(Window(Home).Property(customitem.video.number),1)">Skin.SetAddon(customitem.video1.addonpath,xbmc.addon.video)</onclick>
						<onclick condition="StringCompare(Window(Home).Property(customitem.category),video) + StringCompare(Window(Home).Property(customitem.video.number),1)">Skin.SetString(customitem.video1.label,$INFO[System.AddonTitle($INFO[Skin.String(customitem.video1.addonpath)])])</onclick>

						<onclick condition="StringCompare(Window(Home).Property(customitem.category),video) + StringCompare(Window(Home).Property(customitem.video.number),2)">Skin.Reset(customitem.video2.type)</onclick>
						<onclick condition="StringCompare(Window(Home).Property(customitem.category),video) + StringCompare(Window(Home).Property(customitem.video.number),2)">Skin.Reset(customitem.video2.label)</onclick>
						<onclick condition="StringCompare(Window(Home).Property(customitem.category),video) + StringCompare(Window(Home).Property(customitem.video.number),2)">Skin.SetString(customitem.video2.type,$LOCALIZE[24001])</onclick>
						<onclick condition="StringCompare(Window(Home).Property(customitem.category),video) + StringCompare(Window(Home).Property(customitem.video.number),2)">Skin.SetAddon(customitem.video2.addonpath,xbmc.addon.video)</onclick>
						<onclick condition="StringCompare(Window(Home).Property(customitem.category),video) + StringCompare(Window(Home).Property(customitem.video.number),2)">Skin.SetString(customitem.video2.label,$INFO[System.AddonTitle($INFO[Skin.String(customitem.video2.addonpath)])])</onclick>

						<onclick condition="StringCompare(Window(Home).Property(customitem.category),video) + StringCompare(Window(Home).Property(customitem.video.number),3)">Skin.Reset(customitem.video3.type)</onclick>
						<onclick condition="StringCompare(Window(Home).Property(customitem.category),video) + StringCompare(Window(Home).Property(customitem.video.number),3)">Skin.Reset(customitem.video3.label)</onclick>
						<onclick condition="StringCompare(Window(Home).Property(customitem.category),video) + StringCompare(Window(Home).Property(customitem.video.number),3)">Skin.SetString(customitem.video3.type,$LOCALIZE[24001])</onclick>
						<onclick condition="StringCompare(Window(Home).Property(customitem.category),video) + StringCompare(Window(Home).Property(customitem.video.number),3)">Skin.SetAddon(customitem.video3.addonpath,xbmc.addon.video)</onclick>
						<onclick condition="StringCompare(Window(Home).Property(customitem.category),video) + StringCompare(Window(Home).Property(customitem.video.number),3)">Skin.SetString(customitem.video3.label,$INFO[System.AddonTitle($INFO[Skin.String(customitem.video3.addonpath)])])</onclick>
						
						<!--movies-->
						<onclick condition="StringCompare(Window(Home).Property(customitem.category),movies) + StringCompare(Window(Home).Property(customitem.movies.number),1)">Skin.Reset(customitem.movies1.type)</onclick>
						<onclick condition="StringCompare(Window(Home).Property(customitem.category),movies) + StringCompare(Window(Home).Property(customitem.movies.number),1)">Skin.Reset(customitem.movies1.label)</onclick>
						<onclick condition="StringCompare(Window(Home).Property(customitem.category),movies) + StringCompare(Window(Home).Property(customitem.movies.number),1)">Skin.SetString(customitem.movies1.type,$LOCALIZE[24001])</onclick>
						<onclick condition="StringCompare(Window(Home).Property(customitem.category),movies) + StringCompare(Window(Home).Property(customitem.movies.number),1)">Skin.SetAddon(customitem.movies1.addonpath,xbmc.addon.video)</onclick>
						<onclick condition="StringCompare(Window(Home).Property(customitem.category),movies) + StringCompare(Window(Home).Property(customitem.movies.number),1)">Skin.SetString(customitem.movies1.label,$INFO[System.AddonTitle($INFO[Skin.String(customitem.movies1.addonpath)])])</onclick>

						<onclick condition="StringCompare(Window(Home).Property(customitem.category),movies) + StringCompare(Window(Home).Property(customitem.movies.number),2)">Skin.Reset(customitem.movies2.type)</onclick>
						<onclick condition="StringCompare(Window(Home).Property(customitem.category),movies) + StringCompare(Window(Home).Property(customitem.movies.number),2)">Skin.Reset(customitem.movies2.label)</onclick>
						<onclick condition="StringCompare(Window(Home).Property(customitem.category),movies) + StringCompare(Window(Home).Property(customitem.movies.number),2)">Skin.SetString(customitem.movies2.type,$LOCALIZE[24001])</onclick>
						<onclick condition="StringCompare(Window(Home).Property(customitem.category),movies) + StringCompare(Window(Home).Property(customitem.movies.number),2)">Skin.SetAddon(customitem.movies2.addonpath,xbmc.addon.video)</onclick>
						<onclick condition="StringCompare(Window(Home).Property(customitem.category),movies) + StringCompare(Window(Home).Property(customitem.movies.number),2)">Skin.SetString(customitem.movies2.label,$INFO[System.AddonTitle($INFO[Skin.String(customitem.movies2.addonpath)])])</onclick>

						<onclick condition="StringCompare(Window(Home).Property(customitem.category),movies) + StringCompare(Window(Home).Property(customitem.movies.number),3)">Skin.Reset(customitem.movies3.type)</onclick>
						<onclick condition="StringCompare(Window(Home).Property(customitem.category),movies) + StringCompare(Window(Home).Property(customitem.movies.number),3)">Skin.Reset(customitem.movies3.label)</onclick>
						<onclick condition="StringCompare(Window(Home).Property(customitem.category),movies) + StringCompare(Window(Home).Property(customitem.movies.number),3)">Skin.SetString(customitem.movies3.type,$LOCALIZE[24001])</onclick>
						<onclick condition="StringCompare(Window(Home).Property(customitem.category),movies) + StringCompare(Window(Home).Property(customitem.movies.number),3)">Skin.SetAddon(customitem.movies3.addonpath,xbmc.addon.video)</onclick>
						<onclick condition="StringCompare(Window(Home).Property(customitem.category),movies) + StringCompare(Window(Home).Property(customitem.movies.number),3)">Skin.SetString(customitem.movies3.label,$INFO[System.AddonTitle($INFO[Skin.String(customitem.movies3.addonpath)])])</onclick>

						<!--tvshows-->
						<onclick condition="StringCompare(Window(Home).Property(customitem.category),tvshows) + StringCompare(Window(Home).Property(customitem.tvshows.number),1)">Skin.Reset(customitem.tvshows1.type)</onclick>
						<onclick condition="StringCompare(Window(Home).Property(customitem.category),tvshows) + StringCompare(Window(Home).Property(customitem.tvshows.number),1)">Skin.Reset(customitem.tvshows1.label)</onclick>
						<onclick condition="StringCompare(Window(Home).Property(customitem.category),tvshows) + StringCompare(Window(Home).Property(customitem.tvshows.number),1)">Skin.SetString(customitem.tvshows1.type,$LOCALIZE[24001])</onclick>
						<onclick condition="StringCompare(Window(Home).Property(customitem.category),tvshows) + StringCompare(Window(Home).Property(customitem.tvshows.number),1)">Skin.SetAddon(customitem.tvshows1.addonpath,xbmc.addon.video)</onclick>
						<onclick condition="StringCompare(Window(Home).Property(customitem.category),tvshows) + StringCompare(Window(Home).Property(customitem.tvshows.number),1)">Skin.SetString(customitem.tvshows1.label,$INFO[System.AddonTitle($INFO[Skin.String(customitem.tvshows1.addonpath)])])</onclick>

						<onclick condition="StringCompare(Window(Home).Property(customitem.category),tvshows) + StringCompare(Window(Home).Property(customitem.tvshows.number),2)">Skin.Reset(customitem.tvshows2.type)</onclick>
						<onclick condition="StringCompare(Window(Home).Property(customitem.category),tvshows) + StringCompare(Window(Home).Property(customitem.tvshows.number),2)">Skin.Reset(customitem.tvshows2.label)</onclick>
						<onclick condition="StringCompare(Window(Home).Property(customitem.category),tvshows) + StringCompare(Window(Home).Property(customitem.tvshows.number),2)">Skin.SetString(customitem.tvshows2.type,$LOCALIZE[24001])</onclick>
						<onclick condition="StringCompare(Window(Home).Property(customitem.category),tvshows) + StringCompare(Window(Home).Property(customitem.tvshows.number),2)">Skin.SetAddon(customitem.tvshows2.addonpath,xbmc.addon.video)</onclick>
						<onclick condition="StringCompare(Window(Home).Property(customitem.category),tvshows) + StringCompare(Window(Home).Property(customitem.tvshows.number),2)">Skin.SetString(customitem.tvshows2.label,$INFO[System.AddonTitle($INFO[Skin.String(customitem.tvshows2.addonpath)])])</onclick>

						<onclick condition="StringCompare(Window(Home).Property(customitem.category),tvshows) + StringCompare(Window(Home).Property(customitem.tvshows.number),3)">Skin.Reset(customitem.tvshows3.type)</onclick>
						<onclick condition="StringCompare(Window(Home).Property(customitem.category),tvshows) + StringCompare(Window(Home).Property(customitem.tvshows.number),3)">Skin.Reset(customitem.tvshows3.label)</onclick>
						<onclick condition="StringCompare(Window(Home).Property(customitem.category),tvshows) + StringCompare(Window(Home).Property(customitem.tvshows.number),3)">Skin.SetString(customitem.tvshows3.type,$LOCALIZE[24001])</onclick>
						<onclick condition="StringCompare(Window(Home).Property(customitem.category),tvshows) + StringCompare(Window(Home).Property(customitem.tvshows.number),3)">Skin.SetAddon(customitem.tvshows3.addonpath,xbmc.addon.video)</onclick>
						<onclick condition="StringCompare(Window(Home).Property(customitem.category),tvshows) + StringCompare(Window(Home).Property(customitem.tvshows.number),3)">Skin.SetString(customitem.tvshows3.label,$INFO[System.AddonTitle($INFO[Skin.String(customitem.tvshows3.addonpath)])])</onclick>
						<include>dialog_ControlCommons</include>
					</control>
				</control>
			</control>
			<control type="button" id="89">
				<left>19</left>
				<top>240</top>
				<width>120</width>
				<label>$LOCALIZE[192]</label>
				<onright>90</onright>
				<include>dialog_WindowButton</include>
				<onclick condition="StringCompare(Window(Home).Property(customitem.category),video) + StringCompare(Window(Home).Property(customitem.video.number),1)">Skin.Reset(customitem.video1.label)</onclick>
				<onclick condition="StringCompare(Window(Home).Property(customitem.category),video) + StringCompare(Window(Home).Property(customitem.video.number),2)">Skin.Reset(customitem.video1.label)</onclick>
				<onclick condition="StringCompare(Window(Home).Property(customitem.category),video) + StringCompare(Window(Home).Property(customitem.video.number),3)">Skin.Reset(customitem.video1.label)</onclick>
				<onclick condition="StringCompare(Window(Home).Property(customitem.category),movies) + StringCompare(Window(Home).Property(customitem.movies.number),1)">Skin.Reset(customitem.video1.label)</onclick>
				<onclick condition="StringCompare(Window(Home).Property(customitem.category),movies) + StringCompare(Window(Home).Property(customitem.movies.number),2)">Skin.Reset(customitem.video1.label)</onclick>
				<onclick condition="StringCompare(Window(Home).Property(customitem.category),movies) + StringCompare(Window(Home).Property(customitem.movies.number),3)">Skin.Reset(customitem.video1.label)</onclick>
			</control>
			<control type="button" id="90">
				<left>456</left>
				<top>240</top>
				<label>$LOCALIZE[186]</label>
				<onup>104</onup>
				<onleft>89</onleft>
				<onclick>Close</onclick>
				<include>dialog_WindowButton</include>
			</control>
		</control>
	</controls>
</window>