﻿<?xml version="1.0" encoding="UTF-8"?>
<window type="dialog" id="62">
	<defaultcontrol always="true">100</defaultcontrol>
	<include>transition_Dialog</include>
	<coordinates>
		<system>1</system>
		<left>415</left>
		<top>260</top>
	</coordinates>
	<controls>
		<control type="image">
			<width>425</width>
			<height>240</height>
			<include>dialog_Window</include>
		</control>
		<control type="label" id="1">
			<width>417</width>
			<label>$LOCALIZE[21435]</label>
			<include>dialog_Windowtitle</include>
		</control>
		<control type="group">
			<left>4</left>
			<top>60</top>
			<control type="image">
				<width>417</width>
				<include>dialog_Separator</include>
			</control>
			<control type="list" id="100">
				<width>417</width>
				<height>320</height>
				<onup>100</onup>
				<ondown>100</ondown>
				<onright>-</onright>
				<include>global_ListScroll</include>
				<itemlayout height="40">
					<control type="image">
						<width>417</width>
						<include>dialog_CommonList</include>
					</control>
					<control type="label">
						<width>387</width>
						<info>ListItem.Label</info>
						<include>dialog_CommonListItem</include>
					</control>
				</itemlayout>
				<focusedlayout height="40">
					<control type="image">
						<width>417</width>
						<include>dialog_CommonList</include>
						<visible>!Control.HasFocus(100)</visible>
					</control>
					<control type="image">
						<width>417</width>
						<height>40</height>
						<include>dialog_CommonListFocus</include>
						<visible>Control.HasFocus(100)</visible>
					</control>
					<control type="label">
						<left>15</left>
						<width>417</width>
						<info>ListItem.Label</info>
						<include>dialog_CommonListItemFocus</include>
					</control>
				</focusedlayout>
				<content>
					<!--refresh-->
					<item id="1">
						<label>$LOCALIZE[184]</label>
						<onclick>Close</onclick>
						<onclick>SendClick(2003,6)</onclick>
					</item>
					<!--artwork-->
					<item id="2">
						<label>$LOCALIZE[31520]</label>
						<onclick>Close</onclick>
						<onclick>SendClick(2003,10)</onclick>
						<visible>Window.IsActive(movieinformation)</visible>
					</item>
					<!--get thumb-->
					<item id="2">
						<label>$LOCALIZE[13405]</label>
						<onclick>Close</onclick>
						<onclick>SendClick(2003,10)</onclick>
						<visible>Window.IsActive(musicinformation)</visible>
					</item>
					<!--fanart-->
					<item id="3">
						<label>$LOCALIZE[20413]</label>
						<onclick>Close</onclick>
						<onclick>SendClick(2003,12)</onclick>
						<visible>Window.IsActive(musicinformation)</visible>
					</item>
					<!--artwork downloader-->
					<item id="4">
						<label>Artwork Downloader</label>
						<onclick condition="Container.Content(movies)">XBMC.RunScript(script.artwork.downloader, mode=gui, mediatype=movie, dbid=$INFO[ListItem.DBID])</onclick>
						<onclick condition="Container.Content(tvshows)">XBMC.RunScript(script.artwork.downloader, mode=gui, mediatype=tvshow, dbid=$INFO[ListItem.DBID])</onclick>
						<onclick>Close</onclick>
						<visible>Window.IsActive(movieinformation) + [Container.Content(tvshows) | Container.Content(seasons) | Container.Content(movies)] + System.HasAddon(script.artwork.downloader)</visible>
					</item>
					<!--tvtunes-->
					<item id="5">
						<label>$LOCALIZE[31521]</label>
						<onclick>Close</onclick>
						<onclick>RunScript(script.tvtunes,mode=solo&amp;tvpath=$INFO[Window(Home).Property(TVShowPath)]&amp;tvname=$INFO[ListItem.TVShowTitle])</onclick>
						<visible>System.HasAddon(script.tvtunes) + [Container.Content(movies) | Container.Content(tvshows)]</visible>
					</item>
				</content>
			</control>
		</control>
	</controls>
</window>