﻿<?xml version="1.0" encoding="UTF-8"?>
<includes>
	<include name="home_Background">
		<control type="group">
			<visible>[!Skin.HasSetting(shelf.enabled) + ![Player.HasVideo + Skin.HasSetting(home.nowplaying)] | IsEmpty(Skin.String(HomeBackground))]</visible>
			<control type="image">
				<texture background="true" fallback="special://skin/backgrounds/defaults/livetv.jpg">$VAR[home_Background]</texture>
				<include>home_Slideshow</include>
				<visible>[Skin.String(HomeBackground,single) | Skin.String(HomeBackground,fanart) | IsEmpty(Skin.String(HomeBackground))]</visible>
			</control>
			<control type="multiimage" id="1">
				<imagepath fallback="special://skin/backgrounds/">$VAR[home_Background]</imagepath>
				<include>home_Slideshow</include>
				<visible>Skin.String(HomeBackground,multi)</visible>
			</control>
			<control type="image">
				<texture>overlays/vignette2.png</texture>
				<include>screen_Dimensions</include>
				<aspectratio>stretch</aspectratio>
				<include>fadeinout</include>
				<visible>Player.HasMedia + Skin.HasSetting(home.nowplaying)</visible>
			</control>
			<control type="label">
				<right>25</right>
				<bottom>25</bottom>
				<width>880</width>
				<label>$INFO[Window(Home).Property(script.grab.fanart.Video.Title)]</label>
				<font>condensed-U</font>
				<textcolor>Color1</textcolor>
				<shadowcolor>Color5</shadowcolor>
				<align>right</align>
				<animation effect="slide" start="0,0" end="0,-20" time="0" condition="System.GetBool(lookandfeel.enablerssfeeds)">Conditional</animation>
				<visible>Skin.String(HomeBackground,fanart) + Skin.HasSetting(fanart.info)</visible>
			</control>
		</control>
		<control type="group">
			<visible>!Skin.HasSetting(shelf.enabled) + [Player.HasVideo + Skin.HasSetting(home.nowplaying)]</visible>
			<control type="videowindow">
				<include>screen_Dimensions</include>
				<include>fadeinout</include>
			</control>
		</control>
	</include>

	<include name="home_Slideshow">
		<include>screen_Dimensions</include>
		<aspectratio align="center" aligny="true">scale</aspectratio>
		<randomize>true</randomize>
		<loop>yes</loop>
		<timeperimage>slideshow_Timer</timeperimage>
		<fadetime>fadetime_Slideshow</fadetime>
	</include>

	<include name="home_NowPlaying">
		<control type="group">
			<left>380</left>
			<top>540</top>
			<visible>Player.Audio + Skin.HasSetting(home.nowplaying)</visible>
			<control type="group">
				<visible>Player.HasAudio</visible>
				<control type="label">
					<width>1150</width>
					<label>$INFO[MusicPlayer.Title]</label>
					<font>bold_Bigger-U</font>
					<textcolor>Color1</textcolor>
				</control>
				<control type="label">
					<top>28</top>		
					<width>1150</width>
					<label>$INFO[MusicPlayer.Artist]</label>
					<font>semibold-U</font>
					<textcolor>Color1</textcolor>
				</control>
				<control type="textbox">
					<width>1150</width>
					<height>80</height>
					<label>111$INFO[MusicPlayer.Album][CR]$INFO[MusicPlayer.Offset(1).Artist,[B]$LOCALIZE[209]: [/B]]$INFO[MusicPlayer.Offset(1).Title, - ] ($INFO[MusicPlayer.PlaylistPosition,]$INFO[MusicPlayer.PlaylistLength,/])</label>
					<font>condensed-U</font>
					<textcolor>Color3</textcolor>
				</control>
			</control>
		</control>
	</include>

	<include name="shelf_Container">	
		<width>screen_Width</width>
		<height>screen_Height</height>
		<onback>9110</onback>
		<orientation>vertical</orientation>
		<scrolltime tween="Sine">300</scrolltime>
		<preloaditems>2</preloaditems>
	</include>

	<include name="shelf_ContainerCommons">
		<control type="image">
			<texture background="true">$VAR[fanart_Fallback]</texture>
			<include>screen_Dimensions</include>
			<aspectratio align="center" aligny="top">scale</aspectratio>
		</control>
		<control type="group">
			<visible>Player.HasVideo + !IsEmpty(ListItem.Property(Title))</visible>
			<control type="image">
				<texture>black.png</texture>
				<include>screen_Dimensions</include>
				<aspectratio>stretch</aspectratio>
			</control>
			<control type="videowindow">
				<include>screen_Dimensions</include>
			</control>
		</control>
		<control type="image">
			<texture>overlays/vignette2.png</texture>
			<include>screen_Dimensions</include>
			<aspectratio>stretch</aspectratio>
		</control>
		<control type="group">
			<left>40</left>
			<top>540</top>
			<control type="group">
				<animation effect="slide" start="0" end="70" time="500" tween="Cubic" easing="Out" delay="50">Focus</animation>
				<animation effect="slide" start="70" end="0" time="250" tween="Cubic" easing="Out" delay="50">UnFocus</animation>
				<control type="label">
					<width>1150</width>
					<label>$VAR[shelf_ItemTitle]</label>
					<font>bold_Bigger-U</font>
					<textcolor>Color1</textcolor>
					<selectedcolor>Color1</selectedcolor>
				</control>
				<control type="label">
					<top>28</top>		
					<width>1150</width>
					<label>$VAR[shelf_ItemInfo]</label>
					<font>semibold-U</font>
					<textcolor>Color1</textcolor>
					<selectedcolor>Color1</selectedcolor>
				</control>
				<control type="textbox">
					<top>55</top>
					<width>875</width>
					<height>80</height>
					<label>$VAR[shelf_Plot]</label>
					<font>condensed-U</font>
					<textcolor>Color3</textcolor>
					<autoscroll delay="10000" time="3300" repeat="10000">Control.HasFocus(9120) | Control.HasFocus(9130) | Control.HasFocus(9140)</autoscroll>
				</control>
				<control type="textbox">
					<top>55</top>
					<width>875</width>
					<height>80</height>
					<label>$INFO[ListItem.Property(Description)]</label>
					<font>condensed-U</font>
					<textcolor>Color3</textcolor>
					<autoscroll delay="10000" time="3300" repeat="10000">Control.HasFocus(9120) | Control.HasFocus(9130) | Control.HasFocus(9140)</autoscroll>
				</control>
			</control>
		</control>
	</include>
	<include name="shelf_ContainerCommons-fo">
		<control type="image">
			<left>35</left>
			<top>534</top>
			<width>64</width>
			<height>64</height>
			<texture>$VAR[shelf_FocusIcon]</texture>
			<aspectratio align="center" aligny="center">keep</aspectratio>
			<animation effect="fade" start="0" end="100" time="300" tween="Cubic" easing="In">Focus</animation>
			<animation effect="fade" start="100" end="0" time="250" tween="Cubic" easing="Out">UnFocus</animation>
			<visible>Control.HasFocus(9120) | Control.HasFocus(9130) | Control.HasFocus(9140)</visible>
		</control>
	</include>

	<include name="home_MenuButton">
		<width>320</width>
		<height>49</height>
		<font>light_Home</font>
		<onright condition="Skin.HasSetting(shelf.enabled)">9120</onright>
		<textoffsetx>15</textoffsetx>
		<textoffsety>5</textoffsety>
		<textcolor>Color3</textcolor>
		<focusedcolor>Focused</focusedcolor>
		<texturenofocus border="0" colordiffuse="base_2">white.png</texturenofocus>
		<texturefocus border="0" colordiffuse="Color1">white.png</texturefocus>
		<radioheight>30</radioheight>
		<radiowidth>30</radiowidth>
		<onleft>Skin.SetString(HomeSub,none)</onleft>
		<onback>Skin.SetString(HomeSub,none)</onback>
	</include>

	<include name="home_SubMenuButton">
		<width>320</width>
		<height>49</height>
		<font>light_Home</font>
		<onright condition="Skin.HasSetting(shelf.enabled)">9120</onright>
		<textoffsetx>15</textoffsetx>
		<textoffsety>5</textoffsety>
		<textcolor>Color3</textcolor>
		<focusedcolor>Focused</focusedcolor>
		<texturenofocus border="0" colordiffuse="accent_2">white.png</texturenofocus>
		<texturefocus border="0" colordiffuse="Color1">white.png</texturefocus>	
		<radioheight>30</radioheight>
		<radiowidth>30</radiowidth>
		<onleft>Skin.SetString(HomeSub,none)</onleft>
		<onback>Skin.SetString(HomeSub,none)</onback>
		<include>fadeinout</include>
		<visible>IsEmpty(Window(Home).Property(HomeConfig))</visible>
	</include>
</includes>