﻿<?xml version="1.0" encoding="UTF-8"?>
<includes>
<!--TV CHANNELS-->
	<include name="view_TVChannels">
		<control type="list" id="11">
			<onup>11</onup>
			<ondown>11</ondown>
			<include>list_Channels</include>
		</control>
	</include>
<!--RADIO CHANNELS-->
	<include name="view_RadioChannels">		
		<control type="list" id="12">
			<onup>12</onup>
			<ondown>12</ondown>
			<include>list_Channels</include>
		</control>
	</include>

	<include name="list_Channels-commons">
		<control type="image">
			<width>114</width>
			<height>114</height>
			<include>art_Frame-nf</include>
		</control>
		<control type="group">
			<left>7</left>
			<top>7</top>
			<control type="image">
				<width>100</width>
				<height>100</height>
				<texture>thumbs/default_Square.png</texture>
			</control>
			<control type="image">
				<centerleft>50</centerleft>
				<centertop>50</centertop>
				<width>72</width>
				<height>72</height>
				<texture>LiveTV.png</texture>
				<visible>IsEmpty(ListItem.Art(thumb))</visible>
			</control>
			<control type="image">
				<width>100</width>
				<height>100</height>
				<texture>$INFO[ListItem.Art(thumb)]</texture>
			</control>
		</control>
		<control type="group">
			<left>130</left>
			<control type="label">
				<width>1048</width>
				<label>$INFO[ListItem.ChannelNumber,,  ]$INFO[ListItem.ChannelName]</label>
				<aligny>top</aligny>
				<include>detail_Title</include>
			</control>
			<control type="label">
				<top>16</top>
				<width>1048</width>
				<label>$INFO[ListItem.Title]$INFO[ListItem.StartTime, • , - ]$INFO[ListItem.EndTime]</label>
				<textcolor>Color1</textcolor>
				<include>container_Sub</include>
			</control>
			<control type="label">
				<top>16</top>
				<left>1050</left>
				<width>700</width>
				<label>$LOCALIZE[19031]$INFO[ListItem.NextTitle,: ]</label>
				<align>right</align>
				<textcolor>Color2</textcolor>
				<selectedcolor>Color2</selectedcolor>
				<include>container_Sub</include>
				<visible>!IsEmpty(ListItem.NextTitle)</visible>
			</control>
			<control type="textbox">
				<top>58</top>
				<width>1050</width>
				<height>56</height>
				<label fallback="416">$INFO[ListItem.Plot]</label>
				<include>container_TextSmall</include>
			</control>
		</control>
		<control type="progress">
			<left>130</left>
			<top>55</top>
			<width>1050</width>
			<height>2</height>
			<reveal>false</reveal>
			<texturebg colordiffuse="Color3">pvr/progress.png</texturebg>
			<lefttexture colordiffuse="Color2">-</lefttexture>
			<midtexture colordiffuse="Selected">pvr/progress-nib.png</midtexture>
			<righttexture colordiffuse="Color2">-</righttexture>
			<info>ListItem.Progress</info>
		</control>
	</include>
	<include name="list_Channels">
		<left>40</left>
		<top>90</top>
		<width>1500</width>
		<height>620</height>
		<onleft>6000</onleft>
		<onright>70</onright>
		<pagecontrol>70</pagecontrol>
		<orientation>vertical</orientation>
		<include>global_ListScroll</include>
		<include>transition_Content</include>
		<include>toggle_Menu</include>
		<itemlayout width="1210" height="124">
			<control type="group">
				<include>list_Channels-commons</include>
			</control>
		</itemlayout>
		<focusedlayout width="1210" height="124">
			<control type="group">
				<visible>ControlGroup(6000).HasFocus()</visible>
				<include>list_Channels-commons</include>
			</control>
			<control type="group">
				<visible>!ControlGroup(6000).HasFocus()</visible>
				<control type="image">
					<width>1200</width>
					<height>114</height>
					<include>art_Frame-fo</include>
				</control>
				<control type="group">
					<left>7</left>
					<top>7</top>
					<control type="image">
						<width>100</width>
						<height>100</height>
						<texture>thumbs/default_Square.png</texture>
					</control>
					<control type="image">
						<centerleft>50</centerleft>
						<centertop>50</centertop>
						<width>72</width>
						<height>72</height>
						<texture>LiveTV.png</texture>
						<visible>IsEmpty(ListItem.Art(thumb))</visible>
					</control>
					<control type="image">
						<width>100</width>
						<height>100</height>
						<texture>$INFO[ListItem.Art(thumb)]</texture>
					</control>
				</control>
				<control type="group">
					<left>130</left>
					<control type="label">
						<width>1048</width>
						<label>$INFO[ListItem.ChannelNumber,,  ]$INFO[ListItem.ChannelName]</label>
						<aligny>top</aligny>
						<textcolor>Color5</textcolor>
						<include>detail_Title</include>
					</control>
					<control type="label">
						<top>16</top>
						<width>1048</width>
						<label>$INFO[ListItem.Title]$INFO[ListItem.StartTime, • , - ]$INFO[ListItem.EndTime]</label>
						<selectedcolor>Color5</selectedcolor>
						<include>container_Sub-focus</include>
					</control>
					<control type="label">
						<top>16</top>
						<left>1050</left>
						<width>700</width>
						<label>$LOCALIZE[19031]$INFO[ListItem.NextTitle,: ]</label>
						<align>right</align>
						<include>container_Sub-focus</include>
						<visible>!IsEmpty(ListItem.NextTitle)</visible>
					</control>
					<control type="textbox">
						<top>58</top>
						<width>1050</width>
						<height>56</height>
						<label fallback="416">$INFO[ListItem.Plot]</label>
						<include>container_TextSmall-focus</include>
					</control>
					<control type="progress">
						<top>55</top>
						<width>1050</width>
						<height>2</height>
						<reveal>false</reveal>
						<texturebg colordiffuse="Color4">pvr/progress.png</texturebg>
						<lefttexture colordiffuse="Color2">-</lefttexture>
						<midtexture colordiffuse="Selected">pvr/progress-nib.png</midtexture>
						<righttexture colordiffuse="Color2">-</righttexture>
						<info>ListItem.Progress</info>
					</control>
				</control>
			</control>
		</focusedlayout>
	</include>

<!--RECORDINGS-->
	<include name="view_TV-recordings">
		<control type="list" id="13">
			<left>35</left>
			<top>95</top>
			<width>1210</width>
			<height>595</height>
			<onup>13</onup>
			<ondown>13</ondown>
			<onleft>6000</onleft>
			<onright>70</onright>
			<pagecontrol>70</pagecontrol>
			<orientation>vertical</orientation>
			<scrolltime tween="Cubic" easing="Out">400</scrolltime>
			<include>transition_Content</include>
			<include>toggle_Menu</include>
			<itemlayout width="1210" height="119">
				<control type="image">
					<width>114</width>
					<height>114</height>
					<include>art_Frame-nf</include>
				</control>
				<control type="group">
					<left>7</left>
					<top>7</top>
					<control type="image">
						<width>100</width>
						<height>100</height>
						<texture>thumbs/default_Square.png</texture>
					</control>
					<control type="image">
						<centerleft>50</centerleft>
						<centertop>50</centertop>
						<width>72</width>
						<height>72</height>
						<texture>LiveTV.png</texture>
						<aspectratio align="center" aligny="center">keep</aspectratio>
					</control>
					<control type="image">
						<width>100</width>
						<height>100</height>
						<texture>$INFO[ListItem.Art(thumb)]</texture>
					</control>
				</control>
				<control type="group">
					<left>136</left>
					<control type="label">
						<width>1048</width>
						<label>[B]$INFO[ListItem.ChannelNumber,,  ][/B]$INFO[ListItem.Label]</label>
						<aligny>top</aligny>
						<include>container_Title</include>
					</control>
					<control type="group">
						<top>28</top>
						<control type="label">
							<width>1048</width>
							<label>$INFO[ListItem.StartDate,, - ]$INFO[ListItem.StartTime]$INFO[ListItem.ChannelName, • ]</label>
							<aligny>top</aligny>
							<include>container_Sub</include>
						</control>
					</control>
					<control type="textbox">
						<top>50</top>
						<width>1060</width>
						<height>60</height>
						<label fallback="416">$INFO[ListItem.Plot]</label>
						<include>container_Text</include>
					</control>
				</control>
			</itemlayout>
			<focusedlayout width="1210" height="119">
				<control type="group">
					<visible>Control.HasFocus(13)</visible>
					<control type="image">
						<width>1210</width>
						<height>114</height>
						<include>art_Frame-fo</include>
					</control>
					<control type="group">
						<left>7</left>
						<top>7</top>
						<control type="image">
							<width>100</width>
							<height>100</height>
							<texture>thumbs/default_Square.png</texture>
						</control>
						<control type="image">
							<centerleft>50</centerleft>
							<centertop>50</centertop>
							<width>72</width>
							<height>72</height>
							<texture>LiveTV.png</texture>
							<aspectratio align="center" aligny="center">keep</aspectratio>
						</control>
						<control type="image">
							<width>100</width>
							<height>100</height>
							<texture>$INFO[ListItem.Art(thumb)]</texture>
						</control>
					</control>
					<control type="group">
						<left>136</left>
						<control type="label">
							<width>1048</width>
							<label>[B]$INFO[ListItem.ChannelNumber,,  ][/B]$INFO[ListItem.Label]</label>
							<aligny>top</aligny>
							<include>container_Title-focus</include>
						</control>
						<control type="group">
							<top>28</top>
							<control type="label">
								<width>1048</width>
								<label>$INFO[ListItem.StartDate,, - ]$INFO[ListItem.StartTime]$INFO[ListItem.ChannelName, • ]</label>
								<aligny>top</aligny>
								<include>container_Sub-focus</include>
							</control>
						</control>
						<control type="textbox">
							<top>50</top>
							<width>1060</width>
							<height>60</height>
							<label fallback="416">$INFO[ListItem.Plot]</label>
							<include>container_Text-focus</include>
						</control>
					</control>
				</control>
				<control type="group">
					<visible>!Control.HasFocus(13)</visible>
					<control type="image">
						<width>114</width>
						<height>114</height>
						<include>art_Frame-nf</include>
					</control>
					<control type="group">
						<left>7</left>
						<top>7</top>
						<control type="image">
							<width>100</width>
							<height>100</height>
							<texture>thumbs/default_Square.png</texture>
						</control>
						<control type="image">
							<centerleft>50</centerleft>
							<centertop>50</centertop>
							<width>72</width>
							<height>72</height>
							<texture>LiveTV.png</texture>
							<aspectratio align="center" aligny="center">keep</aspectratio>
						</control>
						<control type="image">
							<width>100</width>
							<height>100</height>
							<texture>$INFO[ListItem.Art(thumb)]</texture>
						</control>
					</control>
					<control type="group">
						<left>136</left>
						<control type="label">
							<width>1048</width>
							<label>[B]$INFO[ListItem.ChannelNumber,,  ][/B]$INFO[ListItem.Label]</label>
							<aligny>top</aligny>
							<include>container_Title</include>
						</control>
						<control type="group">
							<top>28</top>
							<control type="label">
								<width>1048</width>
								<label>$INFO[ListItem.StartDate,, - ]$INFO[ListItem.StartTime]$INFO[ListItem.ChannelName, • ]</label>
								<aligny>top</aligny>
								<include>container_Sub</include>
							</control>
						</control>
						<control type="textbox">
							<top>50</top>
							<width>1060</width>
							<height>60</height>
							<label fallback="416">$INFO[ListItem.Plot]</label>
							<include>container_Text</include>
						</control>
					</control>
				</control>
			</focusedlayout>
		</control>
	</include>

<!--GUIDE CHANNELS VIEW-->
	<include name="view_EPG-channels">
		<control type="group">
			<left>39</left>
			<include>transition_Content</include>
			<include>toggle_Menu</include>
			<!--info-->
			<control type="group">
				<left>15</left>
				<top>100</top>
				<visible>Control.IsVisible(15)</visible>
				<!--time-->
				<control type="label">
					<left>0</left>
					<width>200</width>
					<label>$LOCALIZE[555]</label>
					<include>column_Header</include>
				</control>
				<!--title-->
				<control type="label">
					<left>137</left>
					<width>250</width>
					<label>$LOCALIZE[369]</label>
					<include>column_Header</include>
				</control>
				<!--date-->
				<control type="label">
					<left>954</left>
					<width>690</width>
					<label>$LOCALIZE[555]</label>
					<include>column_Header</include>
				</control>
			</control>
			<!--container-->
			<control type="list" id="15">
				<top>135</top>
				<width>1220</width>
				<height>352</height>
				<onup>15</onup>
				<ondown>15</ondown>
				<onleft>6000</onleft>
				<onright>70</onright>
				<pagecontrol>70</pagecontrol>
				<scrolltime tween="Cubic" easing="Out">400</scrolltime>
				<itemlayout height="44">
					<control type="group">
						<control type="image">
							<width>135</width>
							<height>42</height>
							<texture>views/column-fo.png</texture>
							<colordiffuse>column2</colordiffuse>
						</control>
						<control type="image">
							<left>137</left>
							<width>815</width>
							<height>42</height>
							<texture>views/column-fo.png</texture>
							<colordiffuse>column2</colordiffuse>
						</control>
						<control type="image">
							<left>954</left>
							<width>246</width>
							<height>42</height>
							<texture>views/column-fo.png</texture>
							<colordiffuse>column2</colordiffuse>
						</control>
					</control>
					<control type="group">
						<posx>15</posx>
						<control type="label" id="1">
							<width>135</width>
							<label>$INFO[ListItem.StartTime]</label>
							<include>column_CommonListItem</include>
						</control>
						<control type="label">
							<left>137</left>
							<width>637</width>
							<label>$INFO[ListItem.Title]</label>
							<include>column_CommonListItem</include>
						</control>
						<control type="label">
							<left>954</left>
							<width>553</width>
							<label>$INFO[ListItem.StartDate]</label>
							<include>column_CommonListItem</include>
						</control>
					</control>
					<control type="image">
						<left>915</left>
						<top>10</top>
						<include>pvr_Status</include>
					</control>
				</itemlayout>
				<focusedlayout height="44">
					<control type="image">
						<width>1200</width>
						<height>42</height>
						<texture>views/column-fo.png</texture>
						<colordiffuse>column2</colordiffuse>
					</control>
					<control type="image">
						<width>1200</width>
						<height>42</height>
						<include>column_CommonListFocus</include>
					</control>
					<control type="group">
						<posx>15</posx>
						<control type="label" id="1">
							<width>135</width>
							<label>$INFO[ListItem.StartTime]</label>
							<include>column_CommonListItem-focus</include>
						</control>
						<control type="label">
							<left>137</left>
							<width>637</width>
							<label>$INFO[ListItem.Title]</label>
							<include>column_CommonListItem-focus</include>
						</control>
						<control type="label">
							<left>954</left>
							<width>553</width>
							<label>$INFO[ListItem.StartDate]</label>
							<include>column_CommonListItem-focus</include>
						</control>
					</control>
					<control type="image">
						<left>915</left>
						<top>10</top>
						<include>pvr_Status-fo</include>
					</control>
				</focusedlayout>
			</control>
		</control>
	</include>

<!--GUIDE NOW/NEXT VIEW-->
	<include name="view_EPG-now">
		<control type="group">
			<left>39</left>
			<include>transition_Content</include>
			<include>toggle_Menu</include>
			<control type="group">
				<top>100</top>
				<visible>Control.IsVisible(16)</visible>
				<!--channel-->
				<control type="label">
					<left>15</left>
					<width>200</width>
					<label>$LOCALIZE[19148]</label>
					<include>column_Header</include>
				</control>
				<!--title-->
				<control type="label">
					<left>235</left>
					<width>250</width>
					<label>$LOCALIZE[369]</label>
					<include>column_Header</include>
				</control>
				<!--time-->
				<control type="label">
					<left>931</left>
					<width>550</width>
					<label>$LOCALIZE[555]</label>
					<include>column_Header</include>
				</control>
				<!--duration-->
				<control type="label">
					<left>1065</left>
					<width>140</width>
					<label>$LOCALIZE[180]</label>
					<include>column_Header</include>
				</control>
			</control>
			<control type="list" id="16">
				<top>135</top>
				<width>1200</width>
				<height>352</height>
				<onup>16</onup>
				<ondown>16</ondown>
				<onleft>6000</onleft>
				<onright>70</onright>
				<pagecontrol>70</pagecontrol>
				<scrolltime tween="Cubic" easing="Out">400</scrolltime>
				<include>transition_Content</include>
				<itemlayout width="1200" height="44">
					<control type="group">
						<control type="image">
							<width>220</width>
							<height>42</height>
							<texture>views/column-fo.png</texture>
							<colordiffuse>column2</colordiffuse>
						</control>
						<control type="image">
							<left>222</left>
							<width>704</width>
							<height>42</height>
							<texture>views/column-fo.png</texture>
							<colordiffuse>column2</colordiffuse>
						</control>
						<control type="image">
							<left>928</left>
							<width>135</width>
							<height>42</height>
							<texture>views/column-fo.png</texture>
							<colordiffuse>column2</colordiffuse>
						</control>
						<control type="image">
							<left>1065</left>
							<width>135</width>
							<height>42</height>
							<texture>views/column-fo.png</texture>
							<colordiffuse>column2</colordiffuse>
						</control>
					</control>
					<control type="group">
						<posx>15</posx>
						<control type="label" id="1">
							<width>205</width>
							<label>[B]$INFO[ListItem.ChannelNumber,,  ][/B]$INFO[ListItem.ChannelName]</label>
							<include>column_CommonListItem</include>
						</control>
						<control type="label">
							<left>222</left>
							<width>637</width>
							<label>$INFO[ListItem.Label]</label>
							<include>column_CommonListItem</include>
						</control>
						<control type="label">
							<left>928</left>
							<width>553</width>
							<label>$INFO[ListItem.StartTime]</label>
							<include>column_CommonListItem</include>
						</control>
						<control type="label">
							<left>1065</left>
							<width>400</width>
							<label>$INFO[ListItem.Duration]</label>
							<include>column_CommonListItem</include>
						</control>
					</control>
					<control type="image">
						<left>889</left>
						<top>10</top>
						<width>22</width>
						<height>22</height>
						<texture>$VAR[pvr_Status]</texture>
					</control>
				</itemlayout>
				<focusedlayout width="1200" height="44">
					<control type="image">
						<width>1200</width>
						<height>42</height>
						<include>column_CommonListFocus</include>
					</control>
					<control type="group">
						<posx>15</posx>
						<control type="label" id="1">
							<width>205</width>
							<label>[B]$INFO[ListItem.ChannelNumber,,  ][/B]$INFO[ListItem.ChannelName]</label>
							<include>column_CommonListItem-focus</include>
						</control>
						<control type="label">
							<left>222</left>
							<width>637</width>
							<label>$INFO[ListItem.Label]</label>
							<include>column_CommonListItem-focus</include>
						</control>
						<control type="label">
							<left>928</left>
							<width>553</width>
							<label>$INFO[ListItem.StartTime]</label>
							<include>column_CommonListItem-focus</include>
						</control>
						<control type="label">
							<left>1065</left>
							<width>400</width>
							<label>$INFO[ListItem.Duration]</label>
							<include>column_CommonListItem-focus</include>
						</control>
					</control>
					<control type="image">
						<left>889</left>
						<top>10</top>
						<width>22</width>
						<height>22</height>
						<texture>$VAR[pvr_Status]</texture>
						<colordiffuse>Color4</colordiffuse>
					</control>
				</focusedlayout>
			</control>
		</control>
	</include>

<!--GUIDE TIMELINE-->
	<include name="view_EPG-timeline-Commons">
		<control type="label" id="1">
			<left>8</left>
			<width>85</width>
			<height>44</height>
			<label>$INFO[ListItem.Label]</label>
			<include>column_CommonListItem</include>
			<visible>!ListItem.HasTimer</visible>
		</control>
		<control type="label" id="1">
			<left>40</left>
			<width>20</width>
			<height>44</height>
			<label>$INFO[ListItem.Label]</label>
			<include>column_CommonListItem</include>
			<visible>ListItem.HasTimer</visible>
		</control>
		<control type="image">
			<left>10</left>
			<top>12</top>
			<width>22</width>
			<height>22</height>
			<texture>pvr/status/timer.png</texture>
			<colordiffuse>Color1</colordiffuse>
			<visible>ListItem.HasTimer</visible>
		</control>
	</include>
	<include name="view_EPG-timeline">
	<!--epg grid-->
		<control type="epggrid" id="10">
			<left>35</left>
			<top>91</top>
			<width>1247</width>
			<height>412</height>
			<include>global_Scrolltime</include>
			<timeblocks>40</timeblocks>
			<rulerunit>6</rulerunit>
			<progresstexture border="2,58,20,18">pvr/epg_progress.png</progresstexture>
			<onback>6000</onback>
			<onup>10</onup>
			<ondown>10</ondown>
			<onleft>6000</onleft>
			<onright>31</onright>
			<pagecontrol>10</pagecontrol>
			<include>transition_Content</include>
			<include>toggle_Menu</include>
			<rulerlayout height="44" width="40">
				<control type="label" id="2">
					<left>15</left>
					<width>34</width>
					<height>42</height>
					<label>$INFO[ListItem.Label]</label>
					<font>regular</font>
					<textcolor>Color2</textcolor>
				</control>
			</rulerlayout>
			<channellayout width="222" height="46">
				<control type="image">
					<width>220</width>
					<height>46</height>
					<bordersize>1</bordersize>
					<texture>white.png</texture>
					<colordiffuse>column3</colordiffuse>
				</control>
				<control type="label" id="1">
					<left>15</left>
					<width>205</width>
					<height>44</height>
					<label>[B]$INFO[ListItem.ChannelNumber,,  ][/B]$INFO[ListItem.ChannelName]</label>
					<include>column_CommonListItem</include>
				</control>
			</channellayout>
			<focusedchannellayout width="222" height="46">
				<control type="image">
					<width>220</width>
					<height>46</height>
					<bordersize>1</bordersize>
					<texture>white.png</texture>
					<colordiffuse>column3</colordiffuse>
				</control>
				<control type="label" id="1">
					<left>15</left>
					<width>205</width>
					<height>44</height>
					<label>[B]$INFO[ListItem.ChannelNumber,,  ][/B]$INFO[ListItem.ChannelName]</label>
					<include>column_CommonListItem</include>
				</control>
			</focusedchannellayout>
			<itemlayout width="100" height="46">
				<control type="image" id="2">
					<width>100</width>
					<height>46</height>
					<bordersize>1</bordersize>
					<texture>pvr/genres/none.png</texture>
					<aspectratio>stretch</aspectratio>
					<visible>StringCompare(ListItem.Property(GenreType),0) | StringCompare(ListItem.Property(GenreType),10) | StringCompare(ListItem.Property(GenreType),20) | StringCompare(ListItem.Property(GenreType),30)</visible>
				</control>
				<control type="image" id="2">
					<width>100</width>
					<height>46</height>
					<bordersize>1</bordersize>
					<aspectratio>stretch</aspectratio>
					<texture>pvr/genres/$INFO[ListItem.Property(GenreType)].png</texture>
				</control>
				<include>view_EPG-timeline-Commons</include>
			</itemlayout>
			<focusedlayout width="100" height="46">
				<control type="image" id="14">
					<width>100</width>
					<height>46</height>
					<colordiffuse>Color1</colordiffuse>
					<include>column_CommonListFocus</include>
				</control>
				<control type="image" id="2">
					<width>100</width>
					<height>46</height>
					<bordersize>2</bordersize>
					<texture>pvr/genres/none.png</texture>
					<aspectratio>stretch</aspectratio>
					<visible>StringCompare(ListItem.Property(GenreType),0) | StringCompare(ListItem.Property(GenreType),10) | StringCompare(ListItem.Property(GenreType),20) | StringCompare(ListItem.Property(GenreType),30)</visible>
				</control>
				<control type="image" id="2">
					<width>100</width>
					<height>46</height>
					<bordersize>2</bordersize>
					<aspectratio>stretch</aspectratio>
					<texture>pvr/genres/$INFO[ListItem.Property(GenreType)].png</texture>
				</control>
				<include>view_EPG-timeline-Commons</include>
			</focusedlayout>
		</control>
	</include>

<!--TIMERS VIEW-->
	<include name="view_TV-timers">
		<control type="group">
			<left>35</left>
			<include>toggle_Menu</include>
			<include>transition_Content</include>
			<control type="group">
				<top>100</top>
				<visible>Control.IsVisible(14)</visible>
				<!--time-->
				<control type="label">
					<left>15</left>
					<width>200</width>
					<label>$LOCALIZE[555]</label>
					<include>column_Header</include>
				</control>
				<!--title-->
				<control type="label">
					<left>137</left>
					<width>250</width>
					<label>$LOCALIZE[369]</label>
					<include>column_Header</include>
				</control>
				<!--date-->
				<control type="label">
					<left>954</left>
					<width>690</width>
					<label>$LOCALIZE[552]</label>
					<include>column_Header</include>
				</control>
			</control>
			<control type="list" id="14">
				<top>135</top>
				<width>screen_Width</width>
				<height>440</height>
				<onup>14</onup>
				<ondown>14</ondown>
				<onleft>6000</onleft>
				<scrolltime tween="Cubic" easing="Out">400</scrolltime>
				<itemlayout height="44">
					<control type="group">
						<control type="image">
							<width>135</width>
							<height>42</height>
							<texture>views/column-fo.png</texture>
							<colordiffuse>column2</colordiffuse>
						</control>
						<control type="image">
							<left>137</left>
							<width>817</width>
							<height>42</height>
							<texture>views/column-fo.png</texture>
							<colordiffuse>column2</colordiffuse>
						</control>
						<control type="image">
							<left>954</left>
							<width>246</width>
							<height>42</height>
							<texture>views/column-fo.png</texture>
							<colordiffuse>column2</colordiffuse>
						</control>
					</control>
					<control type="group">
						<posx>15</posx>
						<control type="label" id="1">
							<width>135</width>
							<label>$INFO[ListItem.StartTime]$INFO[ListItem.EndTime, - ]</label>
							<include>column_CommonListItem</include>
						</control>
						<control type="label">
							<left>137</left>
							<width>637</width>
							<label>$INFO[ListItem.Label]</label>
							<include>column_CommonListItem</include>
						</control>
						<control type="label">
							<left>954</left>
							<width>553</width>
							<label>$INFO[ListItem.StartDate]</label>
							<include>column_CommonListItem</include>
						</control>
					</control>
					<control type="image">
						<left>920</left>
						<top>10</top>
						<width>24</width>
						<height>24</height>
						<texture>pvr/status_none.png</texture>
						<visible>!StringCompare(ListItem.Comment,$LOCALIZE[305]) + !StringCompare(ListItem.Comment,$LOCALIZE[19162])</visible>
					</control>
					<control type="image">
						<left>920</left>
						<top>10</top>
						<width>24</width>
						<height>24</height>
						<texture>pvr/status_recording.png</texture>
						<visible>StringCompare(ListItem.Comment,$LOCALIZE[19162])</visible>
					</control>
					<control type="image">
						<left>920</left>
						<top>10</top>
						<width>24</width>
						<height>24</height>
						<texture>pvr/status_enabled.png</texture>
						<visible>StringCompare(ListItem.Comment,$LOCALIZE[305])</visible>
					</control>
				</itemlayout>
				<focusedlayout height="44">
					<control type="image">
						<width>1200</width>
						<height>42</height>
						<include>column_CommonListFocus</include>
					</control>
					<control type="group">
						<posx>15</posx>
						<control type="label" id="1">
							<width>135</width>
							<label>$INFO[ListItem.StartTime]$INFO[ListItem.EndTime, - ]</label>
							<include>column_CommonListItem-focus</include>
						</control>
						<control type="label">
							<left>137</left>
							<width>637</width>
							<label>$INFO[ListItem.Label]</label>
							<include>column_CommonListItem-focus</include>
						</control>
						<control type="label">
							<left>954</left>
							<width>553</width>
							<label>$INFO[ListItem.StartDate]</label>
							<include>column_CommonListItem-focus</include>
						</control>
					</control>
					<control type="image">
						<left>920</left>
						<top>10</top>
						<width>24</width>
						<height>24</height>
						<texture>pvr/status_none.png</texture>
						<colordiffuse>column2</colordiffuse>
						<visible>!StringCompare(ListItem.Comment,$LOCALIZE[305]) + !StringCompare(ListItem.Comment,$LOCALIZE[19162])</visible>
					</control>
					<control type="image">
						<left>920</left>
						<top>10</top>
						<width>24</width>
						<height>24</height>
						<texture>pvr/status_recording.png</texture>
						<colordiffuse>column2</colordiffuse>
						<visible>StringCompare(ListItem.Comment,$LOCALIZE[19162])</visible>
					</control>
					<control type="image">
						<left>920</left>
						<top>10</top>
						<width>24</width>
						<height>24</height>
						<texture>pvr/status_enabled.png</texture>
						<colordiffuse>column2</colordiffuse>
						<visible>StringCompare(ListItem.Comment,$LOCALIZE[305])</visible>
					</control>
				</focusedlayout>
			</control>
		</control>
	</include>

<!--SEARCH-->
	<include name="view_TV-search">
		<control type="group">
			<left>35</left>
			<include>transition_Content</include>
			<include>toggle_Menu</include>
			<control type="group">
				<top>100</top>
				<visible>Control.IsVisible(17)</visible>
				<!--time-->
				<control type="label">
					<left>15</left>
					<width>200</width>
					<label>19148</label>
					<include>column_Header</include>
				</control>
				<!--title-->
				<control type="label">
					<left>237</left>
					<width>250</width>
					<label>369</label>
					<include>column_Header</include>
				</control>
				<!--date-->
				<control type="label">
					<left>829</left>
					<width>550</width>
					<label>552</label>
					<include>column_Header</include>
				</control>
				<!--time-->
				<control type="label">
					<left>1080</left>
					<width>140</width>
					<label>555</label>
					<include>column_Header</include>
				</control>
			</control>
			<control type="list" id="17">
				<top>135</top>
				<width>1200</width>
				<height>352</height>
				<onup>17</onup>
				<ondown>17</ondown>
				<onleft>36</onleft>
				<onright>70</onright>
				<pagecontrol>70</pagecontrol>
				<scrolltime tween="Cubic" easing="Out">200</scrolltime>
				<itemlayout height="44" width="1200">
					<control type="group">
						<control type="image">
							<width>220</width>
							<height>42</height>
							<texture>views/column-fo.png</texture>
							<colordiffuse>column2</colordiffuse>
						</control>
						<control type="image">
							<left>222</left>
							<width>593</width>
							<height>42</height>
							<texture>views/column-fo.png</texture>
							<colordiffuse>column2</colordiffuse>
						</control>
						<control type="image">
							<left>817</left>
							<width>246</width>
							<height>42</height>
							<texture>views/column-fo.png</texture>
							<colordiffuse>column2</colordiffuse>
						</control>
						<control type="image">
							<left>1065</left>
							<width>135</width>
							<height>42</height>
							<texture>views/column-fo.png</texture>
							<colordiffuse>column2</colordiffuse>
						</control>
					</control>
					<control type="group">
						<left>15</left>
						<control type="label" id="1">
							<width>190</width>
							<label>[B]$INFO[ListItem.ChannelNumber,,  ][/B]$INFO[ListItem.ChannelName]</label>
							<include>column_CommonListItem</include>
						</control>
						<control type="label" id="1">
							<left>222</left>
							<width>563</width>
							<label>$INFO[ListItem.Label]</label>
							<include>column_CommonListItem</include>
						</control>
						<control type="label" id="1">
							<left>817</left>
							<width>216</width>
							<label>$INFO[ListItem.StartDate]</label>
							<include>column_CommonListItem</include>
						</control>
						<control type="label" id="1">
							<left>1065</left>
							<width>105</width>
							<label>$INFO[ListItem.StartTime]</label>
							<include>column_CommonListItem</include>
						</control>
					</control>
					<control type="image">
						<left>781</left>
						<top>10</top>
						<width>22</width>
						<height>22</height>
						<texture>$VAR[pvr_Status]</texture>
						<visible>!IsEmpty(ListItem.ChannelName)</visible>
					</control>
				</itemlayout>
				<focusedlayout height="44" width="1200">
					<control type="image">
						<width>1200</width>
						<height>42</height>
						<texture>views/column-fo.png</texture>
						<colordiffuse>column1</colordiffuse>
					</control>
					<control type="group">
						<left>15</left>
						<control type="label" id="1">
							<width>190</width>
							<label>[B]$INFO[ListItem.ChannelNumber,,  ][/B]$INFO[ListItem.ChannelName]</label>
							<include>column_CommonListItem-focus</include>
						</control>
						<control type="label" id="1">
							<left>222</left>
							<width>563</width>
							<label>$INFO[ListItem.Label]</label>
							<include>column_CommonListItem-focus</include>
						</control>
						<control type="label" id="1">
							<left>817</left>
							<width>216</width>
							<label>$INFO[ListItem.StartDate]</label>
							<include>column_CommonListItem-focus</include>
						</control>
						<control type="label" id="1">
							<left>1065</left>
							<width>105</width>
							<label>$INFO[ListItem.StartTime]</label>
							<include>column_CommonListItem-focus</include>
						</control>
					</control>
					<control type="image">
						<left>781</left>
						<top>11</top>
						<width>22</width>
						<height>22</height>
						<texture>$VAR[pvr_Status]</texture>
						<colordiffuse>Color4</colordiffuse>
						<visible>!IsEmpty(ListItem.ChannelName)</visible>
					</control>
				</focusedlayout>
			</control>
		</control>
	</include>
</includes>