﻿<includes>
	<include name="Hourly">
		<control type="label">
			<posx>38</posx>
			<posy>58</posy>
			<label>$LOCALIZE[33036]</label>
			<font>smallerCaps</font>
			<textcolor>Color3</textcolor>
			<include>transition_WindowTitle</include>
			<visible>StringCompare(Window.Property(Weather.CurrentView),hourly) + !IsEmpty(Window.Property(Weekend.IsFetched))</visible>
		</control>

		<control type="group">
			<posx>40</posx>
			<posy>117</posy>
			<include>transition_Container</include>
			<include>toggle_Menu</include>
			<visible>StringCompare(Window.Property(Weather.CurrentView),hourly)</visible>
			<animation effect="slide" start="0,0" end="0,-20" time="0" condition="!Skin.HasSetting(fanart.weather)">Conditional</animation>
			<!---column headers--->
			<control type="group">
				<control type="image">
					<posx>117</posx>
					<width>300</width>
					<width>115</width>
					<height>42</height>
					<texture border="8">weather/column_Top.png</texture>
					<colordiffuse>column3</colordiffuse>
				</control>
				<control type="label" id="101">
					<posx>132</posx>
					<posy>8</posy>
					<width>550</width>
					<label>condition</label>
					<font>titleLowSmall</font>
					<include>column_Header</include>
				</control>
				<control type="image">
					<posx>418</posx>
					<width>140</width>
					<height>42</height>
					<texture border="8">weather/column_Top.png</texture>
					<colordiffuse>column3</colordiffuse>
				</control>
				<control type="label" id="102">
					<posx>433</posx>
					<posy>8</posy>
					<width>550</width>
					<label>temp/feels</label>
					<font>titleLowSmall</font>
					<include>column_Header</include>
				</control>
				<control type="image">
					<posx>559</posx>
					<width>120</width>
					<height>42</height>
					<texture border="8">weather/column_Top.png</texture>
					<colordiffuse>column3</colordiffuse>
				</control>
				<control type="label" id="102">
					<posx>574</posx>
					<posy>8</posy>
					<width>550</width>
					<label>humidity</label>
					<font>titleLowSmall</font>
					<include>column_Header</include>
				</control>
				<control type="image">
					<posx>680</posx>
					<width>120</width>
					<height>42</height>
					<texture border="8">weather/column_Top.png</texture>
					<colordiffuse>column3</colordiffuse>
				</control>
				<control type="label" id="102">
					<posx>695</posx>
					<posy>8</posy>
					<width>550</width>
					<label>Precip.</label>
					<font>titleLowSmall</font>
					<include>column_Header</include>
				</control>
				<control type="image">
					<posx>801</posx>
					<width>390</width>
					<height>42</height>
					<texture border="8">weather/column_Top.png</texture>
					<colordiffuse>column3</colordiffuse>
				</control>
				<control type="label" id="102">
					<posx>816</posx>
					<posy>8</posy>
					<width>550</width>
					<label>Wind</label>
					<font>titleLowSmall</font>
					<include>column_Header</include>
				</control>
			</control>
			<!---forecast--->
			<control type="list" id="52">
				<posx>0</posx>
				<posy>43</posy>
				<width>1280</width>
				<height>530</height>
				<onleft>6000</onleft>
				<onright>62</onright>
				<onup>52</onup>
				<ondown>52</ondown>
				<viewtype label="535">list</viewtype>
				<pagecontrol>62</pagecontrol>
				<scrolltime>200</scrolltime>
				<itemlayout height="43" width="600">
					<!--time-->
					<control type="image">
						<width>115</width>
						<height>42</height>
						<aspectratio>stretch</aspectratio>
						<colordiffuse>column3</colordiffuse>
						<texture border="8">$INFO[ListItem.Property(Column_left)]</texture>
					</control>
					<control type="label">
						<posx>105</posx>
						<width>105</width>
						<height>38</height>
						<label>$INFO[ListItem.Property(Time)]</label>
						<align>right</align>
						<font>smallCaps</font>
					</control>
					<!--condition-->
					<control type="image">
						<posx>117</posx>
						<width>300</width>
						<height>42</height>
						<aspectratio>stretch</aspectratio>
						<colordiffuse>column2</colordiffuse>
						<texture border="8">$INFO[ListItem.Property(Column)]</texture>
					</control>
					<control type="image">
						<posx>125</posx>
						<posy>2</posy>
						<width>42</width>
						<height>42</height>
						<aspectratio>stretch</aspectratio>
						<texture border="8">$INFO[ListItem.ActualIcon]</texture>
					</control>
					<control type="label">
						<posx>171</posx>
						<width>228</width>
						<label>$INFO[ListItem.Property(Outlook)]</label>
						<include>column_Label</include>
					</control>
					<!--temperature-->
					<control type="image">
						<posx>418</posx>
						<width>140</width>
						<height>42</height>
						<aspectratio>stretch</aspectratio>
						<colordiffuse>column2</colordiffuse>
						<texture border="8">$INFO[ListItem.Property(Column)]</texture>
					</control>
					<control type="label">
						<posx>433</posx>
						<width>140</width>
						<label>$INFO[ListItem.Property(Temperature)]</label>
						<include>column_Label</include>
					</control>
					<!--humidity-->
					<control type="image">
						<posx>559</posx>
						<width>120</width>
						<height>42</height>
						<aspectratio>stretch</aspectratio>
						<colordiffuse>column2</colordiffuse>
						<texture border="8">$INFO[ListItem.Property(Column)]</texture>
					</control>
					<control type="label">
						<posx>574</posx>
						<width>300</width>
						<label>$INFO[ListItem.Property(Humidity)]</label>
						<include>column_Label</include>
					</control>
					<!--precipitation-->
					<control type="image">
						<posx>680</posx>
						<width>120</width>
						<height>42</height>
						<aspectratio>stretch</aspectratio>
						<colordiffuse>column2</colordiffuse>
						<texture border="8">$INFO[ListItem.Property(Column)]</texture>
					</control>	
					<control type="label">
						<posx>695</posx>
						<width>300</width>
						<label>$INFO[ListItem.Property(Precipitation)]</label>
						<include>column_Label</include>
					</control>
					<!--wind-->
					<control type="image">
						<posx>801</posx>
						<width>390</width>
						<height>42</height>
						<aspectratio>stretch</aspectratio>
						<colordiffuse>column2</colordiffuse>
						<texture border="8">$INFO[ListItem.Property(Column_right)]</texture>
					</control>
					<control type="label">
						<posx>816</posx>
						<width>360</width>
						<label>$INFO[ListItem.Property(Wind)]</label>
						<include>column_Label</include>
					</control>
				</itemlayout>
				<focusedlayout height="43" width="600">
					<!--time-->
					<control type="image">
						<width>115</width>
						<height>42</height>
						<aspectratio>stretch</aspectratio>
						<colordiffuse>Color7</colordiffuse>
						<texture border="8">$INFO[ListItem.Property(Column_left)]</texture>
					</control>
					<control type="label">
						<posx>105</posx>
						<width>105</width>
						<height>38</height>
						<label>$INFO[ListItem.Property(Time)]</label>
						<align>right</align>
						<font>smallCaps</font>
						<include>column_Label-focus</include>
					</control>
					<!--condition-->
					<control type="image">
						<posx>117</posx>
						<width>300</width>
						<height>42</height>
						<aspectratio>stretch</aspectratio>
						<colordiffuse>Color7</colordiffuse>
						<texture border="8">$INFO[ListItem.Property(Column)]</texture>
					</control>
					<control type="image">
						<posx>130</posx>
						<posy>2</posy>
						<width>42</width>
						<height>42</height>
						<aspectratio>stretch</aspectratio>
						<texture border="8">$INFO[ListItem.ActualIcon]</texture>
					</control>
					<control type="label">
						<posx>171</posx>
						<width>228</width>
						<label>$INFO[ListItem.Property(Outlook)]</label>
						<include>column_Label-focus</include>
					</control>
					<!--temperature-->
					<control type="image">
						<posx>418</posx>
						<width>140</width>
						<height>42</height>
						<aspectratio>stretch</aspectratio>
						<colordiffuse>Color7</colordiffuse>
						<texture border="8">$INFO[ListItem.Property(Column)]</texture>
					</control>
					<control type="label">
						<posx>433</posx>
						<width>140</width>
						<label>$INFO[ListItem.Property(Temperature)]</label>
						<include>column_Label-focus</include>
					</control>
					<!--humidity-->
					<control type="image">
						<posx>559</posx>
						<width>120</width>
						<height>42</height>
						<aspectratio>stretch</aspectratio>
						<colordiffuse>Color7</colordiffuse>
						<texture border="8">$INFO[ListItem.Property(Column)]</texture>
					</control>
					<control type="label">
						<posx>574</posx>
						<width>300</width>
						<label>$INFO[ListItem.Property(Humidity)]</label>
						<include>column_Label-focus</include>
					</control>
					<!--precipitation-->
					<control type="image">
						<posx>680</posx>
						<width>120</width>
						<height>42</height>
						<aspectratio>stretch</aspectratio>
						<colordiffuse>Color7</colordiffuse>
						<texture border="8">$INFO[ListItem.Property(Column)]</texture>
					</control>	
					<control type="label">
						<posx>695</posx>
						<width>300</width>
						<label>$INFO[ListItem.Property(Precipitation)]</label>
						<include>column_Label-focus</include>
					</control>
					<!--wind-->
					<control type="image">
						<posx>801</posx>
						<width>390</width>
						<height>42</height>
						<aspectratio>stretch</aspectratio>
						<colordiffuse>Color7</colordiffuse>
						<texture border="8">$INFO[ListItem.Property(Column_right)]</texture>
					</control>
					<control type="label">
						<posx>816</posx>
						<width>360</width>
						<label>$INFO[ListItem.Property(Wind)]</label>
						<include>column_Label-focus</include>
					</control>
				</focusedlayout>
				<content>
					<item>
						<property name="Column_left">weather/column_left.png</property>
						<property name="Column_right">weather/column_right.png</property>
						<property name="Column">weather/column.png</property>
						<property name="Time">$INFO[Window.Property(Hourly.1.Time)]</property>
						<property name="Outlook">$INFO[Window.Property(Hourly.1.Outlook)]</property>
						<property name="Temperature">$INFO[Window.Property(Hourly.1.Temperature)]$INFO[System.TemperatureUnits] / $INFO[Window.Property(Hourly.1.Feelslike)]$INFO[System.TemperatureUnits]</property>
						<property name="Humidity">$INFO[Window.Property(Hourly.1.Humidity),, %]</property>
						<property name="Precipitation">$INFO[Window.Property(Hourly.1.Precipitation),, %]</property>
						<property name="Wind">$INFO[Window.Property(Hourly.1.WindSpeed)] $INFO[Window.Property(Hourly.1.WindDirection)]</property>
						<icon>$INFO[Window.Property(Hourly.1.OutlookIcon)]</icon>
						<onclick>-</onclick>
						<visible>!IsEmpty(Window.Property(Hourly.IsFetched))</visible>
					</item>
					<item>
						<property name="Column_left">weather/column_left.png</property>
						<property name="Column_right">weather/column_right.png</property>
						<property name="Column">weather/column.png</property>
						<property name="Time">$INFO[Window.Property(Hourly.2.Time)]</property>
						<property name="Outlook">$INFO[Window.Property(Hourly.2.Outlook)]</property>
						<property name="Temperature">$INFO[Window.Property(Hourly.2.Temperature)]$INFO[System.TemperatureUnits] / $INFO[Window.Property(Hourly.2.Feelslike)]$INFO[System.TemperatureUnits]</property>
						<property name="Humidity">$INFO[Window.Property(Hourly.2.Humidity),, %]</property>
						<property name="Precipitation">$INFO[Window.Property(Hourly.2.Precipitation),, %]</property>
						<property name="Wind">$INFO[Window.Property(Hourly.2.WindSpeed)] $INFO[Window.Property(Hourly.2.WindDirection)]</property>
						<icon>$INFO[Window.Property(Hourly.2.OutlookIcon)]</icon>
						<onclick>-</onclick>
						<visible>!IsEmpty(Window.Property(Hourly.IsFetched))</visible>
					</item>
					<item>
						<property name="Column_left">weather/column_left.png</property>
						<property name="Column_right">weather/column_right.png</property>
						<property name="Column">weather/column.png</property>
						<property name="Time">$INFO[Window.Property(Hourly.3.Time)]</property>
						<property name="Outlook">$INFO[Window.Property(Hourly.3.Outlook)]</property>
						<property name="Temperature">$INFO[Window.Property(Hourly.3.Temperature)]$INFO[System.TemperatureUnits] / $INFO[Window.Property(Hourly.3.Feelslike)]$INFO[System.TemperatureUnits]</property>
						<property name="Humidity">$INFO[Window.Property(Hourly.3.Humidity),, %]</property>
						<property name="Precipitation">$INFO[Window.Property(Hourly.3.Precipitation),, %]</property>
						<property name="Wind">$INFO[Window.Property(Hourly.3.WindSpeed)] $INFO[Window.Property(Hourly.3.WindDirection)]</property>
						<icon>$INFO[Window.Property(Hourly.3.OutlookIcon)]</icon>
						<onclick>-</onclick>
						<visible>!IsEmpty(Window.Property(Hourly.IsFetched))</visible>
					</item>
					<item>
						<property name="Column_left">weather/column_left.png</property>
						<property name="Column_right">weather/column_right.png</property>
						<property name="Column">weather/column.png</property>
						<property name="Time">$INFO[Window.Property(Hourly.4.Time)]</property>
						<property name="Outlook">$INFO[Window.Property(Hourly.4.Outlook)]</property>
						<property name="Temperature">$INFO[Window.Property(Hourly.4.Temperature)]$INFO[System.TemperatureUnits] / $INFO[Window.Property(Hourly.4.Feelslike)]$INFO[System.TemperatureUnits]</property>
						<property name="Humidity">$INFO[Window.Property(Hourly.4.Humidity),, %]</property>
						<property name="Precipitation">$INFO[Window.Property(Hourly.4.Precipitation),, %]</property>
						<property name="Wind">$INFO[Window.Property(Hourly.4.WindSpeed)] $INFO[Window.Property(Hourly.4.WindDirection)]</property>
						<icon>$INFO[Window.Property(Hourly.4.OutlookIcon)]</icon>
						<onclick>-</onclick>
						<visible>!IsEmpty(Window.Property(Hourly.IsFetched))</visible>
					</item>
					<item>
						<property name="Column_left">weather/column_left.png</property>
						<property name="Column_right">weather/column_right.png</property>
						<property name="Column">weather/column.png</property>
						<property name="Time">$INFO[Window.Property(Hourly.5.Time)]</property>
						<property name="Outlook">$INFO[Window.Property(Hourly.5.Outlook)]</property>
						<property name="Temperature">$INFO[Window.Property(Hourly.5.Temperature)]$INFO[System.TemperatureUnits] / $INFO[Window.Property(Hourly.5.Feelslike)]$INFO[System.TemperatureUnits]</property>
						<property name="Humidity">$INFO[Window.Property(Hourly.5.Humidity),, %]</property>
						<property name="Precipitation">$INFO[Window.Property(Hourly.5.Precipitation),, %]</property>
						<property name="Wind">$INFO[Window.Property(Hourly.5.WindSpeed)] $INFO[Window.Property(Hourly.5.WindDirection)]</property>
						<icon>$INFO[Window.Property(Hourly.5.OutlookIcon)]</icon>
						<onclick>-</onclick>
						<visible>!IsEmpty(Window.Property(Hourly.IsFetched))</visible>
					</item>
					<item>
						<property name="Column_left">weather/column_left.png</property>
						<property name="Column_right">weather/column_right.png</property>
						<property name="Column">weather/column.png</property>
						<property name="Time">$INFO[Window.Property(Hourly.6.Time)]</property>
						<property name="Outlook">$INFO[Window.Property(Hourly.6.Outlook)]</property>
						<property name="Temperature">$INFO[Window.Property(Hourly.6.Temperature)]$INFO[System.TemperatureUnits] / $INFO[Window.Property(Hourly.6.Feelslike)]$INFO[System.TemperatureUnits]</property>
						<property name="Humidity">$INFO[Window.Property(Hourly.6.Humidity),, %]</property>
						<property name="Precipitation">$INFO[Window.Property(Hourly.6.Precipitation),, %]</property>
						<property name="Wind">$INFO[Window.Property(Hourly.6.WindSpeed)] $INFO[Window.Property(Hourly.6.WindDirection)]</property>
						<icon>$INFO[Window.Property(Hourly.6.OutlookIcon)]</icon>
						<onclick>-</onclick>
						<visible>!IsEmpty(Window.Property(Hourly.IsFetched))</visible>
					</item>
					<item>
						<property name="Column_left">weather/column_left.png</property>
						<property name="Column_right">weather/column_right.png</property>
						<property name="Column">weather/column.png</property>
						<property name="Time">$INFO[Window.Property(Hourly.7.Time)]</property>
						<property name="Outlook">$INFO[Window.Property(Hourly.7.Outlook)]</property>
						<property name="Temperature">$INFO[Window.Property(Hourly.7.Temperature)]$INFO[System.TemperatureUnits] / $INFO[Window.Property(Hourly.7.Feelslike)]$INFO[System.TemperatureUnits]</property>
						<property name="Humidity">$INFO[Window.Property(Hourly.7.Humidity),, %]</property>
						<property name="Precipitation">$INFO[Window.Property(Hourly.7.Precipitation),, %]</property>
						<property name="Wind">$INFO[Window.Property(Hourly.7.WindSpeed)] $INFO[Window.Property(Hourly.7.WindDirection)]</property>
						<icon>$INFO[Window.Property(Hourly.7.OutlookIcon)]</icon>
						<onclick>-</onclick>
						<visible>!IsEmpty(Window.Property(Hourly.IsFetched))</visible>
					</item>
					<item>
						<property name="Column_left">weather/column_left.png</property>
						<property name="Column_right">weather/column_right.png</property>
						<property name="Column">weather/column.png</property>
						<property name="Time">$INFO[Window.Property(Hourly.8.Time)]</property>
						<property name="Outlook">$INFO[Window.Property(Hourly.8.Outlook)]</property>
						<property name="Temperature">$INFO[Window.Property(Hourly.8.Temperature)]$INFO[System.TemperatureUnits] / $INFO[Window.Property(Hourly.8.Feelslike)]$INFO[System.TemperatureUnits]</property>
						<property name="Humidity">$INFO[Window.Property(Hourly.8.Humidity),, %]</property>
						<property name="Precipitation">$INFO[Window.Property(Hourly.8.Precipitation),, %]</property>
						<property name="Wind">$INFO[Window.Property(Hourly.8.WindSpeed)] $INFO[Window.Property(Hourly.8.WindDirection)]</property>
						<icon>$INFO[Window.Property(Hourly.8.OutlookIcon)]</icon>
						<onclick>-</onclick>
						<visible>!IsEmpty(Window.Property(Hourly.IsFetched))</visible>
					</item>
					<item>
						<property name="Column_left">weather/column_left.png</property>
						<property name="Column_right">weather/column_right.png</property>
						<property name="Column">weather/column.png</property>
						<property name="Time">$INFO[Window.Property(Hourly.9.Time)]</property>
						<property name="Outlook">$INFO[Window.Property(Hourly.9.Outlook)]</property>
						<property name="Temperature">$INFO[Window.Property(Hourly.9.Temperature)]$INFO[System.TemperatureUnits] / $INFO[Window.Property(Hourly.9.Feelslike)]$INFO[System.TemperatureUnits]</property>
						<property name="Humidity">$INFO[Window.Property(Hourly.9.Humidity),, %]</property>
						<property name="Precipitation">$INFO[Window.Property(Hourly.9.Precipitation),, %]</property>
						<property name="Wind">$INFO[Window.Property(Hourly.9.WindSpeed)] $INFO[Window.Property(Hourly.9.WindDirection)]</property>
						<icon>$INFO[Window.Property(Hourly.9.OutlookIcon)]</icon>
						<onclick>-</onclick>
						<visible>!IsEmpty(Window.Property(Hourly.IsFetched))</visible>
					</item>
					<item>
						<property name="Column_left">weather/column_left.png</property>
						<property name="Column_right">weather/column_right.png</property>
						<property name="Column">weather/column.png</property>
						<property name="Time">$INFO[Window.Property(Hourly.10.Time)]</property>
						<property name="Outlook">$INFO[Window.Property(Hourly.10.Outlook)]</property>
						<property name="Temperature">$INFO[Window.Property(Hourly.10.Temperature)]$INFO[System.TemperatureUnits] / $INFO[Window.Property(Hourly.10.Feelslike)]$INFO[System.TemperatureUnits]</property>
						<property name="Humidity">$INFO[Window.Property(Hourly.10.Humidity),, %]</property>
						<property name="Precipitation">$INFO[Window.Property(Hourly.10.Precipitation),, %]</property>
						<property name="Wind">$INFO[Window.Property(Hourly.10.WindSpeed)] $INFO[Window.Property(Hourly.10.WindDirection)]</property>
						<icon>$INFO[Window.Property(Hourly.10.OutlookIcon)]</icon>
						<onclick>-</onclick>
						<visible>!IsEmpty(Window.Property(Hourly.IsFetched))</visible>
					</item>
					<item>
						<property name="Column_left">weather/column_left.png</property>
						<property name="Column_right">weather/column_right.png</property>
						<property name="Column">weather/column.png</property>
						<property name="Time">$INFO[Window.Property(Hourly.11.Time)]</property>
						<property name="Outlook">$INFO[Window.Property(Hourly.11.Outlook)]</property>
						<property name="Temperature">$INFO[Window.Property(Hourly.11.Temperature)]$INFO[System.TemperatureUnits] / $INFO[Window.Property(Hourly.11.Feelslike)]$INFO[System.TemperatureUnits]</property>
						<property name="Humidity">$INFO[Window.Property(Hourly.11.Humidity),, %]</property>
						<property name="Precipitation">$INFO[Window.Property(Hourly.11.Precipitation),, %]</property>
						<property name="Wind">$INFO[Window.Property(Hourly.11.WindSpeed)] $INFO[Window.Property(Hourly.11.WindDirection)]</property>
						<icon>$INFO[Window.Property(Hourly.11.OutlookIcon)]</icon>
						<onclick>-</onclick>
						<visible>!IsEmpty(Window.Property(Hourly.IsFetched))</visible>
					</item>
					<item>
						<property name="Column_left">weather/column_left.png</property>
						<property name="Column_right">weather/column_right.png</property>
						<property name="Column">weather/column.png</property>
						<property name="Time">$INFO[Window.Property(Hourly.12.Time)]</property>
						<property name="Outlook">$INFO[Window.Property(Hourly.12.Outlook)]</property>
						<property name="Temperature">$INFO[Window.Property(Hourly.12.Temperature)]$INFO[System.TemperatureUnits] / $INFO[Window.Property(Hourly.12.Feelslike)]$INFO[System.TemperatureUnits]</property>
						<property name="Humidity">$INFO[Window.Property(Hourly.12.Humidity),, %]</property>
						<property name="Precipitation">$INFO[Window.Property(Hourly.12.Precipitation),, %]</property>
						<property name="Wind">$INFO[Window.Property(Hourly.12.WindSpeed)] $INFO[Window.Property(Hourly.12.WindDirection)]</property>
						<icon>$INFO[Window.Property(Hourly.12.OutlookIcon)]</icon>
						<onclick>-</onclick>
						<visible>!IsEmpty(Window.Property(Hourly.IsFetched))</visible>
					</item>
				</content>
			</control>
		</control>
	</include>
</includes>