﻿<includes>
	<include name="Weekend">
		<control type="label">
			<posx>38</posx>
			<posy>58</posy>
			<label>$LOCALIZE[33037]</label>
			<font>smallerCaps</font>
			<textcolor>Color3</textcolor>
			<include>transition_WindowTitle</include>
			<visible>StringCompare(Window.Property(Weather.CurrentView),weekend)</visible>
		</control>
		<control type="group">
			<posx>80</posx>
			<posy>200</posy>
			<include>transition_Container</include>
			<include>toggle_Menu</include>
			<visible>StringCompare(Window.Property(Weather.CurrentView),weekend)</visible>
			<!--friday-->
			<control type="group">	
				<posx>0</posx>		
				<control type="image">
					<width>360</width>
					<height>50</height>
					<texture border="8">views/column_Top.png</texture>
					<colordiffuse>column3</colordiffuse>
				</control>
				<control type="image">
					<posy>51</posy>
					<width>360</width>
					<height>430</height>
					<texture border="8">views/column_Bottom.png</texture>
					<colordiffuse>column2</colordiffuse>
				</control>
				<!--date-->
				<control type="label">	
					<posx>15</posx>
					<posy>10</posy>
					<width>300</width>
					<font>title</font>
					<textcolor>Color1</textcolor>
					<align>left</align>
					<label>$LOCALIZE[15] [COLOR=Color2]$INFO[Window.Property(weekend.1.Date)][/COLOR]</label>
				</control>
				<!--icon-->
				<control type="image">
					<posx>15</posx>
					<posy>70</posy>
					<width>64</width>
					<height>64</height>
					<aspectratio>keep</aspectratio>
					<texture>$INFO[Window.Property(weekend.1.OutlookIcon)]</texture>
				</control>
				<!--outlook-->
				<control type="label">
					<posx>94</posx>
					<posy>65</posy>
					<width>300</width>
					<font>titleAlt</font>
					<textcolor>Color1</textcolor>
					<label>$INFO[Window.Property(weekend.1.Outlook)]</label>
				</control>
				<!--temps-->
				<control type="label">
					<posx>94</posx>
					<posy>85</posy>
					<height>58</height>
					<width>300</width>
					<font>smallCaps</font>
					<textcolor>Color1</textcolor>
					<label>$LOCALIZE[393] [B]$INFO[Window.Property(weekend.1.HighTemperature),]$INFO[System.TemperatureUnits][/B] $LOCALIZE[391] [B]$INFO[Window.Property(weekend.1.LowTemperature),]$INFO[System.TemperatureUnits][/B]</label>
				</control>
				<!--forecast-->
				<control type="textbox">
					<posx>15</posx>
					<posy>340</posy>
					<width>300</width>
					<height>130</height>
					<label>$INFO[Window.Property(weekend.1.Forecast)]</label>
					<include>w+Description</include>
					<include>autoscroll-plot</include>
				</control>
				<!--stats-->
				<control type="grouplist">
					<posx>20</posx>
					<posy>150</posy>
					<itemgap>1</itemgap>
					<control type="label">
						<width>300</width>
						<include>w+Label</include>
						<label>$LOCALIZE[406]</label>
						<visible>IsEmpty(Window.Property(Weekend.1.Observed))</visible>
					</control>
					<control type="label">
						<width>300</width>
						<include>w+Label</include>
						<label>$LOCALIZE[403]</label>
						<visible>IsEmpty(Window.Property(Weekend.1.Observed))</visible>
					</control>
					<control type="label">
						<width>300</width>
						<include>w+Label</include>
						<label>$LOCALIZE[404]</label>
						<visible>IsEmpty(Window.Property(Weekend.1.Observed))</visible>
					</control>
					<control type="label">
						<width>300</width>
						<include>w+Label</include>
						<label>$LOCALIZE[33021]</label>
						<visible>IsEmpty(Window.Property(Weekend.1.Observed))</visible>
					</control>
					<control type="label">
						<width>300</width>
						<include>w+Label</include>
						<label>$LOCALIZE[33027]</label>
						<visible>IsEmpty(Window.Property(Weekend.1.Observed))</visible>
					</control>
					<control type="label">
						<width>300</width>
						<include>w+Label</include>
						<label>$LOCALIZE[33028]</label>
						<visible>IsEmpty(Window.Property(Weekend.1.Observed))</visible>
					</control>
					<!--observed precipitation label-->
					<control type="label">
						<width>300</width>
						<include>w+Label</include>
						<label>$LOCALIZE[33021]</label>
						<visible>!IsEmpty(Window.Property(Weekend.1.Observed))</visible>
					</control>
					<!--average high label-->
					<control type="label">
						<width>300</width>
						<include>w+Label</include>
						<label>$LOCALIZE[31910]</label>
						<visible>!IsEmpty(Window.Property(Weekend.1.Observed))</visible>
					</control>
					<!--average low label-->
					<control type="label">
						<width>300</width>
						<include>w+Label</include>
						<label>$LOCALIZE[31911]</label>
						<visible>!IsEmpty(Window.Property(Weekend.1.Observed))</visible>
					</control>
					<!--observed high label-->
					<control type="label">
						<width>300</width>
						<include>w+Label</include>
						<label>$LOCALIZE[31912]</label>
						<visible>!IsEmpty(Window.Property(Weekend.1.Observed))</visible>
					</control>
					<!--observed low label-->
					<control type="label">
						<width>300</width>
						<include>w+Label</include>
						<label>$LOCALIZE[31913]</label>
						<visible>!IsEmpty(Window.Property(Weekend.1.Observed))</visible>
					</control>
					<!--record high label-->
					<control type="label">
						<width>300</width>
						<include>w+Label</include>
						<label>$LOCALIZE[31914]</label>
						<visible>!IsEmpty(Window.Property(Weekend.1.Observed))</visible>
					</control>
					<!--record low label-->
					<control type="label">
						<width>300</width>
						<include>w+Label</include>
						<label>$LOCALIZE[31915]</label>
						<visible>!IsEmpty(Window.Property(Weekend.1.Observed))</visible>
					</control>
				</control>
				<control type="grouplist">
					<posx>40</posx>
					<posy>150</posy>
					<itemgap>1</itemgap>
					<!--humidity label-->
					<control type="label">
						<width>300</width>
						<align>right</align>
						<include>w+Label</include>
						<label>$INFO[Window.Property(weekend.1.Humidity),,%]</label>
						<visible>IsEmpty(Window.Property(Weekend.1.Observed))</visible>
					</control>
					<!--UV label-->
					<control type="label">
						<width>300</width>
						<align>right</align>
						<include>w+Label</include>
						<label>$INFO[Window.Property(weekend.1.UV)]</label>
						<visible>IsEmpty(Window.Property(Weekend.1.Observed))</visible>
					</control>
					<!--wind label-->
					<control type="label">
						<width>300</width>
						<align>right</align>
						<include>w+Label</include>
						<label>$INFO[Window.Property(weekend.1.Wind)]</label>
						<visible>IsEmpty(Window.Property(Weekend.1.Observed))</visible>
					</control>
					<!--precipitation label-->
					<control type="label">
						<width>300</width>
						<align>right</align>
						<include>w+Label</include>
						<label>$INFO[Window.Property(weekend.1.Precipitation),,%]</label>
						<visible>IsEmpty(Window.Property(Weekend.1.Observed))</visible>
					</control>
					<!--sunrise label-->
					<control type="label">
						<width>300</width>
						<align>right</align>
						<include>w+Label</include>
						<label>$INFO[Window.Property(weekend.1.Sunrise)]</label>
						<visible>IsEmpty(Window.Property(Weekend.1.Observed))</visible>
					</control>
					<!--sunset label-->
					<control type="label">
						<width>300</width>
						<align>right</align>
						<include>w+Label</include>
						<label>$INFO[Window.Property(weekend.1.Sunset)]</label>
						<visible>IsEmpty(Window.Property(Weekend.1.Observed))</visible>
					</control>
					<!--observed precipitation label-->
					<control type="label">
						<width>300</width>
						<align>right</align>
						<include>w+Label</include>
						<label>$INFO[Window.Property(Weekend.1.ObservedPrecipitation)]</label>
						<visible>!IsEmpty(Window.Property(Weekend.1.Observed))</visible>
					</control>
					<!--average high value-->
					<control type="label">
						<width>300</width>
						<align>right</align>
						<include>w+Label</include>
						<label>$INFO[Window.Property(Weekend.1.ObservedAvgHighTemperature)]$INFO[System.TemperatureUnits]</label>
						<visible>!IsEmpty(Window.Property(Weekend.1.Observed))</visible>
					</control>
					<!--average low value-->
					<control type="label">
						<width>300</width>
						<align>right</align>
						<include>w+Label</include>
						<label>$INFO[Window.Property(Weekend.1.ObservedAvgLowTemperature)]$INFO[System.TemperatureUnits]</label>
						<visible>!IsEmpty(Window.Property(Weekend.1.Observed))</visible>
					</control>
					<!--observed high value-->
					<control type="label">
						<width>300</width>
						<align>right</align>
						<include>w+Label</include>
						<label>$INFO[Window.Property(Weekend.1.HighTemperature)]$INFO[System.TemperatureUnits]</label>
						<visible>!IsEmpty(Window.Property(Weekend.1.Observed))</visible>
					</control>
					<!--observed low value-->
					<control type="label">
						<width>300</width>
						<align>right</align>
						<include>w+Label</include>
						<label>$INFO[Window.Property(Weekend.1.LowTemperature)]$INFO[System.TemperatureUnits]</label>
						<visible>!IsEmpty(Window.Property(Weekend.1.Observed))</visible>
					</control>
					<!--record high value-->
					<control type="label">
						<width>300</width>
						<align>right</align>
						<include>w+Label</include>
						<label>$INFO[Window.Property(Weekend.1.ObservedRecordHighTemperature)]$INFO[System.TemperatureUnits]</label>
						<visible>!IsEmpty(Window.Property(Weekend.1.Observed))</visible>
					</control>
					<!--record low value-->
					<control type="label">
						<width>300</width>
						<align>right</align>
						<include>w+Label</include>
						<label>$INFO[Window.Property(Weekend.1.ObservedRecordLowTemperature)]$INFO[System.TemperatureUnits]</label>
						<visible>!IsEmpty(Window.Property(Weekend.1.Observed))</visible>
					</control>
				</control>
			</control>
			
			<!--saturday-->
			<control type="group">	
				<posx>380</posx>		
				<control type="image">
					<width>360</width>
					<height>50</height>
					<texture border="8">views/column_Top.png</texture>
					<colordiffuse>column3</colordiffuse>
				</control>
				<control type="image">
					<posy>51</posy>
					<width>360</width>
					<height>430</height>
					<texture border="8">views/column_Bottom.png</texture>
					<colordiffuse>column2</colordiffuse>
				</control>
				<!--date-->
				<control type="label">	
					<posx>15</posx>
					<posy>10</posy>
					<width>300</width>
					<font>title</font>
					<textcolor>Color1</textcolor>
					<align>left</align>
					<label>$LOCALIZE[16] [COLOR=Color2]$INFO[Window.Property(weekend.2.Date)][/COLOR]</label>
				</control>
				<!--icon-->
				<control type="image">
					<posx>15</posx>
					<posy>65</posy>
					<width>64</width>
					<height>64</height>
					<aspectratio>keep</aspectratio>
					<texture>$INFO[Window.Property(weekend.2.OutlookIcon)]</texture>
				</control>
				<!--outlook-->
				<control type="label">
					<posx>94</posx>
					<posy>65</posy>
					<width>300</width>
					<font>titleAlt</font>
					<textcolor>Color1</textcolor>
					<label>$INFO[Window.Property(weekend.2.Outlook)]</label>
				</control>
				<!--temps-->
				<control type="label">
					<posx>94</posx>
					<posy>80</posy>
					<height>58</height>
					<width>300</width>
					<font>smallCaps</font>
					<textcolor>Color1</textcolor>
					<label>$LOCALIZE[393] [B]$INFO[Window.Property(weekend.2.HighTemperature),]$INFO[System.TemperatureUnits][/B] $LOCALIZE[391] [B]$INFO[Window.Property(weekend.2.LowTemperature),]$INFO[System.TemperatureUnits][/B]</label>
				</control>
				<!--forecast-->
				<control type="textbox">
					<posx>15</posx>
					<posy>340</posy>
					<width>300</width>
					<height>130</height>
					<label>$INFO[Window.Property(weekend.2.Forecast)]</label>
					<include>w+Description</include>
					<include>autoscroll-plot</include>
				</control>
				<!--stats-->
				<control type="grouplist">
					<posx>20</posx>
					<posy>150</posy>
					<itemgap>1</itemgap>
					<control type="label">
						<width>300</width>
						<include>w+Label</include>
						<label>$LOCALIZE[406]</label>
						<visible>IsEmpty(Window.Property(Weekend.2.Observed))</visible>
					</control>
					<control type="label">
						<width>300</width>
						<include>w+Label</include>
						<label>$LOCALIZE[403]</label>
						<visible>IsEmpty(Window.Property(Weekend.2.Observed))</visible>
					</control>
					<control type="label">
						<width>300</width>
						<include>w+Label</include>
						<label>$LOCALIZE[404]</label>
						<visible>IsEmpty(Window.Property(Weekend.2.Observed))</visible>
					</control>
					<control type="label">
						<width>300</width>
						<include>w+Label</include>
						<label>$LOCALIZE[33021]</label>
						<visible>IsEmpty(Window.Property(Weekend.2.Observed))</visible>
					</control>
					<control type="label">
						<width>300</width>
						<include>w+Label</include>
						<label>$LOCALIZE[33027]</label>
						<visible>IsEmpty(Window.Property(Weekend.2.Observed))</visible>
					</control>
					<control type="label">
						<width>300</width>
						<include>w+Label</include>
						<label>$LOCALIZE[33028]</label>
						<visible>IsEmpty(Window.Property(Weekend.2.Observed))</visible>
					</control>
					<!--observed precipitation label-->
					<control type="label">
						<width>300</width>
						<include>w+Label</include>
						<label>$LOCALIZE[33021]</label>
						<visible>!IsEmpty(Window.Property(Weekend.2.Observed))</visible>
					</control>
					<!--average high label-->
					<control type="label">
						<width>300</width>
						<include>w+Label</include>
						<label>$LOCALIZE[31910]</label>
						<visible>!IsEmpty(Window.Property(Weekend.2.Observed))</visible>
					</control>
					<!--average low label-->
					<control type="label">
						<width>300</width>
						<include>w+Label</include>
						<label>$LOCALIZE[31911]</label>
						<visible>!IsEmpty(Window.Property(Weekend.2.Observed))</visible>
					</control>
					<!--observed high label-->
					<control type="label">
						<width>300</width>
						<include>w+Label</include>
						<label>$LOCALIZE[31912]</label>
						<visible>!IsEmpty(Window.Property(Weekend.2.Observed))</visible>
					</control>
					<!--observed low label-->
					<control type="label">
						<width>300</width>
						<include>w+Label</include>
						<label>$LOCALIZE[31913]</label>
						<visible>!IsEmpty(Window.Property(Weekend.2.Observed))</visible>
					</control>
					<!--record high label-->
					<control type="label">
						<width>300</width>
						<include>w+Label</include>
						<label>$LOCALIZE[31914]</label>
						<visible>!IsEmpty(Window.Property(Weekend.2.Observed))</visible>
					</control>
					<!--record low label-->
					<control type="label">
						<width>300</width>
						<include>w+Label</include>
						<label>$LOCALIZE[31915]</label>
						<visible>!IsEmpty(Window.Property(Weekend.2.Observed))</visible>
					</control>
				</control>
				<control type="grouplist">
					<posx>40</posx>
					<posy>150</posy>
					<itemgap>1</itemgap>
					<!--humidity label-->
					<control type="label">
						<width>300</width>
						<align>right</align>
						<include>w+Label</include>
						<label>$INFO[Window.Property(weekend.2.Humidity),,%]</label>
						<visible>IsEmpty(Window.Property(Weekend.2.Observed))</visible>
					</control>
					<!--UV label-->
					<control type="label">
						<width>300</width>
						<align>right</align>
						<include>w+Label</include>
						<label>$INFO[Window.Property(weekend.2.UV)]</label>
						<visible>IsEmpty(Window.Property(Weekend.2.Observed))</visible>
					</control>
					<!--wind label-->
					<control type="label">
						<width>300</width>
						<align>right</align>
						<include>w+Label</include>
						<label>$INFO[Window.Property(weekend.2.Wind)]</label>
						<visible>IsEmpty(Window.Property(Weekend.2.Observed))</visible>
					</control>
					<!--precipitation label-->
					<control type="label">
						<width>300</width>
						<align>right</align>
						<include>w+Label</include>
						<label>$INFO[Window.Property(weekend.2.Precipitation),,%]</label>
						<visible>IsEmpty(Window.Property(Weekend.2.Observed))</visible>
					</control>
					<!--sunrise label-->
					<control type="label">
						<width>300</width>
						<align>right</align>
						<include>w+Label</include>
						<label>$INFO[Window.Property(weekend.2.Sunrise)]</label>
						<visible>IsEmpty(Window.Property(Weekend.2.Observed))</visible>
					</control>
					<!--sunset label-->
					<control type="label">
						<width>300</width>
						<align>right</align>
						<include>w+Label</include>
						<label>$INFO[Window.Property(weekend.2.Sunset)]</label>
						<visible>IsEmpty(Window.Property(Weekend.2.Observed))</visible>
					</control>
					<!--observed precipitation label-->
					<control type="label">
						<width>300</width>
						<align>right</align>
						<include>w+Label</include>
						<label>$INFO[Window.Property(Weekend.2.ObservedPrecipitation)]</label>
						<visible>!IsEmpty(Window.Property(Weekend.2.Observed))</visible>
					</control>
					<!--average high value-->
					<control type="label">
						<width>300</width>
						<align>right</align>
						<include>w+Label</include>
						<label>$INFO[Window.Property(Weekend.2.ObservedAvgHighTemperature)]$INFO[System.TemperatureUnits]</label>
						<visible>!IsEmpty(Window.Property(Weekend.2.Observed))</visible>
					</control>
					<!--average low value-->
					<control type="label">
						<width>300</width>
						<align>right</align>
						<include>w+Label</include>
						<label>$INFO[Window.Property(Weekend.2.ObservedAvgLowTemperature)]$INFO[System.TemperatureUnits]</label>
						<visible>!IsEmpty(Window.Property(Weekend.2.Observed))</visible>
					</control>
					<!--observed high value-->
					<control type="label">
						<width>300</width>
						<align>right</align>
						<include>w+Label</include>
						<label>$INFO[Window.Property(Weekend.2.HighTemperature)]$INFO[System.TemperatureUnits]</label>
						<visible>!IsEmpty(Window.Property(Weekend.2.Observed))</visible>
					</control>
					<!--observed low value-->
					<control type="label">
						<width>300</width>
						<align>right</align>
						<include>w+Label</include>
						<label>$INFO[Window.Property(Weekend.2.LowTemperature)]$INFO[System.TemperatureUnits]</label>
						<visible>!IsEmpty(Window.Property(Weekend.2.Observed))</visible>
					</control>
					<!--record high value-->
					<control type="label">
						<width>300</width>
						<align>right</align>
						<include>w+Label</include>
						<label>$INFO[Window.Property(Weekend.2.ObservedRecordHighTemperature)]$INFO[System.TemperatureUnits]</label>
						<visible>!IsEmpty(Window.Property(Weekend.2.Observed))</visible>
					</control>
					<!--record low value-->
					<control type="label">
						<width>300</width>
						<align>right</align>
						<include>w+Label</include>
						<label>$INFO[Window.Property(Weekend.2.ObservedRecordLowTemperature)]$INFO[System.TemperatureUnits]</label>
						<visible>!IsEmpty(Window.Property(Weekend.2.Observed))</visible>
					</control>
				</control>
			</control>
			
			<!--sunday-->
			<control type="group">	
				<posx>760</posx>		
				<control type="image">
					<width>360</width>
					<height>50</height>
					<texture border="8">views/column_Top.png</texture>
					<colordiffuse>column3</colordiffuse>
				</control>
				<control type="image">
					<posy>51</posy>
					<width>360</width>
					<height>430</height>
					<texture border="8">views/column_Bottom.png</texture>
					<colordiffuse>column2</colordiffuse>
				</control>
				<!--date-->
				<control type="label">	
					<posx>15</posx>
					<posy>10</posy>
					<width>300</width>
					<font>title</font>
					<textcolor>Color1</textcolor>
					<align>left</align>
					<label>$LOCALIZE[17] [COLOR=Color2]$INFO[Window.Property(Weekend.3.Date)][/COLOR]</label>
				</control>
				<!--icon-->
				<control type="image">
					<posx>15</posx>
					<posy>70</posy>
					<width>64</width>
					<height>64</height>
					<aspectratio>keep</aspectratio>
					<texture>$INFO[Window.Property(Weekend.3.OutlookIcon)]</texture>
				</control>
				<!--outlook-->
				<control type="label">
					<posx>94</posx>
					<posy>70</posy>
					<width>320</width>
					<font>titleAlt</font>
					<textcolor>Color1</textcolor>
					<label>$INFO[Window.Property(Weekend.3.Outlook)]</label>
				</control>
				<!--temps-->
				<control type="label">
					<posx>94</posx>
					<posy>85</posy>
					<height>58</height>
					<width>300</width>
					<font>smallCaps</font>
					<textcolor>Color1</textcolor>
					<label>$LOCALIZE[393] [B]$INFO[Window.Property(Weekend.3.HighTemperature),]$INFO[System.TemperatureUnits][/B] $LOCALIZE[391] [B]$INFO[Window.Property(Weekend.3.LowTemperature),]$INFO[System.TemperatureUnits][/B]</label>
				</control>
				<!--forecast-->
				<control type="textbox">
					<posx>20</posx>
					<posy>340</posy>
					<width>320</width>
					<height>130</height>
					<label>$INFO[Window.Property(Weekend.3.Forecast)]</label>
					<include>w+Description</include>
					<include>autoscroll-plot</include>
				</control>
				<!--stats-->
				<control type="grouplist">
					<posx>20</posx>
					<posy>150</posy>
					<itemgap>1</itemgap>
					<control type="label">
						<width>300</width>
						<include>w+Label</include>
						<label>$LOCALIZE[406]</label>
						<visible>IsEmpty(Window.Property(Weekend.3.Observed))</visible>
					</control>
					<control type="label">
						<width>300</width>
						<include>w+Label</include>
						<label>$LOCALIZE[403]</label>
						<visible>IsEmpty(Window.Property(Weekend.3.Observed))</visible>
					</control>
					<control type="label">
						<width>300</width>
						<include>w+Label</include>
						<label>$LOCALIZE[404]</label>
						<visible>IsEmpty(Window.Property(Weekend.3.Observed))</visible>
					</control>
					<control type="label">
						<width>300</width>
						<include>w+Label</include>
						<label>$LOCALIZE[33021]</label>
						<visible>IsEmpty(Window.Property(Weekend.3.Observed))</visible>
					</control>
					<control type="label">
						<width>300</width>
						<include>w+Label</include>
						<label>$LOCALIZE[33027]</label>
						<visible>IsEmpty(Window.Property(Weekend.3.Observed))</visible>
					</control>
					<control type="label">
						<width>300</width>
						<include>w+Label</include>
						<label>$LOCALIZE[33028]</label>
						<visible>IsEmpty(Window.Property(Weekend.3.Observed))</visible>
					</control>
					<!--observed precipitation label-->
					<control type="label">
						<width>300</width>
						<include>w+Label</include>
						<label>$LOCALIZE[33021]</label>
						<visible>!IsEmpty(Window.Property(Weekend.3.Observed))</visible>
					</control>
					<!--average high label-->
					<control type="label">
						<width>300</width>
						<include>w+Label</include>
						<label>$LOCALIZE[31910]</label>
						<visible>!IsEmpty(Window.Property(Weekend.3.Observed))</visible>
					</control>
					<!--average low label-->
					<control type="label">
						<width>300</width>
						<include>w+Label</include>
						<label>$LOCALIZE[31911]</label>
						<visible>!IsEmpty(Window.Property(Weekend.3.Observed))</visible>
					</control>
					<!--observed high label-->
					<control type="label">
						<width>300</width>
						<include>w+Label</include>
						<label>$LOCALIZE[31912]</label>
						<visible>!IsEmpty(Window.Property(Weekend.3.Observed))</visible>
					</control>
					<!--observed low label-->
					<control type="label">
						<width>300</width>
						<include>w+Label</include>
						<label>$LOCALIZE[31913]</label>
						<visible>!IsEmpty(Window.Property(Weekend.3.Observed))</visible>
					</control>
					<!--record high label-->
					<control type="label">
						<width>300</width>
						<include>w+Label</include>
						<label>$LOCALIZE[31914]</label>
						<visible>!IsEmpty(Window.Property(Weekend.3.Observed))</visible>
					</control>
					<!--record low label-->
					<control type="label">
						<width>300</width>
						<include>w+Label</include>
						<label>$LOCALIZE[31915]</label>
						<visible>!IsEmpty(Window.Property(Weekend.3.Observed))</visible>
					</control>
				</control>
				<control type="grouplist">
					<posx>40</posx>
					<posy>150</posy>
					<itemgap>1</itemgap>
					<!--humidity label-->
					<control type="label">
						<width>300</width>
						<align>right</align>
						<include>w+Label</include>
						<label>$INFO[Window.Property(weekend.3.Humidity),,%]</label>
						<visible>IsEmpty(Window.Property(Weekend.3.Observed))</visible>
					</control>
					<!--UV label-->
					<control type="label">
						<width>300</width>
						<align>right</align>
						<include>w+Label</include>
						<label>$INFO[Window.Property(weekend.3.UV)]</label>
						<visible>IsEmpty(Window.Property(Weekend.3.Observed))</visible>
					</control>
					<!--wind label-->
					<control type="label">
						<width>300</width>
						<align>right</align>
						<include>w+Label</include>
						<label>$INFO[Window.Property(weekend.3.Wind)]</label>
						<visible>IsEmpty(Window.Property(Weekend.3.Observed))</visible>
					</control>
					<!--precipitation label-->
					<control type="label">
						<width>300</width>
						<align>right</align>
						<include>w+Label</include>
						<label>$INFO[Window.Property(weekend.3.Precipitation),,%]</label>
						<visible>IsEmpty(Window.Property(Weekend.3.Observed))</visible>
					</control>
					<!--sunrise label-->
					<control type="label">
						<width>300</width>
						<align>right</align>
						<include>w+Label</include>
						<label>$INFO[Window.Property(weekend.3.Sunrise)]</label>
						<visible>IsEmpty(Window.Property(Weekend.3.Observed))</visible>
					</control>
					<!--sunset label-->
					<control type="label">
						<width>300</width>
						<align>right</align>
						<include>w+Label</include>
						<label>$INFO[Window.Property(weekend.3.Sunset)]</label>
						<visible>IsEmpty(Window.Property(Weekend.3.Observed))</visible>
					</control>
					<!--observed precipitation label-->
					<control type="label">
						<width>300</width>
						<align>right</align>
						<include>w+Label</include>
						<label>$INFO[Window.Property(Weekend.3.ObservedPrecipitation)]</label>
						<visible>!IsEmpty(Window.Property(Weekend.3.Observed))</visible>
					</control>
					<!--average high value-->
					<control type="label">
						<width>300</width>
						<align>right</align>
						<include>w+Label</include>
						<label>$INFO[Window.Property(Weekend.3.ObservedAvgHighTemperature)]$INFO[System.TemperatureUnits]</label>
						<visible>!IsEmpty(Window.Property(Weekend.3.Observed))</visible>
					</control>
					<!--average low value-->
					<control type="label">
						<width>300</width>
						<align>right</align>
						<include>w+Label</include>
						<label>$INFO[Window.Property(Weekend.3.ObservedAvgLowTemperature)]$INFO[System.TemperatureUnits]</label>
						<visible>!IsEmpty(Window.Property(Weekend.3.Observed))</visible>
					</control>
					<!--observed high value-->
					<control type="label">
						<width>300</width>
						<align>right</align>
						<include>w+Label</include>
						<label>$INFO[Window.Property(Weekend.3.HighTemperature)]$INFO[System.TemperatureUnits]</label>
						<visible>!IsEmpty(Window.Property(Weekend.3.Observed))</visible>
					</control>
					<!--observed low value-->
					<control type="label">
						<width>300</width>
						<align>right</align>
						<include>w+Label</include>
						<label>$INFO[Window.Property(Weekend.3.LowTemperature)]$INFO[System.TemperatureUnits]</label>
						<visible>!IsEmpty(Window.Property(Weekend.3.Observed))</visible>
					</control>
					<!--record high value-->
					<control type="label">
						<width>300</width>
						<align>right</align>
						<include>w+Label</include>
						<label>$INFO[Window.Property(Weekend.3.ObservedRecordHighTemperature)]$INFO[System.TemperatureUnits]</label>
						<visible>!IsEmpty(Window.Property(Weekend.3.Observed))</visible>
					</control>
					<!--record low value-->
					<control type="label">
						<width>300</width>
						<align>right</align>
						<include>w+Label</include>
						<label>$INFO[Window.Property(Weekend.3.ObservedRecordLowTemperature)]$INFO[System.TemperatureUnits]</label>
						<visible>!IsEmpty(Window.Property(Weekend.3.Observed))</visible>
					</control>
				</control>
			</control>
		</control>
	</include>
</includes>
