<window id="609">
	<defaultcontrol always="true">11</defaultcontrol>
	<include>dialogOpen</include>
	<coordinates>
		<system>1</system>
		<posx>290</posx>
		<posy>300</posy>
	</coordinates>

	<controls>
		<control type="group">
			<control type="image">
				<width>700</width>
				<height>375</height>
				<include>dialogWindow</include>
			</control>
			<control type="label" id="1">
				<description>heading label</description>
				<width>662</width>
				<scroll>true</scroll>
				<label>$LOCALIZE[19023] - $INFO[VideoPlayer.ChannelGroup]</label>
				<include>dialogHeading</include>
				<visible>pvr.IsPlayingTV</visible>
			</control>
			
			<control type="image">
				<posx>19</posx>
				<posy>75</posy>
				<width>662</width>
				<include>dialogSeparator</include>
			</control>
			<control type="image">
				<posx>168</posx>
				<posy>76</posy>
				<width>1</width>
				<height>258</height>
				<texture>dialogs/separator-y.png</texture>
			</control>
			
			<control type="list" id="11">
				<posx>19</posx>
				<posy>75</posy>
				<width>663</width>
				<height>260</height>
				<onleft>5</onleft>
				<onright>5</onright>
				<onup>3</onup>
				<ondown>3</ondown>
				<scrolltime>200</scrolltime>
				<itemlayout width="663" height="65">
					<control type="image">
						<width>663</width>
						<height>65</height>
						<texture border="3">dialogs/list-nofocus.png</texture>
					</control>
					<control type="label">
						<posx>165</posx>
						<height>40</height>
						<width>520</width>
						<label>[B]$INFO[ListItem.Title][/B]</label>
						<include>dialog_CommonListItem</include>
					</control>
					<control type="label">
						<posx>165</posx>
						<posy>25</posy>
						<width>520</width>
						<height>40</height>
						<align>left</align>
						<font>smallCaps</font>
						<label>$INFO[ListItem.ChannelNumber] - $INFO[ListItem.Label]</label>
						<include>dialog_CommonListItem</include>
					</control>
					<control type="image">
						<posx>10</posx>
						<posy>11</posy>
						<width>128</width>
						<height>42</height>
						<aspectratio align="center">keep</aspectratio>
						<texture fallback="flags/networks/default.png">$INFO[Listitem.ChannelName,flags/networks/mono/,.png]</texture>
						<colordiffuse>Color4</colordiffuse>
						<visible>IsEmpty(ListItem.Icon)</visible>
					</control>
					<control type="image">
						<posx>625</posx>
						<posy>22</posy>
						<width>22</width>
						<height>22</height>
						<texture>epg/status_none.png</texture>
						<visible>![ListItem.HasTimer + ListItem.IsRecording]</visible>
						<colordiffuse>Color4</colordiffuse>
					</control>
					<control type="image">
						<posx>625</posx>
						<posy>22</posy>
						<width>22</width>
						<height>22</height>
						<texture>epg/status_timer.png</texture>
						<visible>ListItem.HasTimer</visible>
						<colordiffuse>Color4</colordiffuse>
					</control>
					<control type="image">
						<posx>625</posx>
						<posy>22</posy>
						<width>22</width>
						<height>22</height>
						<texture>epg/status_recording.png</texture>
						<visible>ListItem.IsRecording</visible>
						<colordiffuse>Color4</colordiffuse>
					</control>
				</itemlayout>
				<focusedlayout width="663" height="65">
					<control type="image">
						<width>663</width>
						<height>65</height>
						<texture>dialogs/list-focus.png</texture>
					</control>
					<control type="label">
						<posx>165</posx>
						<height>40</height>
						<width>520</width>
						<label>[B]$INFO[ListItem.Title][/B]</label>
						<include>dialog_CommonListItemFocus</include>
					</control>
					<control type="label">
						<posx>165</posx>
						<posy>25</posy>
						<width>520</width>
						<height>40</height>
						<align>left</align>
						<font>smallCaps</font>
						<label>$INFO[ListItem.ChannelNumber] - $INFO[ListItem.Label]</label>
						<include>dialog_CommonListItemFocus</include>
					</control>
					<control type="image">
						<posx>10</posx>
						<posy>11</posy>
						<width>128</width>
						<height>42</height>
						<aspectratio align="center">keep</aspectratio>
						<texture fallback="flags/networks/default.png">$INFO[Listitem.ChannelName,flags/networks/mono/,.png]</texture>
						<colordiffuse>Color1</colordiffuse>
						<visible>IsEmpty(ListItem.Icon)</visible>
					</control>
					<control type="image">
						<posx>625</posx>
						<posy>22</posy>
						<width>22</width>
						<height>22</height>
						<texture>epg/status_none.png</texture>
						<visible>![ListItem.HasTimer + ListItem.IsRecording]</visible>
						<colordiffuse>Selected</colordiffuse>
					</control>
					<control type="image">
						<posx>625</posx>
						<posy>22</posy>
						<width>22</width>
						<height>22</height>
						<texture>epg/status_timer.png</texture>
						<visible>ListItem.HasTimer</visible>
						<colordiffuse>Selected</colordiffuse>
					</control>
					<control type="image">
						<posx>625</posx>
						<posy>22</posy>
						<width>22</width>
						<height>22</height>
						<texture>epg/status_recording.png</texture>
						<visible>ListItem.IsRecording</visible>
						<colordiffuse>Selected</colordiffuse>
					</control>
				</focusedlayout>
			</control>
		</control>
	</controls>
</window>