﻿<window id="126">
	<defaultcontrol always="true">450</defaultcontrol>
	<include>dialogOpen</include>
	<coordinates>
		<system>1</system>
		<posx>172</posx>
		<posy>88</posy>
	</coordinates>

	<controls>
		<control type="group">
			<control type="image">
				<width>937</width>
				<height>545</height>
				<include>dialogWindow</include>
			</control>			
			<control type="label" id="411">
				<description>heading label</description>
				<width>869</width>
				<include>dialogHeading</include>
				<label>1023</label>
			</control>
			<control type="image">
				<posx>19</posx>
				<posy>75</posy>
				<width>900</width>
				<include>dialogSeparator</include>
			</control>
			<control type="image">
				<posx>19</posx>
				<posy>115</posy>
				<width>900</width>
				<include>dialogSeparator</include>
			</control>
			<control type="image">
				<posx>19</posx>
				<posy>454</posy>
				<width>900</width>
				<include>dialogSeparator</include>
				<visible>Control.IsVisible(451)</visible>
			</control>
			<control type="image">
				<posx>19</posx>
				<posy>284</posy>
				<width>900</width>
				<include>dialogSeparator</include>
				<visible>Control.IsVisible(451) + stringcompare(Control.GetLabel(411),$LOCALIZE[20437])</visible>
			</control>

			<control type="group" id="9002">
				<control type="label" id="412">
					<description>path label control</description>
					<posx>34</posx>
					<posy>81</posy>
					<width>900</width>
					<align>left</align>
					<font>normal</font>
					<haspath>true</haspath>
					<textcolor>Color4</textcolor>
				</control>

				<control type="list" id="450">
					<posx>19</posx>
					<posy>116</posy>
					<width>900</width>
					<height>320</height>
					<onleft>-</onleft>
					<onright>9001</onright>
					<onup>450</onup>
					<ondown>450</ondown>
					<pagecontrol>60</pagecontrol>
					<scrolltime>200</scrolltime>	
					<itemlayout height="40">
						<control type="image">
							<width>900</width>
							<include>dialog_CommonList</include>
						</control>
						<control type="image">
							<posx>15</posx>
							<posy>4</posy>
							<width>32</width>
							<height>32</height>
							<info>ListItem.ActualIcon</info>
						</control>
						<control type="label">
							<posx>60</posx>
							<width>825</width>
							<info>ListItem.Label</info>
							<include>dialog_CommonListItem</include>
						</control>
					</itemlayout>
					<focusedlayout height="40">
						<control type="image">
							<width>900</width>
							<include>dialog_CommonListFocus</include>
						</control>
						<control type="image">
							<posx>15</posx>
							<posy>4</posy>
							<width>32</width>
							<height>32</height>
							<info>ListItem.ActualIcon</info>
						</control>
						<control type="label">
							<posx>60</posx>
							<width>825</width>
							<info>ListItem.Label</info>
							<include>dialog_CommonListItemFocus</include>
						</control>
					</focusedlayout>
				</control>

				<control type="panel" id="451">
					<posx>19</posx>
					<posy>116</posy>
					<width>900</width>
					<height>338</height>
					<onleft>451</onleft>
					<onright>451</onright>
					<onup>9001</onup>
					<ondown>9001</ondown>
					<scrolltime>200</scrolltime>
					<viewtype>icon</viewtype>
					<pagecontrol>60</pagecontrol>
					<orientation>horizontal</orientation>
					<itemlayout height="169" width="300" condition="stringcompare(Control.GetLabel(411),$LOCALIZE[20437])">	
						<control type="image">
							<posx>300</posx>
							<posy>0</posy>
							<width>1</width>
							<height>338</height>
							<texture>dialogs/separator-y.png</texture>
							<animation effect="fade" end="45" time="0" condition="true">Conditional</animation>
						</control>
						<control type="image">
							<width>300</width>
							<height>169</height>
							<texture background="true">$INFO[ListItem.Thumb]</texture>
							<aspectratio align="left">stretch</aspectratio>
							<animation effect="fade" end="45" time="0" condition="true">Conditional</animation>
						</control>
						<control type="image">
							<posx>118</posx>
							<posy>52</posy>
							<width>64</width>
							<height>64</height>
							<texture>$INFO[ListItem.ActualIcon]</texture>
							<aspectratio>keep</aspectratio>
							<animation effect="fade" end="45" time="0" condition="true">Conditional</animation>
							<visible>IsEmpty(ListItem.Thumb)</visible>
						</control>
					</itemlayout>
					<focusedlayout height="169" width="300" condition="stringcompare(Control.GetLabel(411),$LOCALIZE[20437])">
						<control type="image">
							<posx>300</posx>
							<posy>0</posy>
							<width>1</width>
							<height>338</height>
							<texture>dialogs/separator-y.png</texture>
							<animation effect="fade" end="45" time="0" condition="true">Conditional</animation>
						</control>
						<control type="image">
							<width>300</width>
							<height>169</height>
							<texture background="true">$INFO[ListItem.Thumb]</texture>
							<aspectratio align="left">stretch</aspectratio>
						</control>
						<control type="image">
							<posx>118</posx>
							<posy>52</posy>
							<width>64</width>
							<height>64</height>
							<texture>$INFO[ListItem.ActualIcon]</texture>
							<aspectratio>keep</aspectratio>
							<visible>IsEmpty(ListItem.Thumb)</visible>
						</control>
					</focusedlayout>
					<itemlayout height="338" width="225" condition="stringcompare(Control.GetLabel(411),$LOCALIZE[20019])">
						<control type="image">
							<posx>225</posx>
							<posy>0</posy>
							<width>1</width>
							<height>338</height>
							<texture>dialogs/separator-y.png</texture>
						</control>
						<control type="image">
							<width>225</width>
							<height>338</height>
							<texture background="true">$INFO[ListItem.Thumb]</texture>
							<aspectratio align="left">stretch</aspectratio>
							<animation effect="fade" end="45" time="0" condition="true">Conditional</animation>
						</control>
						<control type="image">
							<posx>80</posx>
							<posy>137</posy>
							<width>64</width>
							<height>64</height>
							<texture>$INFO[ListItem.ActualIcon]</texture>
							<aspectratio>keep</aspectratio>
							<animation effect="fade" end="45" time="0" condition="true">Conditional</animation>
							<visible>IsEmpty(ListItem.Thumb)</visible>
						</control>
					</itemlayout>
					<focusedlayout height="338" width="225" condition="stringcompare(Control.GetLabel(411),$LOCALIZE[20019])">
						<control type="image">
							<posx>225</posx>
							<posy>0</posy>
							<width>1</width>
							<height>338</height>
							<texture>dialogs/separator-y.png</texture>
						</control>
						<control type="image">
							<width>225</width>
							<height>338</height>
							<texture background="true">$INFO[ListItem.Thumb]</texture>
							<aspectratio align="left">stretch</aspectratio>
						</control>
						<control type="image">
							<posx>80</posx>
							<posy>137</posy>
							<width>64</width>
							<height>64</height>
							<texture>$INFO[ListItem.ActualIcon]</texture>
							<aspectratio>keep</aspectratio>
							<visible>IsEmpty(ListItem.Thumb)</visible>
						</control>
					</focusedlayout>
				</control>
			</control>

			<control type="group" id="9001">
				<posx>34</posx>
				<posy>470</posy>
				<control type="button" id="415">
					<description>Create folder button</description>
					<label>119</label>
					<onleft>414</onleft>
					<onright>413</onright>
					<onup>9002</onup>
					<ondown>9002</ondown>
					<include>dialogConfirmButton</include>
				</control>
				<control type="button" id="413">
					<description>OK button</description>
					<posx>615</posx>
					<label>186</label>
					<onleft>415</onleft>
					<onright>414</onright>
					<onup>9002</onup>
					<ondown>9002</ondown>
					<include>dialogConfirmButton</include>
				</control>
				<control type="button" id="414">
					<description>Cancel button</description>
					<posx>750</posx>
					<label>222</label>
					<onleft>413</onleft>
					<onright>415</onright>
					<onup>9002</onup>
					<ondown>9002</ondown>
					<include>dialogConfirmButton</include>
				</control>				
			</control>		
		</control>
	</controls>
</window>