﻿<includes>
	<include name="dialogWindow">
		<texture border="29">dialogs/dialogWindow.png</texture>
	</include>
	
	<include name="infodialog_Button">
		<width>125</width>
		<font>normal</font>
		<align>center</align>
		<textoffsety>2</textoffsety>
		<textcolor>Color1</textcolor>
		<focusedcolor>Color1</focusedcolor>
		<texturenofocus border="8">epg/column_focus2.png</texturenofocus>
		<texturefocus border="8">epg/column_focus.png</texturefocus>
		<colordiffuse>tv3</colordiffuse>
	</include>
	
	<include name="dialog_CommonListItem">
		<posx>15</posx>
		<height>35</height>
		<font>small</font>
		<align>left</align>
		<aligny>center</aligny>
		<textcolor>Color4</textcolor>
		<selectedcolor>Selected</selectedcolor>
	</include>
	<include name="dialog_CommonList">
		<height>40</height>
		<texture border="3">dialogs/list-nofocus.png</texture>
	</include>
	<include name="dialog_CommonListItemFocus">
		<posx>15</posx>
		<height>35</height>
		<font>small</font>
		<align>left</align>
		<aligny>center</aligny>
		<textcolor>Color1</textcolor>
		<selectedcolor>Selected</selectedcolor>
	</include>
	<include name="dialog_CommonListFocus">
		<height>40</height>
		<texture border="3">dialogs/list-focus.png</texture>
	</include>
	
	<include name="contextMenuButton">
		<font>small</font>
		<textcolor>Color4</textcolor>
		<focusedcolor>Color1</focusedcolor>
		<texturenofocus border="0">dialogs/list-nofocus.png</texturenofocus>
		<texturefocus border="0">dialogs/list-focus.png</texturefocus>
		<height>38</height>
		<align>left</align>
		<textoffsety>4</textoffsety>
		<textoffsetx>20</textoffsetx>
	</include>
	
	<include name="dialogLabel">
		<height>40</height>
		<align>left</align>
		<aligny>center</aligny>
		<font>small</font>
		<textcolor>Color4</textcolor>
		<textoffsetx>15</textoffsetx>
		<textoffsety>10</textoffsety>
	</include>
	<include name="dialogLabelBold">
		<height>40</height>
		<align>left</align>
		<aligny>center</aligny>
		<font>smallBold</font>
		<textcolor>Color4</textcolor>
		<textoffsetx>15</textoffsetx>
		<textoffsety>10</textoffsety>
	</include>
	<include name="dialogLabelAlt">
		<height>40</height>
		<align>left</align>
		<aligny>center</aligny>
		<font>smallCaps</font>
		<textcolor>Color4</textcolor>
		<textoffsetx>15</textoffsetx>
		<textoffsety>10</textoffsety>
	</include>

	<include name="dialogTextBox">
		<align>left</align>
		<aligny>top</aligny>
		<font>smallAlt</font>
		<textcolor>Color4</textcolor>
	</include>
	
	<include name="dialogHeading">
		<posx>34</posx>
		<posy>28</posy>
		<font>dialog1</font>
		<align>center</align>
		<aligny>center</aligny>
		<height>30</height>
		<textcolor>Color4</textcolor>
		<scroll>false</scroll>
	</include>
	<include name="dialogLine">
		<posx>34</posx>
		<height>22</height>
		<align>center</align>
		<aligny>center</aligny>
		<font>dialog2</font>
		<textcolor>Color4</textcolor>
		<scroll>false</scroll>
	</include>

	<include name="dialogSubHeading">
		<height>22</height>
		<align>left</align>
		<aligny>center</aligny>
		<font>dialog2</font>
		<textcolor>Color4</textcolor>
	</include>

	<include name="dialogButton">	
		<width>120</width>
		<height>42</height>
		<font>small</font>
		<align>center</align>
		<aligny>-</aligny>
		<textoffsety>5</textoffsety>
		<texturenofocus border="20">dialogs/buttonD.png</texturenofocus>
		<texturefocus border="20,16,20,16">dialogs/buttonD-focus.png</texturefocus>
		<textcolor>Color4</textcolor>
		<focusedcolor>Color1</focusedcolor>
	</include>


	<include name="dialogConfirmButton">	
		<width>120</width>
		<height>42</height>
		<font>dialogConfirmButton</font>
		<align>center</align>
		<aligny>-</aligny>
		<textoffsety>5</textoffsety>
		<texturenofocus border="20">dialogs/buttonD.png</texturenofocus>
		<texturefocus border="20,16,20,16">dialogs/buttonD-focus.png</texturefocus>
		<textcolor>Color4</textcolor>
		<focusedcolor>Color1</focusedcolor>
	</include>

	<include name="dialogListButton">
		<textcolor>Color4</textcolor>
		<focusedcolor>Color1</focusedcolor>
		<font>small</font>
		<textoffsetx>15</textoffsetx>
		<textoffsety>5</textoffsety>
		<height>40</height>
		<pulseonselect>false</pulseonselect>
		<texturefocus border="3">dialogs/list-focus.png</texturefocus>
		<texturenofocus border="3">dialogs/list-nofocus.png</texturenofocus>
	</include>
	<include name="dialogListLabel">
		<textcolor>Color4</textcolor>
		<font>small</font>
		<textoffsetx>15</textoffsetx>
		<textoffsety>-2</textoffsety>
		<aligny>center</aligny>
		<height>40</height>
		<texture border="3">dialogs/list-nofocus.png</texture>
	</include>

	<include name="dialogTextField">	
		<height>40</height>
		<font>smallAlt</font>
		<align>center</align>
		<textoffsety>5</textoffsety>
		<texturenofocus border="10,0,10,0">dialogs/textField.png</texturenofocus>
		<texturefocus border="10,0,10,0">dialogs/textFieldFocus.png</texturefocus>
		<textcolor>Color4</textcolor>
		<shadowcolor>fff4f4f4</shadowcolor>
		<focusedcolor>Color4</focusedcolor>
		<pulseonselect>false</pulseonselect>
	</include>

	<include name="dialogRadio">
		<textcolor>Color4</textcolor>
		<focusedcolor>Color1</focusedcolor>
		<font>small</font>
		<height>40</height>
		<texturefocus border="3">dialogs/list-focus.png</texturefocus>
		<texturenofocus border="3">dialogs/list-nofocus.png</texturenofocus>
		<textureradiofocus>dialogs/radioOn.png</textureradiofocus>
		<textureradionofocus>dialogs/radioOff.png</textureradionofocus>
		<radioheight>24</radioheight>
		<radiowidth>48</radiowidth>
		<textoffsetx>15</textoffsetx>
		<textoffsety>6</textoffsety>
		<pulseonselect>false</pulseonselect>
	</include>
	<include name="dialogSpin">
		<posy>0</posy>
		<textcolor>Color4</textcolor>
		<textoffsetx>15</textoffsetx>
		<focusedcolor>Color1</focusedcolor>
		<font>small</font>
		<textoffsetx>15</textoffsetx>
		<textoffsety>-2</textoffsety>
		<aligny>center</aligny>
		<height>40</height>
		<texturefocus border="3">dialogs/list-focus.png</texturefocus>
		<texturenofocus border="3">dialogs/list-nofocus.png</texturenofocus>
		<textureup>dialogs/scrollUp.png</textureup>
		<texturedown>dialogs/scrollDown.png</texturedown>
		<textureupfocus>dialogs/scrollUp-focus.png</textureupfocus>
		<texturedownfocus>dialogs/scrollDown-focus.png</texturedownfocus>
		<reverse>yes</reverse>
		<spinwidth>26</spinwidth>
		<spinheight>26</spinheight>
	</include>

	<include name="dialogSlider">
		<texturefocus border="3">dialogs/list-focus.png</texturefocus>
		<texturenofocus border="3">dialogs/list-nofocus.png</texturenofocus>
		<texturesliderbar>osd/sliderBGsmall.png</texturesliderbar>
		<textureslidernib>osd/sliderNib.png</textureslidernib>
		<textureslidernibfocus>osd/sliderNibsmall.png</textureslidernibfocus>
		<sliderwidth>210</sliderwidth>
		<sliderheight>32</sliderheight>
		<font>small</font>
		<height>40</height>
		<textcolor>Color4</textcolor>
		<focusedcolor>Color1</focusedcolor>
		<textoffsetx>15</textoffsetx>
		<pulseonselect>false</pulseonselect>
	</include>


	<include name="dialogScroller">
		<width>20</width>
		<texturesliderbackground border="4,7,4,7">dialogScrollerBackground.png</texturesliderbackground>
		<texturesliderbar border="4">scrollbar_bar.png</texturesliderbar>
		<texturesliderbarfocus border="4">scrollbar_bar_focus.png</texturesliderbarfocus>
		<textureslidernib>white.png</textureslidernib>
		<textureslidernibfocus>-</textureslidernibfocus>
		<orientation>vertical</orientation>
	</include>

	<include name="dialogSeparator">
		<height>1</height>
		<texture>dialogs/separator.png</texture>
	</include>
	<include name="dialogSeparatorVertical">
		<width>1</width>
		<texture>dialogs/separator-y.png</texture>
	</include>


	<include name="keyboardButton">
		<font>keyboard</font>
		<texturenofocus border="8,3,8,3">dialogs/buttonKB.png</texturenofocus>
		<texturefocus border="8,3,8,3">dialogs/buttonKB-focus.png</texturefocus>
		<textcolor>Color4</textcolor>
		<focusedcolor>Color1</focusedcolor>
		<width>48</width>
		<height>48</height>
		<align>center</align>
		<textoffsety>9</textoffsety>
	</include>
	
	<include name="infoDialogMeta">
		<height>20</height>
		<aligny>center</aligny>
		<font>smallCaps</font>
		<textcolor>Color2</textcolor>
	</include>
	<include name="infoDialogMeta2">
		<height>22</height>
		<aligny>center</aligny>
		<font>normal</font>
		<textcolor>Color2</textcolor>
	</include>
	
	
</includes>