﻿<window id="2000">
	<defaultcontrol>3</defaultcontrol>
	<include>dialogOpen</include>
	<coordinates>
		<system>1</system>
		<posx>340</posx>
		<posy>72</posy>
	</coordinates>

	<controls>
		<control type="group">
			<animation effect="fade" start="400" end="50" time="500" condition="Window.IsActive(virtualkeyboard)">Conditional</animation>
			<control type="image">
				<width>650</width>
				<height>576</height>
				<include>dialogWindow</include>
			</control>
			<control type="label" id="1">
				<description>heading label</description>
				<width>582</width>
				<scroll>true</scroll>
				<include>dialogHeading</include>
			</control>
			<control type="image">
				<posx>19</posx>
				<posy>75</posy>
				<width>612</width>
				<include>dialogSeparator</include>
			</control>
			<control type="image">
				<posx>147</posx>
				<posy>76</posy>
				<width>1</width>
				<height>384</height>
				<texture>dialogs/separator-y.png</texture>
				<visible>Control.IsVisible(6)</visible>
			</control>

			<control type="list" id="3">
				<posx>19</posx>
				<posy>75</posy>
				<width>613</width>
				<height>400</height>
				<onleft>5</onleft>
				<onright>5</onright>
				<onup>3</onup>
				<ondown>3</ondown>
				<scrolltime>200</scrolltime>
				<itemlayout height="40">
					<control type="image">
						<posy>0</posy>
						<width>612</width>
						<height>40</height>
						<texture>dialogs/list-nofocus.png</texture>
					</control>
					<control type="label">
						<width>573</width>
						<label>$INFO[ListItem.Label]</label>
						<include>dialog_CommonListItem</include>
					</control>
				</itemlayout>
				<focusedlayout height="40">
					<control type="image">
						<posy>0</posy>
						<width>613</width>
						<height>40</height>
						<texture>dialogs/list-focus.png</texture>
					</control>
					<control type="label">
						<width>573</width>
						<label>$INFO[ListItem.Label]</label>
						<include>dialog_CommonListItemFocus</include>
					</control>
				</focusedlayout>
			</control>

			<control type="list" id="6">
				<posx>19</posx>
				<posy>76</posy>
				<width>613</width>
				<height>384</height>
				<onleft>5</onleft>
				<onright>5</onright>
				<onup>6</onup>
				<ondown>6</ondown>
				<scrolltime>150</scrolltime>
				<itemlayout width="600" height="128">
					<control type="image">
						<width>613</width>
						<height>128</height>
						<include>dialog_CommonList</include>
					</control>
					<control type="image">
						<width>128</width>
						<height>128</height>
						<aspectratio align="left">stretch</aspectratio>
						<texture fallback="thumbs/addon.png">$INFO[ListItem.Thumb]</texture>
					</control>
					<control type="label">
						<posx>150</posx>
						<posy>14</posy>
						<width>473</width>
						<label>[B]$INFO[ListItem.Label][/B]</label>
						<font>listBig</font>
						<include>dialog_CommonListItem</include>
					</control>
					<control type="label">
						<posx>150</posx>
						<posy>44</posy>
						<width>450</width>
						<label>$LOCALIZE[21863]$INFO[ListItem.Property(Addon.Creator),: ]</label>
						<include>dialog_CommonListItem</include>
					</control>
					<control type="label">
						<posx>150</posx>
						<posy>70</posy>
						<width>450</width>
						<label>$LOCALIZE[24051] $INFO[ListItem.Property(Addon.Version)]</label>
						<include>dialog_CommonListItem</include>
						<visible>!IsEmpty(ListItem.Property(Addon.Version))</visible>
					</control>
				</itemlayout>
				<focusedlayout width="600" height="128">
					<control type="image">
						<width>613</width>
						<height>128</height>
						<include>dialog_CommonListFocus</include>
					</control>
					<control type="image">
						<width>128</width>
						<height>128</height>
						<aspectratio align="left">stretch</aspectratio>
						<texture fallback="thumbs/addon.png">$INFO[ListItem.Thumb]</texture>
					</control>	
					<control type="label">
						<posx>150</posx>
						<posy>14</posy>
						<width>473</width>
						<label>[B]$INFO[ListItem.Label][/B]</label>
						<font>listBig</font>
						<include>dialog_CommonListItemFocus</include>
					</control>
					<control type="label">
						<posx>150</posx>
						<posy>44</posy>
						<width>450</width>
						<label>$LOCALIZE[21863]$INFO[ListItem.Property(Addon.Creator),: ]</label>
						<include>dialog_CommonListItemFocus</include>
					</control>
					<control type="label">
						<posx>150</posx>
						<posy>70</posy>
						<width>450</width>
						<label>$LOCALIZE[24051] $INFO[ListItem.Property(Addon.Version)]</label>
						<include>dialog_CommonListItemFocus</include>
						<visible>!IsEmpty(ListItem.Property(Addon.Version))</visible>
					</control>
				</focusedlayout>
			</control>
			<control type="image">
				<posx>19</posx>
				<posy>460</posy>
				<width>612</width>
				<include>dialogSeparator</include>
				<visible>Control.IsVisible(6)</visible>
			</control>
			<control type="button" id="5">
				<description>manual button</description>
				<posx>34</posx>
				<posy>500</posy>
				<width>120</width>
				<label>368</label>
				<onleft>3</onleft>
				<onright>3</onright>
				<onup>3</onup>
				<ondown>3</ondown>
				<include>dialogConfirmButton</include>
			</control>
		</control>
	</controls>
</window>
