﻿<window id="2004">
	<defaultcontrol>10</defaultcontrol>
	<include>dialogOpen</include>
	<coordinates>
		<system>1</system>
		<posx>340</posx>
		<posy>78</posy>
	</coordinates>
	<controls>
		<control type="image" id="0">
			<width>600</width>
			<height>570</height>
			<include>dialogWindow</include>
		</control>
		<control type="label" id="1">
			<description>Heading Label</description>
			<posx>34</posx>
			<width>532</width>
			<label>262</label>
			<include>dialogHeading</include>
		</control>
		<control type="image">
			<posx>19</posx>
			<posy>71</posy>
			<width>563</width>
			<include>dialogSeparator</include>
		</control>
		<control type="image">
			<posx>19</posx>
			<posy>480</posy>
			<width>563</width>
			<include>dialogSeparator</include>
		</control>
		<control type="group">
			<posx>34</posx>
			<posy>73</posy>
			<control type="textbox" id="5">
				<description>textarea</description>
				<width>532</width>
				<height>406</height>
				<align>left</align>
				<textcolor>Color4</textcolor>
				<include>dialogTextBox</include>
				<pagecontrol>111</pagecontrol>
				<autoscroll delay="6000" time="3000" repeat="100">!Control.HasFocus(111)</autoscroll>
			</control>
		</control>
		<control type="group" id="9000">
			<posx>34</posx>
			<posy>495</posy>
			<control type="button" id="10">
				<description>Ok Button</description>
				<label>186</label>
				<onleft>111</onleft>
				<onright>111</onright>
				<include>dialogButton</include>
				<onclick>Dialog.Close(textviewer)</onclick>
			</control>
			<control type="spincontrol" id="111">
				<posx>465</posx>
				<posy>5</posy>
				<width>32</width>
				<height>32</height>
				<font>small</font>
				<textcolor>Color4</textcolor>
				<focusedcolor>Color5</focusedcolor>
				<align>right</align>
				<onleft>10</onleft>
				<onright>10</onright>
				<subtype>page</subtype>
				<showonepage>false</showonepage>
				<include>dialogSpin</include>
			</control>
		</control>
	</controls>
</window>
