﻿<window id="25">
	<defaultcontrol always="true">50</defaultcontrol>
	<allowoverlay>yes</allowoverlay>
	<views>50,51,52,53,54,541,55,56,561,57,571,573,574,575,58,59,511</views>

	<controls>
		<include>themeBackground2</include>	
		<include>pagelabels_Video</include>
		<include>allscreens</include>
		<include>PageControls</include>
		<include>nav_Indicator</include>
		<include>view_Banner</include>
		<include>view_BannerWide</include>
		<include>view_GalleryFull</include>
		<include>view_ThumbHigh</include>
		<include>view_ThumbWide</include>
		<include>view_Thumbs</include>
		<include>view_GalleryPoster</include>


<!-- FAKE TRIGGER BUTTON ----------------------------------------->	
		<control type="button" id="8000">
			<label>SHOULD NOT SEE ME</label>
			<onup>53</onup>
			<ondown>53</ondown>
			<onleft>53</onleft>
			<onright>53</onright>
			<width>500</width>
			<visible allowhiddenfocus="true">false</visible>
		</control>

<!-- LIST VIEW ---------------------------------------->
		<include>view_ListVideo</include>

	<!---landscape------>
		<control type="group">
			<include>toggle_Menu</include>
			<include>infoDialogHide</include>
			<include>transition_Container</include>
			<visible>Control.IsVisible(50) + !substring(container.folderpath,plugin://)</visible>
			<control type="group">
				<posx>655</posx>
				<posy>68</posy>
				<visible>!stringcompare(container.folderpath,plugin://plugin.video.apple.movie.trailers.lite/) + [[Container.Content(movies) | Container.Content(tvshows)] + Skin.HasSetting(ListViewFanart)] | Container.Content(artists) | Container.Content(musicvideos) | Container.Content(episodes) | Container.Content(files)</visible>
				<control type="group">
					<visible>!substring(Container.FolderPath,plugin)</visible>
					<control type="image">
						<include>frame_Landscape-List</include>
						<visible>!IsEmpty(Container.FolderName) + !Container.Content(files)</visible>
					</control>
					<control type="image">
						<texture fallback="thumbs/movie_landscape.png" background="true">$INFO[ListItem.Property(Fanart_Image)]</texture>
						<include>thumb_Landscape-List</include>
						<visible>Container.Content(movies)</visible>
					</control>
					<control type="image">
						<texture fallback="thumbs/tvshow_landscape.png" background="true">$INFO[ListItem.Property(Fanart_Image)]</texture>
						<include>thumb_Landscape-List</include>
						<visible>Container.Content(tvshows)</visible>
					</control>
					<control type="image">
						<texture fallback="thumbs/artist_landscape.png" background="true">$INFO[ListItem.Property(Fanart_Image)]</texture>
						<include>thumb_Landscape-List</include>
						<visible>Container.Content(artists)</visible>
					</control>
					<control type="image">
						<texture fallback="thumbs/tvshow_landscape.png" background="true">$INFO[Fanart.Image]</texture>
						<include>thumb_Landscape-List</include>
						<visible>Container.Content(episodes) + IsEmpty(ListItem.Title)</visible>
					</control>
					<control type="image">
						<texture fallback="thumbs/tvshow_landscape.png" background="true">$INFO[ListItem.Thumb]</texture>
						<include>thumb_Landscape-List</include>
						<visible>Container.Content(episodes) + !IsEmpty(ListItem.Title)</visible>
					</control>
					<control type="image">
						<texture fallback="thumbs/music_landscape.png" background="true">$INFO[ListItem.Thumb]</texture>
						<include>thumb_Landscape-List</include>
						<visible>Container.Content(musicvideos)</visible>
					</control>
					<control type="image">
						<posx>22</posx>
						<posy>220</posy>
						<width>542</width>
						<height>96</height>
						<texture background="true">$INFO[ListItem.path]logo.png</texture>
						<aspectratio align="center">keep</aspectratio>
						<include>thumbFadeTime</include>
						<visible>Container.Content(tvshows) + Skin.HasSetting(tvshowlogos.enable)</visible>
					</control>
				</control>
				<control type="image">
					<posx>532</posx>
					<posy>295</posy>
					<include>watchedOverlay</include>
					<visible>[Container.Content(movies) + Skin.HasSetting(overlay.movies)] | [Container.Content(tvshows) + Skin.HasSetting(overlay.tvshows)] | [Container.Content(episodes) + Skin.HasSetting(overlay.episodes)]</visible>
				</control>
			</control>
			<control type="group">
				<posx>685</posx>
				<posy>420</posy>
				<visible>Control.IsVisible(50) + !stringcompare(container.folderpath,plugin://plugin.video.apple.movie.trailers.lite/)</visible>
				<include>transition_Container</include>
				<control type="textbox">
					<width>525</width>
					<height>244</height>
					<align>left</align>
					<aligny>top</aligny>
					<label>$INFO[ListItem.Plot]</label>
					<textcolor>Color7</textcolor>
					<font>descriptionSmall</font>
					<visible>Skin.HasSetting(ListViewFanart) + [Container.Content(movies) | Container.Content(tvshows)] | [Container.Content(episodes) + !IsEmpty(ListItem.Title)]</visible>
				</control>
				<control type="textbox">
					<width>525</width>
					<height>244</height>
					<align>left</align>
					<aligny>top</aligny>
					<label>$INFO[Container.ShowPlot]</label>
					<textcolor>Color7</textcolor>
					<font>descriptionSmall</font>
					<visible>Container.Content(episodes) + IsEmpty(ListItem.Title)</visible>
				</control>
			</control>
		</control>

	<!--- portrait------>
		<control type="group">
			<posx>750</posx>
			<posy>52</posy>
			<include>toggle_Menu</include>
			<include>infoDialogHide</include>
			<include>transition_Container</include>
			<visible>Control.IsVisible(50) + [!IsEmpty(Container.FolderPath) + !substring(container.folderpath,plugin://plugin.video) + [[Container.Content(movies) + !Skin.HasSetting(ListViewFanart)] | [Container.Content(tvshows) + !Skin.HasSetting(ListViewFanart)] | Container.Content(seasons) | Container.Content(actors)] | stringcompare(container.folderpath,plugin://plugin.video.apple.movie.trailers.lite/)]</visible>
			<control type="group">
				<control type="image">
					<include>frame_Poster-List</include>
				</control>
				<control type="image">
					<texture fallback="thumbs/movie_portrait.png" background="true">$INFO[ListItem.Thumb]</texture>
					<include>thumb_Portrait-List</include>
					<visible>Container.Content(movies)</visible>
				</control>
				<control type="image">
					<texture fallback="thumbs/tvshow_portrait.png" background="true">$INFO[ListItem.Thumb]</texture>
					<include>thumb_Portrait-List</include>
					<visible>Container.Content(tvshows) | Container.Content(seasons)</visible>
				</control>
				<control type="image">
					<texture fallback="thumbs/tvshow_portrait.png" background="true">$INFO[Container.TVShowThumb]</texture>
					<include>thumb_Portrait-List</include>
					<visible>Container.Content(seasons) + IsEmpty(ListItem.Title)</visible>
				</control>
				<control type="image">
					<texture fallback="thumbs/actor_portrait.png" background="true">$INFO[ListItem.Thumb]</texture>
					<include>thumb_Portrait-List</include>
					<visible>Container.Content(actors)</visible>
				</control>
			</control>
			<control type="image">
				<posx>400</posx>
				<posy>606</posy>
				<include>watchedOverlay</include>
				<visible>[Container.Content(movies) + Skin.HasSetting(overlay.movies)] | [Container.Content(tvshows) + Skin.HasSetting(overlay.tvshows)]</visible>
			</control>
			<!---flags--->
			<control type="image">
				<posx>30</posx>
				<posy>604</posy>
				<width>64</width>
				<height>28</height>
				<aspectratio align="left">keep</aspectratio>
				<include>flag_HD</include>
			</control>
		</control>

	<!--- files ------>
		<control type="group">
			<include>toggle_Menu</include>
			<include>infoDialogHide</include>
			<include>transition_Container</include>
			<visible>Control.IsVisible(50)</visible>
			<control type="group">
				<posx>655</posx>
				<posy>80</posy>
				<visible>Container.Content(files)</visible>
				<control type="image">
					<width>580</width>
					<height>625</height>
					<texture background="true">$INFO[ListItem.Thumb]</texture>
					<bordertexture border="27" width="400" height="315">frames/frame_Square2.png</bordertexture>
					<bordersize>22</bordersize>
					<aspectratio align="right" aligny="top">keep</aspectratio>
					<include>thumbFadeTime</include>
					<visible>!IsEmpty(ListItem.Thumb) + !substring(Container.FolderPath,plugin://) + !IsEmpty(Container.FolderPath)</visible>
				</control>
				<control type="image">
					<posx>-54</posx>
					<posy>526</posy>
					<animation effect="rotate" end="90" time="0" condition="True">Conditional</animation>
					<include>watchedOverlay</include>
					<visible>Skin.HasSetting(overlay.files) + !ListItem.IsFolder + !substring(Container.FolderPath,plugin://) + !Container.Content(musicvideos) + !substring(Container.FolderPath,special://)</visible>
				</control>
			</control>
		</control>

	<!--- music videos ------>				
		<include>info_MusicList</include>

	<!---add-ons------>		
		<include>info_AddonList</include>
		<include>info_AddonThumbs</include>
		<include>view_Addons</include>

<!-- BIG LIST EPISODES ----------------------------------------------------------------------------------------------->				
		<control type="image">
			<posx>29</posx>
			<posy>237</posy>
			<width>1205</width>
			<height>146</height>
			<texture border="10">views/list-focus-bigAlt.png</texture>
			<include>transition_Container</include>
			<include>infoDialogHide</include>
			<include>toggle_Menu</include>
			<animation effect="slide" start="0,0" end="0,8" time="0" condition="Skin.HasSetting(numitems.enable)">Conditional</animation>
			<visible>![Window.IsActive(movieinformation)] + [Container.Content(episodes) | Container.Content(tvshows) | Container.Content(movies)] + Control.IsVisible(51)</visible>
		</control>
		<include>view_BigList</include>
		
		
		<control type="button" id="8001">
			<posx>25</posx>
			<label>-</label>
			<onup>511</onup>
			<ondown>511</ondown>
			<onleft>511</onleft>
			<onright>8002</onright>
			<width>445</width>
			<onclick>Container.SetSortMethod(24)</onclick>
		</control>
		<control type="button" id="8002">
			<posx>445</posx>
			<label>-</label>
			<onup>511</onup>
			<ondown>511</ondown>
			<onleft>8001</onleft>
			<onright>8002</onright>
			<width>255</width>
			<onclick>Container.SetSortMethod(10)</onclick>
		</control>

		
		<control type="image">
			<posx>23</posx>
			<posy>95</posy>
			<width>400</width>
			<height>720</height>
			<texture>white.png</texture>
			<colordiffuse>tv3</colordiffuse>
			<include>transition_Container</include>
			<include>infoDialogHide</include>
			<include>toggle_Menu</include>
			<visible>Control.IsVisible(511) + Control.HasFocus(8001)</visible>
		</control>
		<control type="image">
			<posx>423</posx>
			<posy>0</posy>
			<width>65</width>
			<height>720</height>
			<texture>white.png</texture>
			<colordiffuse>tv3</colordiffuse>
			<include>transition_Container</include>
			<include>infoDialogHide</include>
			<include>toggle_Menu</include>
			<visible>Control.IsVisible(511) + Control.HasFocus(8002)</visible>
		</control>
		<control type="image">
			<posx>675</posx>
			<posy>0</posy>
			<width>75</width>
			<height>720</height>
			<texture>white.png</texture>
			<colordiffuse>tv3</colordiffuse>
			<include>transition_Container</include>
			<include>infoDialogHide</include>
			<include>toggle_Menu</include>
			<visible>Control.IsVisible(511) + Control.HasFocus(8003)</visible>
		</control>
		<control type="image">
			<posx>750</posx>
			<posy>0</posy>
			<width>75</width>
			<height>720</height>
			<texture>white.png</texture>
			<colordiffuse>tv3</colordiffuse>
			<include>transition_Container</include>
			<include>infoDialogHide</include>
			<include>toggle_Menu</include>
			<visible>Control.IsVisible(511) + Control.HasFocus(8004)</visible>
		</control>
		
		<control type="image">
			<posx>-10</posx>
			<posy>210</posy>
			<width>1300</width>
			<height>184</height>
			<texture border="10">white.png</texture>
			<colordiffuse>tv2</colordiffuse>
			<include>transition_Container</include>
			<include>infoDialogHide</include>
			<include>toggle_Menu</include>
			<animation effect="slide" start="0,0" end="0,8" time="0" condition="Skin.HasSetting(numitems.enable)">Conditional</animation>
			<visible>Control.IsVisible(511)</visible>
		</control>
		
		<include>kalei</include>


<!-- SLIDE VIEW ---------------------------------------------------------------------------------------------------->
		<!---flags------>
		<control type="group">
			<include>toggle_Menu</include>
			<include>transition_Info</include>
			<include>infoDialogHide</include>
			<control type="image">
				<posx>60</posx>
				<posy>459</posy>
				<aspectratio align="right">keep</aspectratio>
				<include>flag_Studio</include>
				<visible>Container.Content(movies) + [Control.IsVisible(52) | Control.IsVisible(55)]</visible>
			</control>
			<control type="image">
				<posx>60</posx>
				<posy>459</posy>
				<aspectratio align="right">keep</aspectratio>
				<include>flag_Network</include>
				<visible>Container.Content(tvshows) + [Control.IsVisible(52) | Control.IsVisible(55)]</visible>
			</control>
			<control type="group">
				<posx>222</posx>
				<posy>660</posy>
				<include>flags52</include>
				<visible>Container.Content(movies) | Container.Content(tvshows)</visible>
			</control>
			<control type="group">
				<posx>215</posx>
				<posy>660</posy>
				<include>flags52</include>
				<visible>[Container.Content(episodes) | Container.Content(musicvideos)] + !IsEmpty(ListItem.Title)</visible>
				<animation effect="slide" start="0,0" end="0,-70" time="0" condition="Container.Content(musicvideos)">Conditional</animation>
			</control>
		</control>
		<control type="group">
			<include>transition_Info</include>
			<include>infoDialogHide</include>
			<include>toggle_Menu</include>
			<visible>Control.IsVisible(58) + [Container.Content(episodes) | Container.Content(musicvideos)]</visible>
			<control type="image">
				<posx>75</posx>
				<posy>410</posy>
				<width>128</width>
				<height>64</height>
				<aspectratio align="right">keep</aspectratio>
				<include>flag_Network</include>
				<visible>Container.Content(episodes)</visible>
			</control>
			<control type="image">
				<posx>75</posx>
				<posy>460</posy>
				<width>128</width>
				<height>64</height>
				<aspectratio align="right">keep</aspectratio>
				<include>flag_Label</include>
				<visible>Container.Content(musicvideos)</visible>
			</control>
		</control>

	<!---portrait------>	
		<include>view_SlidePoster</include>
		
		<control type="group">
			<posx>220</posx>
			<posy>462</posy>
			<include>toggle_Menu</include>
			<include>transition_Info</include>
			<include>infoDialogHide</include>
			<visible>[Control.IsVisible(52) | Control.IsVisible(55)] + [Container.Content(movies) | Container.Content(tvshows) | Container.Content(seasons)]</visible>
			<control type="label">
				<width>1080</width>
				<label>$INFO[ListItem.Title]</label>
				<textcolor>title</textcolor>
				<include>Heading1</include>
				<visible>!Container.Content(seasons)</visible>
			</control>
			<control type="label">
				<width>1080</width>
				<label>$INFO[ListItem.Label]</label>
				<include>Heading1</include>
				<visible>Container.Content(seasons) | IsEmpty(ListItem.Title)</visible>
			</control>
			<control type="label">
				<posy>32</posy>
				<width>920</width>
				<label>$INFO[ListItem.Year,, • ]$INFO[ListItem.Duration,, ]$LOCALIZE[12391]$INFO[ListItem.Genre, • ]</label>
				<align>left</align>
				<textcolor>Color2</textcolor>
				<include>Heading3</include>
				<visible>Container.Content(movies) + IsEmpty(ListItem.Property(ReleaseDate)) + !IsEmpty(ListItem.Title)</visible>
			</control>
			<control type="label">
				<posy>32</posy>
				<width>980</width>
				<label>$INFO[ListItem.Property(ReleaseDate),, • ]$INFO[ListItem.Duration,, ]$LOCALIZE[12391]$INFO[ListItem.Genre, • ]</label>
				<align>left</align>
				<include>Heading3</include>
				<visible>Container.Content(movies) + !IsEmpty(ListItem.Property(ReleaseDate)) + !IsEmpty(ListItem.Title)</visible>
			</control>
			<control type="label">
				<posy>32</posy>
				<width>980</width>
				<label>$INFO[ListItem.Property(UnWatchedEpisodes),, $LOCALIZE[16101] $LOCALIZE[20360]]$INFO[ListItem.Property(TotalSeasons), • ] $LOCALIZE[33054]</label>
				<align>left</align>
				<include>Heading3</include>
				<visible>Container.Content(tvshows) + !IsEmpty(ListItem.TVShowTitle) + !stringcompare(ListItem.Property(TotalSeasons),1)</visible>
			</control>
			<control type="label">
				<posy>32</posy>
				<width>980</width>
				<label>$INFO[ListItem.Property(UnWatchedEpisodes),, $LOCALIZE[16101] $LOCALIZE[20360]]$INFO[ListItem.Property(TotalSeasons), • ] $LOCALIZE[20373]</label>
				<align>left</align>
				<include>Heading3</include>
				<visible>Container.Content(tvshows) + !IsEmpty(ListItem.TVShowTitle) + stringcompare(ListItem.Property(TotalSeasons),1)</visible>
			</control>
			<control type="label">
				<posy>32</posy>
				<width>980</width>
				<label>$LOCALIZE[31072]</label>
				<align>left</align>
				<include>Heading3</include>
				<visible>Container.Content(seasons) + !IsEmpty(ListItem.Title)</visible>
			</control>
			<control type="textbox">
				<posy>60</posy>
				<width>960</width>
				<height>110</height>
				<align>left</align>
				<aligny>top</aligny>
				<label>$INFO[ListItem.PlotOutline]</label>
				<textcolor>Color1</textcolor>
				<font>descriptionSmall</font>
				<visible>!IsEmpty(ListItem.Plotoutline) + !Container.Content(seasons) + IsEmpty(ListItem.Property(ReleaseDate))</visible>
			</control>
			<control type="textbox">
				<posy>60</posy>
				<width>960</width>
				<height>110</height>
				<align>left</align>
				<aligny>top</aligny>
				<label>$INFO[ListItem.Plot]</label>
				<textcolor>Color7</textcolor>
				<font>descriptionSmall</font>
				<visible>IsEmpty(ListItem.Plotoutline) + !Container.Content(seasons) + IsEmpty(ListItem.Property(ReleaseDate))</visible>
			</control>
			<control type="textbox" id="8">
				<posy>60</posy>
				<width>960</width>
				<height>138</height>
				<align>left</align>
				<aligny>top</aligny>
				<label>$INFO[ListItem.Plot]</label>
				<textcolor>Color7</textcolor>
				<font>descriptionSmall</font>
				<visible>!IsEmpty(ListItem.Property(ReleaseDate))</visible>
			</control>
			<control type="textbox">
				<posy>60</posy>
				<width>960</width>
				<height>138</height>
				<align>left</align>
				<aligny>top</aligny>
				<label>$INFO[Container.ShowPlot]</label>
				<textcolor>Color7</textcolor>
				<font>descriptionSmall</font>
				<visible>Container.Content(seasons) + !IsEmpty(ListItem.Title)</visible>
			</control>
		</control>

	<!---landscape------>
		<include>view_SlideWide</include>

	<!---episodes------>
		<include>view_SlideEpisode</include>
		
		<control type="group">
			<posx>220</posx>
			<posy>412</posy>
			<include>toggle_Menu</include>
			<include>transition_Info</include>
			<include>infoDialogHide</include>
			<animation effect="slide" start="0,0" end="0,23" time="0" condition="Container.Content(files) | Container.Content(musicvideos)">Conditional</animation>
			<visible>Control.IsVisible(58) + [Container.Content(episodes) | Container.Content(musicvideos) | Container.Content(files)]</visible>
			<control type="label">
				<width>1080</width>
				<label>$INFO[ListItem.Title]</label>
				<include>Heading1</include>	
				<visible>!IsEmpty(ListItem.Title) + ![stringcompare(container.folderpath,videodb://5/) | substring(container.folderpath,special://profile/playlists/)]</visible>
			</control>
			<control type="label">
				<width>1080</width>
				<label>$INFO[ListItem.Label]</label>
				<include>Heading1</include>	
				<visible>IsEmpty(ListItem.Title)</visible>
			</control>
			<control type="label">
				<width>1080</width>
				<label>$INFO[ListItem.TVShowTitle,,: ]$INFO[ListItem.Title]</label>
				<include>Heading1</include>	
				<visible>!IsEmpty(ListItem.Title) + [stringcompare(container.folderpath,videodb://5/) | substring(container.folderpath,special://profile/playlists/)]</visible>
			</control>
			<control type="label">
				<posy>32</posy>
				<width>980</width>
				<label>$LOCALIZE[31087] $INFO[ListItem.Season,, - ]$LOCALIZE[31088] $INFO[ListItem.Episode,, • ]$INFO[ListItem.Premiered]</label>
				<align>left</align>
				<include>Heading3</include>
				<visible>Container.Content(episodes) + !stringcompare(container.folderpath,videodb://5/) + !IsEmpty(ListItem.Title)</visible>
			</control>
			<control type="label">
				<posy>32</posy>
				<width>980</width>
				<label>$LOCALIZE[31087,, •] $INFO[ListItem.Season,, - ]$LOCALIZE[31088] $INFO[ListItem.Episode,, • ]$INFO[ListItem.Premiered]</label>
				<align>left</align>
				<include>Heading3</include>
				<visible>stringcompare(container.folderpath,videodb://5/) + !IsEmpty(ListItem.Title)</visible>
			</control>
			<control type="label">
				<posy>32</posy>
				<width>980</width>
				<label>$INFO[ListItem.Artist]</label>
				<align>left</align>
				<include>Heading3</include>
				<visible>Container.Content(musicvideos)</visible>
			</control>
			<control type="label">
				<posy>32</posy>
				<width>980</width>
				<label>$INFO[ListItem.Date]</label>
				<align>left</align>
				<include>Heading3</include>
				<visible>Container.Content(files)</visible>
			</control>
			<control type="label">
				<posy>58</posy>
				<width>980</width>
				<label>$INFO[ListItem.Album]</label>
				<align>left</align>
				<include>Heading3</include>
				<visible>Container.Content(musicvideos)</visible>
			</control>
			<control type="label">
				<posy>56</posy>
				<width>980</width>
				<label>$INFO[ListItem.Size]</label>
				<align>left</align>
				<include>Heading3</include>
				<visible>Container.Content(files)</visible>
			</control>
			<control type="label">
				<posy>83</posy>
				<width>980</width>
				<label>$INFO[ListItem.Year]</label>
				<align>left</align>
				<include>Heading3</include>
				<visible>Container.Content(musicvideos)</visible>
			</control>
			<control type="textbox" id="8">
				<posy>60</posy>
				<width>980</width>
				<height>170</height>
				<align>left</align>
				<aligny>top</aligny>
				<label>$INFO[ListItem.Plot]</label>
				<textcolor>Color7</textcolor>
				<font>descriptionSmall</font>
				<visible>!Container.Content(musicvideos)</visible>
			</control>
		</control>

<!-- THUMBNAILS VIEW ------------------------------------------------------------->
		<control type="group">
			<posx>85</posx>
			<posy>640</posy>
			<visible>Control.IsVisible(57) | Control.IsVisible(573)</visible>
			<include>transition_Info</include>
			<include>toggle_Menu</include>
			<include>infoDialogHide</include>
			<control type="label">
				<label>$INFO[ListItem.Label]</label>
				<font>title</font>
				<textcolor>Color1</textcolor>
				<align>left</align>
				<width>1100</width>
				<visible>IsEmpty(ListItem.Title) + IsEmpty(ListItem.TVShowTitle)</visible>
			</control>
			<control type="label">
				<label>$INFO[ListItem.Title]</label>
				<font>title</font>
				<textcolor>Color1</textcolor>
				<align>left</align>
				<width>1100</width>
				<visible>!IsEmpty(ListItem.Title) + IsEmpty(ListItem.TVShowTitle)</visible>
			</control>
			<control type="label">
				<label>$INFO[ListItem.TVShowTitle]</label>
				<font>title</font>
				<textcolor>Color1</textcolor>
				<align>left</align>
				<width>900</width>
				<visible>Container.Content(tvshows)</visible>
				<visible>!IsEmpty(ListItem.TVShowTitle)</visible>
			</control>
			<control type="label">
				<label>$INFO[ListItem.Label]</label>
				<font>title</font>
				<textcolor>Color1</textcolor>
				<align>left</align>
				<width>900</width>
				<visible>Container.Content(seasons) | [Container.Content(tvshows) + IsEmpty(ListItem.TVShowTitle)] | [Container.Content(movies) + IsEmpty(ListItem.Title)]</visible>
			</control>
			<control type="label">
				<posy>25</posy>
				<label>$INFO[ListItem.Genre]</label>
				<font>info</font>
				<textcolor>Color2</textcolor>
				<align>left</align>
				<width>750</width>
				<visible>![Container.Content(tvshows) | Container.Content(seasons) | Container.Content(musicvideos)]</visible>
			</control>
			<control type="label">
				<posy>25</posy>
				<label>$INFO[ListItem.Artist]</label>
				<font>info</font>
				<textcolor>Color2</textcolor>
				<align>left</align>
				<width>750</width>
				<visible>Container.Content(musicvideos)</visible>
			</control>
			<control type="label">
				<posy>25</posy>
				<label>$INFO[ListItem.Property(UnWatchedEpisodes)] $LOCALIZE[16101] $LOCALIZE[20360]$INFO[ListItem.Property(TotalSeasons), • ] $LOCALIZE[33054]</label>
				<font>info</font>
				<textcolor>Color2</textcolor>
				<align>left</align>
				<width>750</width>
				<visible>!IsEmpty(ListItem.TVShowTitle) + !stringcompare(ListItem.Property(TotalSeasons),1)</visible>
			</control>
			<control type="label">
				<posy>25</posy>
				<label>$INFO[ListItem.Property(UnWatchedEpisodes)] $LOCALIZE[16101] $LOCALIZE[20360]$INFO[ListItem.Property(TotalSeasons), • ] $LOCALIZE[20373]</label>
				<font>info</font>
				<textcolor>Color2</textcolor>
				<align>left</align>
				<width>750</width>
				<visible>!IsEmpty(ListItem.TVShowTitle) + stringcompare(ListItem.Property(TotalSeasons),1)</visible>
			</control>
			<control type="label">
				<posy>25</posy>
				<label>$INFO[ListItem.Date]</label>
				<font>info</font>
				<textcolor>Color2</textcolor>
				<align>left</align>
				<width>750</width>
				<visible>Container.Content(files)</visible>
			</control>
		</control>
		
		<!---flags------>
		<control type="group">
			<posx>235r</posx>
			<posy>630</posy>
			<include>transition_Info</include>
			<include>infoDialogHide</include>
			<include>toggle_Menu</include>
			<visible>[Control.IsVisible(57) | Control.IsVisible(573)] + [Container.Content(movies) | Container.Content(tvshows) | Container.Content(seasons) | Container.Content(musicvideos)] + !IsEmpty(ListItem.Title)</visible>
			<control type="image">
				<width>128</width>
				<height>64</height>
				<aspectratio align="right">keep</aspectratio>
				<include>flag_Studio</include>
				<visible>Container.Content(movies)</visible>
			</control>
			<control type="image">
				<width>128</width>
				<height>64</height>
				<aspectratio align="right">keep</aspectratio>
				<include>flag_Network</include>
				<visible>Container.Content(tvshows) | Container.Content(seasons)</visible>
			</control>
			<control type="image">
				<width>128</width>
				<height>64</height>
				<aspectratio align="right">keep</aspectratio>
				<include>flag_Label</include>
				<visible>Container.Content(musicvideos)</visible>
			</control>
		</control>
		
		<!---large grid------>
		<include>view_Poster</include>

		<control type="grouplist" id="1000">
			<posx>760</posx>
			<posy>115</posy>
			<itemgap>2</itemgap>
			<include>toggle_Menu</include>
			<include>transition_Container</include>
			<include>infoDialogHide</include>
			<visible>Control.IsVisible(571) + [Container.Content(movies) | Container.Content(tvshows)]</visible>
			<control type="label" id="1">
				<width>450</width>
				<label>$INFO[ListItem.Title]</label>
				<textcolor>Color1</textcolor>
				<font>normalCaps</font>
			</control>
			<control type="label" id="1">
				<width>450</width>
				<label>$INFO[ListItem.Label]</label>
				<textcolor>Color1</textcolor>
				<font>normalCaps</font>
				<visible>IsEmpty(ListItem.Title)</visible>
			</control>
			<control type="label" id="1">
				<width>450</width>
				<label>$INFO[ListItem.Genre]</label>
				<font>info</font>
				<textcolor>Color2</textcolor>
				<visible>!IsEmpty(ListItem.Genre) + Container.Content(movies)</visible>
			</control>
			<control type="label" id="1">
				<width>450</width>
				<label>$INFO[ListItem.Property(UnWatchedEpisodes)] $LOCALIZE[16101] $LOCALIZE[20360]$INFO[ListItem.Property(TotalSeasons), • ] $LOCALIZE[33054]</label>
				<font>info</font>
				<textcolor>Color2</textcolor>
				<visible>!IsEmpty(ListItem.TVShowTitle) + Container.Content(tvshows) + !stringcompare(ListItem.Property(TotalSeasons),1)</visible>
			</control>
			<control type="label" id="1">
				<width>450</width>
				<label>$INFO[ListItem.Property(UnWatchedEpisodes)] $LOCALIZE[16101] $LOCALIZE[20360]$INFO[ListItem.Property(TotalSeasons), • ] $LOCALIZE[20373]</label>
				<font>info</font>
				<textcolor>Color2</textcolor>
				<visible>!IsEmpty(ListItem.TVShowTitle) + Container.Content(tvshows) + stringcompare(ListItem.Property(TotalSeasons),1)</visible>
			</control>
			<control type="label" id="1">
				<width>450</width>
				<label>$INFO[ListItem.Duration] $LOCALIZE[31100]</label>
				<font>info</font>
				<textcolor>Color2</textcolor>
				<visible>!IsEmpty(ListItem.Duration)</visible>
			</control>
			<control type="image">
				<width>128</width>
				<height>32</height>
				<info>ListItem.StarRating</info>
				<aspectratio align="left">keep</aspectratio>
				<visible>!IsEmpty(ListItem.Title)</visible>
			</control>
			<control type="label" id="1">
				<label></label>
			</control>
			<control type="textbox" id="4">
				<width>450</width>
				<height>413</height>
				<align>left</align>
				<aligny>top</aligny>
				<label>$INFO[ListItem.Plot]</label>
				<textcolor>Color1</textcolor>
				<font>descriptionSmall</font>
			</control>
		</control>
		<!---small grid------>
		<include>view_PosterInfo</include>

<!-- GALLERY VIEW --------------------------------------------------------------------------------------------------------------------------------------->
		<!---flags------>
		<control type="group">
			<posx>105</posx>
			<posy>590</posy>
			<include>transition_Info</include>
			<include>infoDialogHide</include>
			<include>toggle_Menu</include>
			<visible>Control.IsVisible(53) + !IsEmpty(ListItem.Title)</visible>
			<control type="image">
				<width>128</width>
				<height>64</height>
				<aspectratio align="right">keep</aspectratio>
				<include>flag_Studio</include>
				<visible>Container.Content(movies)</visible>
			</control>
			<control type="image">
				<width>128</width>
				<height>64</height>
				<aspectratio align="right">keep</aspectratio>
				<include>flag_Network</include>
				<visible>!Container.Content(movies)</visible>
			</control>
		</control>
		
		<!---strip layout top------>
		<control type="group">
			<posy>102</posy>
			<include>toggle_Menu</include>
			<include>transition_Info</include>
			<include>infoDialogHide</include>
			<visible>Control.IsVisible(53)</visible>
			<control type="label">
				<posx>265</posx>
				<label>$INFO[ListItem.Title]</label>
				<font>title</font>
				<textcolor>Color1</textcolor>
				<align>left</align>
				<width>750</width>
				<visible>[Container.Content(movies)] + ![Control.HasFocus(8000)]</visible>
			</control>
			<control type="label">
				<posx>265</posx>
				<label>$INFO[ListItem.TVShowTitle]</label>
				<font>title</font>
				<textcolor>Color1</textcolor>
				<align>left</align>
				<width>750</width>
				<visible>Container.Content(tvshows) + ![Control.HasFocus(8000)]</visible>
			</control>
			<control type="label">
				<posx>1015</posx>
				<label>$INFO[Container(53).ListItem(1).Title]</label>
				<font>title</font>
				<textcolor>Color1</textcolor>
				<width>750</width>
				<visible>Container.Content(movies) + ![Control.HasFocus(8000)]</visible>
				<animation effect="fade" start="100" end="30" time="0" condition="true">Conditional</animation>
			</control>
			<control type="label">
				<posx>1015</posx>
				<label>$INFO[Container(53).ListItem(1).TVShowTitle]</label>
				<font>title</font>
				<textcolor>Color1</textcolor>
				<width>750</width>
				<visible>Container.Content(tvshows) + ![Control.HasFocus(8000)]</visible>
				<animation effect="fade" start="100" end="30" time="0" condition="true">Conditional</animation>
			</control>
		</control>
		
		<!---strip layout bottom------>
		<control type="group">
			<posx>265</posx>
			<posy>585</posy>
			<include>toggle_Menu</include>
			<include>transition_Info</include>
			<include>infoDialogHide</include>
			<visible>Control.IsVisible(53) + !IsEmpty(ListItem.Title)</visible>
			<control type="label">
				<label>$INFO[ListItem.Tagline]</label>
				<font>normalCaps</font>
				<textcolor>Color1</textcolor>
				<align>left</align>
				<width>940</width>
			</control>
			<control type="label">
				<label>$INFO[ListItem.PlotOutline]</label>
				<font>normalCaps</font>
				<textcolor>Color1</textcolor>
				<align>left</align>
				<width>940</width>
				<visible>Container.Content(movies) + IsEmpty(ListItem.Tagline)</visible>
			</control>
			<control type="label">
				<label>$LOCALIZE[31127]</label>
				<font>normalCaps</font>
				<textcolor>Color1</textcolor>
				<align>left</align>
				<width>940</width>
				<visible>Container.Content(movies) + IsEmpty(ListItem.foldername) + !substring(Container.Listitem.Label,..,left)</visible>
			</control>
			<control type="label">
				<label>$INFO[ListItem.Plot]</label>
				<font>normalCaps</font>
				<textcolor>Color1</textcolor>
				<align>left</align>
				<width>940</width>
				<visible>Container.Content(movies) + IsEmpty(ListItem.Tagline) + IsEmpty(ListItem.PlotOutline)</visible>
			</control>
			<control type="label">
				<label>$INFO[ListItem.Property(UnWatchedEpisodes)] $LOCALIZE[16101] $LOCALIZE[20360]</label>
				<font>info</font>
				<textcolor>Color1</textcolor>
				<align>left</align>
				<width>900</width>
				<visible>Container.Content(tvshows) + !IsEmpty(ListItem.Property(UnWatchedEpisodes))</visible>
			</control>
			<control type="label">
				<posy>24</posy>
				<label>$INFO[ListItem.Genre] • $INFO[ListItem.Year]</label>
				<font>normalCaps</font>
				<textcolor>Color2</textcolor>
				<align>left</align>
				<width>750</width>
				<visible>Container.Content(movies)</visible>
			</control>
			<control type="label">
				<posy>24</posy>
				<label>$INFO[ListItem.Genre]</label>
				<font>normalCaps</font>
				<textcolor>Color2</textcolor>
				<align>left</align>
				<width>750</width>
				<visible>Container.Content(tvshows)</visible>
			</control>
			<control type="label">
				<posy>47</posy>
				<label>$INFO[ListItem.Duration] $LOCALIZE[31100]</label>
				<font>smallCaps</font>
				<textcolor>Color2</textcolor>
				<align>left</align>
				<width>750</width>
				<visible>Container.Content(movies)</visible>
			</control>
			<control type="label">
				<posy>47</posy>
				<label>$INFO[ListItem.Premiered]</label>
				<font>smallCaps</font>
				<textcolor>Color2</textcolor>
				<align>left</align>
				<width>750</width>
				<visible>Container.Content(tvshows)</visible>
			</control>
		</control>
		
		<include>view_Gallery</include>

		<!-- fullscreen / expanded layout------------------------->
		<control type="image">
			<include>screentype</include>
			<aspectratio align="left">stretch</aspectratio>
			<texture>home/menuBackground.png</texture>
			<include>fadeinout</include>
			<visible>Control.IsVisible(56) + ControlGroup(6000).HasFocus()</visible>
		</control>
		<control type="image">
			<posx>-20</posx>
			<posy>505</posy>
			<width>1320</width>
			<height>215</height>
			<texture border="0,0,0,15">osd/fullscreenInfo.png</texture>
			<include>transition_Container</include>
			<include>infoDialogHide</include>
			<animation effect="slide" start="0,600" end="0,0" easing="Out" tween="Quadratic" time="350">Visible</animation>
			<animation effect="slide" start="0,0" end="0,600" easing="Out" tween="Quadratic" time="350">Hidden</animation>
			<visible>!IsEmpty(ListItem.Title) + [Control.IsVisible(53) + Control.HasFocus(8000)] | [Control.IsVisible(56) + !Control.HasFocus(8000)] + !ControlGroup(6000).HasFocus() + !Container.Content(episodes)</visible>
		</control>
		<control type="image" id="7018">
			<posx>20</posx>
			<posy>20</posy>
			<width>217</width>
			<height>84</height>
			<texture background="true">$INFO[ListItem.path]logo.png</texture>
			<fadetime>200</fadetime>
			<aspectratio>stretch</aspectratio>
			<include>fadeinout</include>
			<visible>Control.IsVisible(56) + !Window.IsActive(movieinformation) + Skin.HasSetting(tvshowlogos.enable) + ![ControlGroup(6000).HasFocus() | Container.Scrolling | Container.Content(episodes)]</visible>
		</control>
		
		<!---scroll indicators------>
		<control type="group">
			<posy>336</posy>
			<visible>Control.IsVisible(56) + System.IdleTime(3) + ![ControlGroup(6000).HasFocus() | Container.Content(episodes) | Window.IsActive(movieinformation)]</visible>
			<control type="image">
				<posx>20</posx>
				<width>48</width>
				<height>48</height>
				<texture>views/scrollLeftIndicator.png</texture>
				<aspectratio>keep</aspectratio>
				<include>fadeinout</include>
			</control>
			<control type="image">
				<posx>1212</posx>
				<width>48</width>
				<height>48</height>
				<texture>views/scrollRightIndicator.png</texture>
				<aspectratio>keep</aspectratio>
				<include>fadeinout</include>
			</control>
		</control>
		
		<!---info frame------>
		<control type="group">
			<posy>544</posy>
			<visible>[Control.IsVisible(53) + Control.HasFocus(8000)] | [Control.IsVisible(56) + !Control.HasFocus(8000)] + !ControlGroup(6000).HasFocus() + !Container.Content(episodes)</visible>
			<animation effect="slide" start="0,600" end="0,0" easing="Out" tween="Quadratic" time="350">Visible</animation>
			<animation effect="slide" start="0,0" end="0,600" easing="Out" tween="Quadratic" time="350">Hidden</animation>
			<include>transition_Container</include>
			<include>infoDialogHide</include>
			<control type="label">
				<posx>20</posx>
				<posy>6</posy>
				<label>$INFO[ListItem.Title]</label>
				<font>osd1</font>
				<align>left</align>	
				<textcolor>Color5</textcolor>
				<include>screenwidth</include>
				<include>Heading</include>
				<visible>Container.Content(movies)</visible>
			</control>
			<control type="label">
				<posx>20</posx>
				<posy>6</posy>
				<label>$INFO[ListItem.TVShowTitle]</label>
				<font>osd1</font>
				<align>left</align>	
				<textcolor>Color6</textcolor>
				<include>screenwidth</include>
				<visible>Container.Content(tvshows)</visible>
			</control>
			<control type="label">
				<posx>1145</posx>
				<posy>6</posy>
				<label>$INFO[ListItem.Duration,, ]$LOCALIZE[31100]</label>
				<font>osd1</font>
				<align>right</align>	
				<textcolor>Color4</textcolor>
				<include>screenwidth</include>
				<visible>Container.Content(movies) + !IsEmpty(ListItem.Title)</visible>
			</control>
			<control type="label">
				<posx>1260</posx>
				<posy>6</posy>
				<label>$INFO[ListItem.Property(UnWatchedEpisodes),,/]$INFO[ListItem.Episode]</label>
				<font>osd1</font>
				<align>right</align>	
				<textcolor>Color4</textcolor>
				<include>screenwidth</include>
				<visible>Container.Content(tvshows) + !IsEmpty(ListItem.Title)</visible>
			</control>
			<control type="image">
				<posx>1165</posx>
				<posy>0</posy>
				<height>36</height>
				<aspectratio align="left">keep</aspectratio>
				<include>flag_Res-Mono</include>
				<visible>Container.Content(movies) + !IsEmpty(ListItem.Title)</visible>
			</control>
			<control type="image">
				<posx>-250</posx>
				<posy>45</posy>
				<width>1530</width>
				<height>1</height>
				<texture>views/separatorFaded.png</texture>
				<colordiffuse>Color4</colordiffuse>
				<visible>!IsEmpty(ListItem.Title)</visible>
			</control>
			<control type="textbox" id="4">
				<posx>20</posx>
				<posy>47</posy>
				<width>1240</width>
				<height>118</height>
				<align>left</align>
				<label>$INFO[ListItem.Plot]</label>
				<font>descriptionSmall</font>
				<textcolor>Color6</textcolor>
			</control>
		</control>


<!-- BANNER LIST -------------------------------------------------->		
		<control type="grouplist">
			<posx>695</posx>
			<posy>95</posy>
			<itemgap>2</itemgap>
			<include>toggle_Menu</include>
			<include>transition_Container</include>
			<include>infoDialogHide</include>
			<visible>Control.IsVisible(541)</visible>
			<control type="label" id="1">
				<width>450</width>
				<label>$INFO[ListItem.Title]</label>
				<textcolor>Color1</textcolor>
				<font>normalCaps</font>
			</control>
			<control type="label" id="1">
				<width>450</width>
				<label>$INFO[ListItem.Label]</label>
				<textcolor>Color1</textcolor>
				<font>normalCaps</font>
				<visible>IsEmpty(ListItem.Title)</visible>
			</control>
			<control type="label" id="1">
				<width>450</width>
				<label>$INFO[ListItem.Property(UnWatchedEpisodes),, $LOCALIZE[16101] $LOCALIZE[20360]]$INFO[ListItem.Property(TotalSeasons), • ] $LOCALIZE[33054]</label>
				<font>info</font>
				<textcolor>Color2</textcolor>
				<visible>Container.Content(tvshows) + !IsEmpty(ListItem.TVShowTitle) + !stringcompare(ListItem.Property(TotalSeasons),1)</visible>
			</control>
			<control type="label" id="1">
				<width>450</width>
				<label>$INFO[ListItem.Property(UnWatchedEpisodes),, $LOCALIZE[16101] $LOCALIZE[20360]]$INFO[ListItem.Property(TotalSeasons), • ] $LOCALIZE[20373]</label>
				<font>info</font>
				<textcolor>Color2</textcolor>
				<visible>Container.Content(tvshows) + !IsEmpty(ListItem.TVShowTitle) + stringcompare(ListItem.Property(TotalSeasons),1)</visible>
			</control>
			<control type="image">
				<width>128</width>
				<height>32</height>
				<info>ListItem.StarRating</info>
				<aspectratio align="left">keep</aspectratio>
				<visible>!IsEmpty(ListItem.Title)</visible>
			</control>
			<control type="label" id="1">
				<label></label>
			</control>
			<control type="textbox" id="4">
				<width>500</width>
				<height>385</height>
				<align>left</align>
				<aligny>top</aligny>
				<label>$INFO[ListItem.Plot]</label>
				<textcolor>Color1</textcolor>
				<font>descriptionSmall</font>
			</control>
			<control type="label" id="1">
				<label></label>
			</control>
			<control type="image">
				<posx>0</posx>
				<width>128</width>
				<height>64</height>
				<aspectratio align="right">keep</aspectratio>
				<include>flag_Network</include>
			</control>
		</control>

<!-- thumbnails view add-ons -------------------------------------------------->
		<include>view_ListPrograms</include>
		<include>view_ThumbList</include>

<!-- PAGE INCLUDES -------------------------------------------------------------------------------------------->
		<include>LibraryVideoMenu</include>	

	</controls>
</window>