﻿<window id="12">
	<defaultcontrol>888</defaultcontrol>
	<allowoverlay>yes</allowoverlay>
	<controls>
		<include>themeBackground2</include>
		<include>allscreens</include>
		<include>pagelabels_Settings</include>
		<control type="grouplist" id="3">
			<description>button area</description>
			<posx>15</posx>
			<posy>125</posy>
			<height>410</height>
			<itemgap>0</itemgap>
			<onleft>5</onleft>
			<onright>5</onright>
			<onup>3</onup>
			<ondown>3</ondown>
			<include>transition_Container</include>
			<visible>!Window.IsActive(progressdialog)</visible>
		</control>
		<control type="grouplist" id="5">
			<description>control area</description>
			<posx>340</posx>
			<posy>90</posy>
			<width>850</width>
			<height>600</height>
			<itemgap>0</itemgap>
			<onleft>3</onleft>
			<onright>3</onright>
			<onup>5</onup>
			<ondown>5</ondown>
			<include>transition_Container</include>
			<visible>!Window.IsActive(progressdialog)</visible>
		</control>
		<control type="button" id="7">
			<description>Default Button</description>
			<include>settingsButton</include>
		</control>
		<control type="radiobutton" id="8">
			<description>Default RadioButton</description>
			<include>settingsButton</include>
		</control>
		<control type="spincontrolex" id="9">
			<description>Default SpinControlex</description>
			<include>settingsButton</include>
		</control>
		<control type="button" id="10">
			<description>Default Category Button</description>
			<label>[UPPERCASE]224[/UPPERCASE]</label>
			<include>categoryButton</include>
		</control>
		<control type="image">
			<posx>311</posx>
			<height>1080</height>
			<width>29</width>
			<texture>settings/separator.png</texture>
			<aspectratio align="right">stretch</aspectratio>
			<include>transition_Container</include>
			<visible>!Window.IsActive(progressdialog)</visible>
		</control>
	</controls>
</window>
