﻿<window id="125" type="dialog">
	<defaultcontrol always="true">999</defaultcontrol>
	<include>dialogOpenLeft</include>
	<coordinates>
		<system>1</system>
		<posx>50</posx>
		<posy>48</posy>
	</coordinates>

	<controls>
		<control type="group">	
			<posx>0</posx>
			<posy>0</posy>
			<control type="image" id="1">
				<include>dialogWindow</include>
				<width>566</width>
				<height>625</height>
			</control>
			<control type="label">
				<description>heading label</description>
				<width>529</width>
				<label>$LOCALIZE[298]</label>
				<include>dialogHeading</include>
			</control>
			<control type="image">
				<posx>19</posx>
				<posy>76</posy>
				<width>529</width>
				<include>dialogSeparator</include>
			</control>
			<control type="image">
				<posx>19</posx>
				<posy>226</posy>
				<width>529</width>
				<include>dialogSeparator</include>
			</control>
			<control type="image">
				<posx>19</posx>
				<posy>375</posy>
				<width>529</width>
				<include>dialogSeparator</include>
			</control>
			<control type="image">
				<posx>19</posx>
				<posy>524</posy>
				<width>529</width>
				<include>dialogSeparator</include>
			</control>
			
			<control type="panel" id="11">
				<posx>18</posx>
				<posy>77</posy>
				<width>530</width>
				<height>447</height>
				<onleft>2</onleft>
				<onright>2</onright>
				<onup>11</onup>
				<ondown>11</ondown>
				<scrolltime>150</scrolltime>
				<orientation>vertical</orientation>
				<include>fadeinout</include>
				<itemlayout width="265" height="149">
					<control type="largeimage">
						<posx>0</posx>
						<posy>0</posy>
						<width>265</width>
						<height>149</height>
						<texture>$INFO[ListItem.Thumb]</texture>
						<aspectratio scalediffuse="false" align="center">scale</aspectratio>
						<animation effect="fade" start="100" end="65" time="250" condition="true">Conditional</animation>
					</control>
					<control type="label">
						<posx>132</posx>
						<posy>110</posy>
						<width>265</width>
						<align>center</align>
						<label>$INFO[ListItem.Label]</label>
						<font>normal</font>
						<textcolor>Color1</textcolor>
						<shadowcolor>black</shadowcolor>
						<animation effect="fade" start="100" end="65" time="250" condition="true">Conditional</animation>
					</control>
				</itemlayout>
				<focusedlayout width="265" height="149">
					<control type="largeimage">
						<posx>0</posx>
						<posy>0</posy>
						<width>265</width>
						<height>149</height>
						<texture>$INFO[ListItem.Thumb]</texture>
						<aspectratio scalediffuse="false" align="center">scale</aspectratio>
						<animation effect="fade" start="65" end="100" time="250" condition="true">Focus</animation>
					</control>
					<control type="label">
						<posx>132</posx>
						<posy>110</posy>
						<width>265</width>
						<align>center</align>
						<label>$INFO[ListItem.Label]</label>
						<font>normal</font>
						<textcolor>Color1</textcolor>
						<shadowcolor>black</shadowcolor>
						<animation effect="fade" start="65" end="100" time="250" condition="true">Focus</animation>
					</control>
				</focusedlayout>	
			</control>
			
			<control type="image">
				<posx>283</posx>
				<posy>77</posy>
				<height>447</height>
				<include>dialogSeparatorVertical</include>
			</control>

			<control type="group" id="999">
				<posx>98</posx>
				<posy>545</posy>
				<include>fadeinout</include>
				<control type="button" id="2">
					<description>Create Bookmark button</description>
					<posx>0</posx>
					<width>180</width>
					<label>294</label>
					<onleft>4</onleft>
					<onright>3</onright>
					<onup>11</onup>
					<ondown>11</ondown>
					<include>dialogButton</include>
				</control>
				<control type="button" id="3">
					<description>Clear Bookmarks button</description>
					<posx>190</posx>
					<width>180</width>
					<label>296</label>
					<onleft>2</onleft>
					<onright>4</onright>
					<onup>11</onup>
					<ondown>11</ondown>
					<include>dialogButton</include>
				</control>
			</control>
		</control>
	</controls>
</window>
