﻿<window id="122">
	<defaultcontrol>2</defaultcontrol>
	<include>dialogOpen</include>
	<coordinates>
		<system>1</system>
		<posx>340</posx>
		<posy>123</posy>
	</coordinates>
	<controls>
		<control type="image">
			<width>600</width>
			<height>475</height>
			<include>dialogWindow</include>
		</control>
		<control type="label" id="3">
			<description>heading label</description>
			<width>532</width>
			<scroll>true</scroll>
			<include>dialogHeading</include>
		</control>
		<control type="image">
			<posx>19</posx>
			<posy>75</posy>
			<width>563</width>
			<include>dialogSeparator</include>
		</control>
		<control type="label" id="4">
			<description>No presets Label</description>
			<posx>19</posx>
			<posy>220</posy>
			<width>563</width>
			<align>center</align>
			<label>13389</label>
			<textcolor>Color4</textcolor>
			<font>normal</font>
		</control>
		<control type="list" id="2">
			<posx>19</posx>
			<posy>75</posy>
			<width>563</width>
			<height>320</height>
			<onup>2</onup>
			<onleft>-</onleft>
			<onright>-</onright>
			<ondown>2</ondown>
			<scrolltime>200</scrolltime>
			<itemlayout height="40">
				<control type="image">
					<width>600</width>
					<include>dialog_CommonList</include>
				</control>
				<control type="label">
					<width>563</width>
					<info>ListItem.Label</info>
					<include>dialog_CommonListItem</include>
				</control>
			</itemlayout>
			<focusedlayout height="40">
				<control type="image">
					<width>600</width>
					<height>40</height>
					<include>dialog_CommonListFocus</include>
				</control>
				<control type="label">
					<width>563</width>
					<info>ListItem.Label</info>
					<include>dialog_CommonListItemFocus</include>
				</control>
			</focusedlayout>
		</control>
		<control type="label">
			<posx>34</posx>
			<posy>405</posy>
			<width>534</width>
			<height>30</height>
			<align>center</align>
			<aligny>center</aligny>
			<font>small</font>
			<label>$INFO[Container(2).CurrentPage]/$INFO[Container(2).NumPages]</label>
			<visible>!Control.IsVisible(451) + !Control.IsVisible(4)</visible>
			<textcolor>Color4</textcolor>
			<shadowcolor>fff4f4f4</shadowcolor>
		</control>
	</controls>
</window>