﻿<window id="139">
	<defaultcontrol>5</defaultcontrol>
	<include>dialogOpen</include>
	<coordinates>
		<system>1</system>
		<posx>265</posx>
		<posy>70</posy>
	</coordinates>
	<controls>
		<control type="group">
			<control type="image">
				<width>750</width>
				<height>555</height>
				<include>dialogWindow</include>
			</control>
			<control type="label" id="1">
				<width>682</width>
				<label>13406</label>
				<include>dialog_Windowtitle</include>
			</control>
			<control type="group">
				<posx>19</posx>
				<posy>75</posy>
				<control type="image">
					<width>712</width>
					<include>dialog_Separator</include>
				</control>
				<control type="list" id="5">
					<posy>1</posy>
					<width>713</width>
					<height>400</height>
					<onup>5</onup>
					<ondown>5</ondown>
					<scrolltime>200</scrolltime>
					<itemlayout height="40">
						<control type="image">
							<width>713</width>
							<include>dialog_CommonList</include>
						</control>
						<control type="label">
							<posx>20</posx>
							<width>600</width>
							<label>$INFO[ListItem.Label]</label>
							<font>smallerCaps</font>
							<include>dialog_CommonListItem</include>
						</control>
						<control type="label">
							<posx>693</posx>
							<width>473</width>
							<label>$INFO[ListItem.Label2]</label>
							<align>right</align>
							<include>dialog_CommonListItem</include>
						</control>
					</itemlayout>
					<focusedlayout height="40">
						<control type="image">
							<width>713</width>
							<include>dialog_CommonListFocus</include>
						</control>
						<control type="label">
							<posx>20</posx>
							<width>600</width>
							<label>$INFO[ListItem.Label]</label>
							<font>smallerCaps</font>
							<include>dialog_CommonListItemFocus</include>
						</control>
						<control type="label">
							<posx>693</posx>
							<width>473</width>
							<label>$INFO[ListItem.Label2]</label>
							<align>right</align>
							<include>dialog_CommonListItemFocus</include>
						</control>
					</focusedlayout>
				</control>
			</control>
			<control type="label">
				<posx>34</posx>
				<posy>485</posy>
				<width>682</width>
				<label>$INFO[Container(5).CurrentPage]/$INFO[Container(5).NumPages]</label>
				<include>dialog_Label-pages</include>
			</control>
		</control>
	</controls>
</window>