<window id="601">
	<defaultcontrol always="true">9000</defaultcontrol>
	<include>dialogOpen</include>
	<coordinates>
		<system>1</system>
		<posx>351</posx>
		<posy>100</posy>
	</coordinates>
	<controls>
		<control type="group">
			<control type="image">
				<width>582</width>
				<height>568</height>
				<include>dialogWindow</include>
			</control>
			<control type="label" id="1">
				<description>heading label</description>
				<width>514</width>
				<scroll>true</scroll>
				<label>$INFO[ListItem.Title]</label>
				<include>dialog_Windowtitle</include>
			</control>
			<control type="group">
				<posx>19</posx>
				<posy>75</posy>
				<control type="image">
					<width>544</width>
					<include>dialog_Separator</include>
				</control>
				<control type="image">
					<posy>40</posy>
					<width>544</width>
					<include>dialog_Separator</include>
				</control>
				<control type="image">
					<posy>80</posy>
					<width>544</width>
					<include>dialog_Separator</include>
				</control>
				<control type="image">
					<posy>120</posy>
					<width>544</width>
					<include>dialog_Separator</include>
				</control>
				<control type="image">
					<posy>160</posy>
					<width>544</width>
					<include>dialog_Separator</include>
				</control>
				<control type="image">
					<posy>200</posy>
					<width>544</width>
					<include>dialog_Separator</include>
				</control>
			</control>
			<control type="grouplist" id="1">
				<posx>34</posx>
				<posy>75</posy>
				<width>514</width>
				<height>305</height>
				<itemgap>0</itemgap>
				<control type="label">
					<width>514</width>
					<label>[B]$LOCALIZE[552][/B] $INFO[ListItem.StartDate]</label>
					<font>smallerCaps</font>
					<height>40</height>
					<include>dialog_CommonListItem</include>
				</control>
				<control type="label">
					<width>514</width>
					<label>[B]$LOCALIZE[142][/B] $INFO[ListItem.StartTime] - $INFO[ListItem.EndTime]</label>
					<font>smallerCaps</font>
					<height>40</height>
					<include>dialog_CommonListItem</include>
				</control>
				<control type="label">
					<width>514</width>
					<label>[B]$LOCALIZE[19148][/B] $INFO[ListItem.ChannelName]</label>
					<font>smallerCaps</font>
					<height>40</height>
					<include>dialog_CommonListItem</include>
				</control>
				<control type="label">
					<width>514</width>
					<label>[B]$LOCALIZE[180][/B] $INFO[ListItem.Duration]</label>
					<font>smallerCaps</font>
					<height>40</height>
					<include>dialog_CommonListItem</include>
				</control>
				<control type="label">
					<width>514</width>
					<label>[B]$LOCALIZE[135][/B] $INFO[ListItem.Genre]</label>
					<font>smallerCaps</font>
					<height>40</height>
					<include>dialog_CommonListItem</include>
				</control>
			</control>
			<control type="textbox" id="400">
				<description>plot</description>
				<posx>34</posx>
				<posy>290</posy>
				<width>514</width>
				<height>190</height>
				<font>descriptionSmall</font>
				<textcolor>Color4</textcolor>
				<align>left</align>
				<label>$INFO[ListItem.Plot]</label>
				<autoscroll time="2000" delay="3000" repeat="5000">true</autoscroll>
			</control>
		</control>
		<control type="group" id="9000">
			<posy>492</posy>
			<posx>34</posx>
			<!--switch-->
			<control type="button" id="5">
				<label>19165</label>
				<onleft>7</onleft>
				<onright>6</onright>
				<onup>11</onup>
				<ondown>11</ondown>
				<width>165</width>
				<include>dialog_Button</include>
			</control>
			<!--record-->
			<control type="button" id="6">
				<posx>175</posx>
				<label>Record</label>
				<onleft>5</onleft>
				<onright>7</onright>
				<onup>10</onup>
				<ondown>10</ondown>
				<width>165</width>
				<include>dialog_Button</include>
			</control>
			<!--ok-->
			<control type="button" id="7">
				<description>No button</description>
				<posx>350</posx>
				<label>186</label>
				<onleft>6</onleft>
				<onright>5</onright>
				<onup>10</onup>
				<ondown>10</ondown>
				<width>165</width>
				<include>dialog_Button</include>
			</control>
		</control>
	</controls>
</window>