﻿<window id="2001">
	<defaultcontrol always="true">8000</defaultcontrol>
	<allowoverlay>no</allowoverlay>
	<controls>
	
<!---TRIGGER------>
		<control type="button" id="7000">
			<label>SHOULD NOT SEE ME</label>
			<onleft>6000</onleft>
			<onright>53</onright>
			<width>200</width>
			<visible allowhiddenfocus="true">false</visible>
		</control>
		
<!---PAGELABELS------>
		<control type="label">
			<label>[LOWERCASE][COLOR=Color2]$INFO[ListItem.Year][/COLOR] $INFO[ListItem.Album][/LOWERCASE]</label>
			<include>PageLabelInfo</include>
			<visible>Container.Content(albums)</visible>
		</control>
		<control type="label">
			<label>[LOWERCASE]$INFO[ListItem.Artist][/LOWERCASE]</label>
			<include>PageLabelInfo</include>
			<visible>Container.Content(artists)</visible>
		</control>
		
<!---ALBUMS------>
		<control type="group">
			<posx>425</posx>
			<posy>60</posy>
			<include>transition_Container</include>
			<include>toggle_Menu</include>
			<visible>Container.Content(albums) | Container.Content(artists)</visible>
			<control type="grouplist" id="1000">
				<posy>50</posy>
				<itemgap>6</itemgap>
				<control type="label">
					<width>785</width>
					<label>$LOCALIZE[515] [COLOR=Color1]$INFO[ListItem.Genre][/COLOR]</label>
					<include>label_Small-caps</include>
					<visible>!IsEmpty(ListItem.Genre)</visible>
				</control>
				<!--albums-->
				<control type="label">
					<width>785</width>
					<label>$LOCALIZE[175] [COLOR=Color1]$INFO[ListItem.Property(Album_Mood)][/COLOR]</label>
					<include>label_Small-caps</include>
					<visible>!IsEmpty(ListItem.Property(Album_Mood))</visible>
				</control>
				<control type="label">
					<width>785</width>
					<label>$LOCALIZE[176] [COLOR=Color1]$INFO[ListItem.Property(Album_Style)][/COLOR]</label>
					<include>label_Small-caps</include>
					<visible>!IsEmpty(ListItem.Property(Album_Style))</visible>
				</control>
				<control type="label">
					<width>785</width>
					<label>$LOCALIZE[21895] [COLOR=Color1]$INFO[ListItem.Property(Album_Theme)][/COLOR]</label>
					<include>label_Small-caps</include>
					<visible>!IsEmpty(ListItem.Property(Album_Theme))</visible>
				</control>
				<control type="label">
					<width>785</width>
					<label>$LOCALIZE[146] [COLOR=Color1]$INFO[ListItem.Property(Album_Type)][/COLOR]</label>
					<include>label_Small-caps</include>
					<visible>!IsEmpty(ListItem.Property(Album_Type))</visible>
				</control>
				<control type="label">
					<width>785</width>
					<label>$LOCALIZE[21899] [COLOR=Color1]$INFO[ListItem.Property(Album_Label)][/COLOR]</label>
					<include>label_Small-caps</include>
					<visible>!IsEmpty(ListItem.Property(Album_Label))</visible>
				</control>
				<control type="label">
					<width>785</width>
					<label>$LOCALIZE[573] [COLOR=Color1]$INFO[ListItem.Path][/COLOR]</label>
					<include>label_Small-caps</include>
					<visible>!IsEmpty(ListItem.Path)</visible>
				</control>
				<!--artists-->
				<control type="label">
					<width>770</width>
					<label>$LOCALIZE[21893] [COLOR=Color1]$INFO[ListItem.Property(Artist_Born)][/COLOR]</label>
					<include>label_Small-caps</include>
					<visible>!IsEmpty(ListItem.Property(Artist_Born))</visible>
				</control>
				<control type="label">
					<width>770</width>
					<label>$LOCALIZE[21894] [COLOR=Color1]$INFO[ListItem.Property(Artist_Formed)][/COLOR]</label>
					<include>label_Small-caps</include>
					<visible>!IsEmpty(ListItem.Property(Artist_Formed))</visible>
				</control>
				<control type="label">
					<width>770</width>
					<label>$LOCALIZE[21897] [COLOR=Color1]$INFO[ListItem.Property(Artist_Died)][/COLOR]</label>
					<include>label_Small-caps</include>
					<visible>!IsEmpty(ListItem.Property(Artist_Died))</visible>
				</control>
				<control type="label">
					<width>770</width>
					<label>$LOCALIZE[21896] [COLOR=Color1]$INFO[ListItem.Property(Artist_Disbanded)][/COLOR]</label>
					<include>label_Small-caps</include>
					<visible>!IsEmpty(ListItem.Property(Artist_Disbanded))</visible>
				</control>
				<control type="label">
					<width>770</width>
					<label>$LOCALIZE[175] [COLOR=Color1]$INFO[ListItem.Property(Artist_Mood)][/COLOR]</label>
					<include>label_Small-caps</include>
					<visible>!IsEmpty(ListItem.Property(Artist_Mood))</visible>
				</control>
				<control type="label">
					<width>770</width>
					<label>$LOCALIZE[176] [COLOR=Color1]$INFO[ListItem.Property(Artist_Style)][/COLOR]</label>
					<include>label_Small-caps</include>
					<visible>!IsEmpty(ListItem.Property(Artist_Style))</visible>
				</control>
				<control type="label">
					<width>770</width>
					<label>$LOCALIZE[21892] [COLOR=Color1]$INFO[ListItem.Property(Instruments)][/COLOR]</label>
					<include>label_Small-caps</include>
					<visible>!IsEmpty(ListItem.Property(Instruments))</visible>
				</control>
				<control type="label">
					<width>770</width>
					<label>$LOCALIZE[21898] [COLOR=Color1]$INFO[ListItem.Property(Artist_YearsActive)][/COLOR]</label>
					<include>label_Small-caps</include>
					<visible>!IsEmpty(ListItem.Property(Artist_YearsActive))</visible>
				</control>
				<control type="label">
					<width>785</width>
					<label></label>
					<include>label_Small-caps</include>
				</control>
				<!--common functions-->
				<control type="group" id="8000">
					<height>45</height>
					<control type="button" id="8">
						<label>$LOCALIZE[1024]</label>
						<onleft>6000</onleft>
						<onright>5</onright>
						<ondown>50</ondown>
						<onclick>Close</onclick>
						<include>button_Inline</include>
					</control>
					<!--bio/disco-->
					<control type="button" id="5">
						<posx>134</posx>
						<width>150</width>
						<label>$LOCALIZE[206]</label>
						<onleft>8</onleft>
						<onright>11</onright>
						<ondown>50</ondown>
						<include>button_Inline</include>
					</control>
				</control>
				<!--descriptions--->
				<control type="textbox" id="4">
					<width>740</width>
					<height>325</height>
					<label>$INFO[ListItem.Property(Artist_Description)]</label>
					<font>descriptionSmall</font>
					<visible>Container.Content(artists)</visible>
				</control>
				<control type="textbox" id="4">
					<width>785</width>
					<height>300</height>
					<label>$INFO[ListItem.Property(AlbumReview)]</label>
					<font>descriptionSmall</font>
					<visible>Container.Content(albums)</visible>
				</control>
				<!--discography-->
				<control type="list" id="50">
					<width>785</width>
					<height>308</height>
					<onleft>8</onleft>
					<onright>5</onright>
					<onup>50</onup>
					<ondown>50</ondown>
					<orientation>vertical</orientation>
					<scrolltime>200</scrolltime>
					<itemlayout height="44">
						<control type="image">
							<width>785</width>
							<include>column_Single</include>
						</control>
						<control type="label">
							<posx>15</posx>
							<width>655</width>
							<label>$INFO[ListItem.Label]</label>
							<include>column_Label</include>
						</control>
						<control type="label">
							<posx>770</posx>
							<width>100</width>
							<align>right</align>
							<label>$INFO[ListItem.Duration]</label>
							<include>column_Label</include>
						</control>
					</itemlayout>
					<focusedlayout height="44">
						<control type="image">
							<width>785</width>
							<include>column_Single-focus</include>
						</control>
						<control type="label">
							<posx>15</posx>
							<width>655</width>
							<label>$INFO[ListItem.Label]</label>
							<include>column_Label-focus</include>
						</control>
						<control type="label">
							<posx>770</posx>
							<width>100</width>
							<align>right</align>
							<label>$INFO[ListItem.Duration]</label>
							<include>column_Label-focus</include>
						</control>
					</focusedlayout>
				</control>
			</control>
		</control>

<!---IMAGES------>
		<control type="group">
			<posx>10</posx>
			<posy>80</posy>
			<include>transition_Container</include>
			<include>toggle_Menu</include>
			<control type="image">
				<width>400</width>
				<height>400</height>
				<texture fallback="thumbs/album.png" background="true">$INFO[ListItem.Thumb]</texture>
				<bordertexture border="31">frames/frame_Square.png</bordertexture>
				<bordersize>22</bordersize>
				<aspectratio>scale</aspectratio>
				<visible>Container.Content(albums)</visible>
			</control>
			<control type="image">
				<width>400</width>
				<height>400</height>
				<texture fallback="thumbs/artist.png" background="true">$INFO[ListItem.Thumb]</texture>
				<bordertexture border="31">frames/frame_Square.png</bordertexture>
				<bordersize>22</bordersize>
				<aspectratio align="center">keep</aspectratio>
				<visible>Container.Content(artists)</visible>
			</control>
		</control>

<!---FLAGS------>
		<control type="group">
			<posx>150</posx>
			<posy>500</posy>
			<include>flags_Label-info</include>
			<include>transition_Container</include>
			<include>toggle_Menu</include>
			<visible>!Container.Content(artists)</visible>
		</control>

<!---INCLUDES------>	
		<include>menu_Info-music</include>
		<include>nav_Indicator-info</include>
	</controls>
</window>