﻿<window id="3">
	<defaultcontrol always="true">20</defaultcontrol>
	<allowoverlay>yes</allowoverlay>
	<controls>
		<include>global_Background</include>
		<include>global_Includes</include>
		<control type="group">
			<control type="label">
				<include>PageLabel</include>
				<label>$LOCALIZE[31969]</label>
			</control>
			<control type="group">
				<posx>38</posx>
				<posy>58</posy>
				<control type="label">
					<width>500</width>
					<label>$INFO[Container(20).NumItems] $LOCALIZE[31116]</label>
					<font>smallerCaps</font>
					<textcolor>Color3</textcolor>
					<include>transition_PageLabel</include>
					<visible>Control.HasFocus(20)</visible>
				</control>
				<control type="label">
					<width>500</width>
					<label>$INFO[Container(21).NumItems] $LOCALIZE[31116]</label>
					<font>smallerCaps</font>
					<textcolor>Color3</textcolor>
					<include>transition_PageLabel</include>
					<visible>Control.HasFocus(21)</visible>
				</control>
			</control>
		</control>
		<control type="group">
			<include>transition_Container</include>
			<control type="group">
				<posy>110</posy>
				<!--left column label-->
				<control type="label" id="101">
					<posx>85</posx>
					<width>550</width>
					<include>column_Header</include>
				</control>
				<!--right column label-->
				<control type="label" id="102">
					<posx>655</posx>
					<width>550</width>
					<include>column_Header</include>
				</control>
			</control>
			<control type="list" id="20">
				<posx>70</posx>
				<posy>145</posy>
				<width>568</width>
				<height>528</height>
				<onleft>21</onleft>
				<onright>21</onright>
				<onup>20</onup>
				<ondown>20</ondown>
				<scrolltime>1</scrolltime>
				<animation effect="fade" start="100" end="60" time="200" condition="Control.HasFocus(21)">Conditional</animation>
				<itemlayout height="44">
					<control type="image">
						<width>568</width>
						<colordiffuse>column3</colordiffuse>
						<include>column_Left</include>
					</control>
					<control type="label">
						<posx>15</posx>
						<width>400</width>
						<label>$INFO[ListItem.Label]</label>
						<include>column_Label</include>
					</control>
					<control type="label">
						<posx>550</posx>
						<width>400</width>
						<align>right</align>
						<label>$INFO[ListItem.Label2]</label>
						<include>column_Label</include>
					</control>
				</itemlayout>
				<focusedlayout width="550" height="44">
					<control type="image">
						<width>568</width>
						<colordiffuse>column1</colordiffuse>
						<include>column_Left</include>
					</control>
					<control type="label">
						<posx>15</posx>
						<width>400</width>
						<label>$INFO[ListItem.Label]</label>
						<include>column_Label-focus</include>
					</control>
					<control type="label">
						<posx>550</posx>
						<width>400</width>
						<align>right</align>
						<label>$INFO[ListItem.Label2]</label>
						<include>column_Label-focus</include>
					</control>
				</focusedlayout>
			</control>
			<control type="list" id="21">
				<posx>642</posx>
				<posy>145</posy>
				<width>568</width>
				<height>528</height>
				<onleft>20</onleft>
				<onright>20</onright>
				<onup>21</onup>
				<ondown>21</ondown>
				<scrolltime>1</scrolltime>
				<animation effect="fade" start="100" end="60" time="200" condition="Control.HasFocus(20)">Conditional</animation>
				<itemlayout height="44">
					<control type="image">
						<width>568</width>
						<colordiffuse>column3</colordiffuse>
						<include>column_Right</include>
					</control>
					<control type="label">
						<posx>15</posx>
						<width>400</width>
						<label>$INFO[ListItem.Label]</label>
						<include>column_Label</include>
					</control>
					<control type="label">
						<posx>550</posx>
						<width>400</width>
						<align>right</align>
						<label>$INFO[ListItem.Label2]</label>
						<include>column_Label</include>
					</control>
				</itemlayout>
				<focusedlayout width="550" height="44">
					<control type="image">
						<width>568</width>
						<colordiffuse>column1</colordiffuse>
						<include>column_Right</include>
					</control>
					<control type="label">
						<posx>15</posx>
						<width>400</width>
						<label>$INFO[ListItem.Label]</label>
						<include>column_Label-focus</include>
					</control>
					<control type="label">
						<posx>550</posx>
						<width>400</width>
						<align>right</align>
						<label>$INFO[ListItem.Label2]</label>
						<include>column_Label-focus</include>
					</control>
				</focusedlayout>
			</control>
		</control>
	</controls>
</window>