﻿<includes>
	<include name="HomeMenu2">

		<control type="group">
			<posx>50</posx>
			<posy>75</posy>
			<include>transition_HomeMenu2</include>
			<control type="image">
				<width>325</width>
				<height>65</height>
				<texture flipy="true" border="8">home/column_Top.png</texture>
				<colordiffuse>ff000000</colordiffuse>
			</control>
			<control type="group">
				<posx>15</posx>
				<control type="label">
					<label>[UPPERCASE]$INFO[System.Time][/UPPERCASE]</label>
					<width>270</width>
					<height>43</height>
					<font>home2</font>
					<textcolor>Color1</textcolor>
					<visible>![substring(system.time,PM,right) | substring(system.time,AM,right)]</visible>
				</control>
				<control type="label">
					<label>[UPPERCASE]$INFO[System.Time(hh:mm),, ][COLOR=Color2]$LOCALIZE[379][/COLOR][/UPPERCASE]</label>
					<width>270</width>
					<height>43</height>
					<font>home2</font>
					<textcolor>Color1</textcolor>
					<visible>substring(system.time,PM,right)</visible>
				</control>
				<control type="label">
					<label>[UPPERCASE]$INFO[System.Time(hh:mm),, ][COLOR=Color2]$LOCALIZE[378][/COLOR][/UPPERCASE]</label>
					<width>270</width>
					<height>43</height>
					<font>home2</font>
					<textcolor>Color1</textcolor>
					<visible>substring(system.time,AM,right)</visible>
				</control>
				<control type="label">
					<posy>31</posy>
					<width>270</width>
					<height>30</height>
					<label>$INFO[System.Date(DDD)] $INFO[System.Date(d)] $INFO[System.Date(MMM)]</label>
					<textcolor>Color3</textcolor>
					<font>home2Alt</font>
				</control>
			</control>

			<control type="image">
				<posy>66</posy>
				<width>325</width>
				<height>55</height>
				<texture flipy="true" border="8">home/column.png</texture>
				<colordiffuse>ff000000</colordiffuse>
				<visible>Player.HasMedia + Skin.HasSetting(homemenu.playing)</visible>
			</control>

			<control type="group">
				<posx>7</posx>
				<visible>Player.HasMedia + Skin.HasSetting(homemenu.playing)</visible>
				<control type="image">
					<posy>69</posy>
					<width>48</width>
					<height>48</height>
					<texture>defaultplaylist.png</texture>
					<colordiffuse>Color3</colordiffuse>
					<visible>Player.HasVideo</visible>
				</control>
				<control type="image">
					<posy>69</posy>
					<width>48</width>
					<height>48</height>
					<texture>defaultAudio.png</texture>
					<colordiffuse>Color3</colordiffuse>
					<visible>Player.HasAudio</visible>
				</control>
			</control>

			<control type="grouplist">
				<posx>65</posx>
				<posy>72</posy>
				<width>325</width>
				<itemgap>0</itemgap>
				<visible>Skin.HasSetting(homemenu.playing)</visible>
				<control type="label">
					<width>270</width>
					<height>20</height>
					<label>[B]$INFO[VideoPlayer.TVShowTitle][/B]</label>
					<textcolor>Color3</textcolor>
					<font>smallerCaps</font>
					<visible>Player.HasVideo</visible>
				</control>
				<control type="label">
					<width>270</width>
					<height>20</height>
					<label>$INFO[VideoPlayer.Title]</label>
					<textcolor>Color3</textcolor>
					<font>home2Alt</font>
					<visible>Player.HasVideo</visible>
				</control>
				<control type="label">
					<width>270</width>
					<height>20</height>
					<label>[B]$INFO[MusicPlayer.Title][/B]</label>
					<textcolor>Color3</textcolor>
					<font>smallerCaps</font>
					<visible>Player.HasAudio</visible>
				</control>
				<control type="label">
					<width>270</width>
					<height>20</height>
					<label>$INFO[MusicPlayer.Artist]</label>
					<textcolor>Color3</textcolor>
					<font>smallerCaps</font>
					<visible>Player.HasAudio</visible>
				</control>
			</control>

			<control type="grouplist" id="8000">
				<posy>66</posy>
				<width>350</width>
				<itemgap>0</itemgap>
				<animation effect="slide" start="0,0" end="0,56" time="150" tween="Cubic" condition="Player.HasMedia + Skin.HasSetting(homemenu.playing)">Conditional</animation>
				<control type="grouplist" id="9000">
					<width>350</width>
					<height>509</height>
					<itemgap>1</itemgap>
					<onleft>-</onleft>
					<onright>-</onright>
					<onup>9000</onup>
					<ondown>9000</ondown>
					<scrolltime tween="Quadratic" easing="Out">400</scrolltime>

					<!---videos
					<control type="button" id="109">
						<label>$INFO[VideoPlayer.TVShowTitle,,: ][CR]$INFO[VideoPlayer.Artist,, - ]$INFO[VideoPlayer.Title]</label>
						<label2>[COLOR=column4] ›[/COLOR]</label2>
						<font>smallerCaps</font>
						<height>60</height>
						<colordiffuse>column2</colordiffuse>
						<onclick>ActivateWindow(Videos,files)</onclick>
						<textoffsetx>70</textoffsetx>
						<include>button_Home-item</include>
						<visible>Player.HasVideo + Skin.HasSetting(homemenu.playing)</visible>
					</control>--->

					<!---videos--->
					<control type="button" id="110">
						<label>$LOCALIZE[157]</label>
						<onup>1000</onup>
						<onright>SetProperty(Home.Item,videos)</onright>
						<onclick>ActivateWindow(Videos,files)</onclick>
						<width>337</width>
						<texturenofocus border="8,8,22,8">home/column_Right.png</texturenofocus>
						<texturefocus border="8,8,22,8">home/column_Right-focus.png</texturefocus>
						<include>button_Home-item</include>
					</control>
					<control type="button" id="111">
						<label>$LOCALIZE[136]</label>
						<onleft>SetFocus(110)</onleft>
						<onclick>ActivateWindow(MyVideoLibrary,playlists)</onclick>
						<include>button_Home-subitem</include>
						<visible>StringCompare(Window.Property(Home.Item),videos) + Skin.HasSetting(videomenu.videoplaylists)</visible>
					</control>
					<control type="button" id="112">
						<label>$INFO[Skin.String(videomenu.playlist1.label)]</label>
						<onleft>SetFocus(110)</onleft>
						<onclick>ActivateWindow(myvideolibrary,$INFO[Skin.String(videomenu.playlist1.path)])</onclick>
						<include>button_Home-subitem</include>
						<visible>StringCompare(Window.Property(Home.Item),videos) + Skin.HasSetting(videomenu.playlist1)</visible>
					</control>
					<control type="button" id="113">
						<label>$INFO[Skin.String(videomenu.playlist2.label)]</label>
						<onleft>SetFocus(110)</onleft>
						<onclick>ActivateWindow(myvideolibrary,$INFO[Skin.String(videomenu.playlist2.path)])</onclick>
						<include>button_Home-subitem</include>
						<visible>StringCompare(Window.Property(Home.Item),videos) + Skin.HasSetting(videomenu.playlist2)</visible>
					</control>
					<control type="button" id="114">
						<label>$INFO[Skin.String(videomenu.playlist3.label)]</label>
						<onleft>SetFocus(110)</onleft>
						<onclick>ActivateWindow(myvideolibrary,$INFO[Skin.String(videomenu.playlist3.path)])</onclick>
						<include>button_Home-subitem</include>
						<visible>StringCompare(Window.Property(Home.Item),videos) + Skin.HasSetting(videomenu.playlist3)</visible>
					</control>
					<control type="button" id="115">
						<label>$INFO[Skin.String(videomenu.playlist4.label)]</label>
						<onleft>SetFocus(110)</onleft>
						<onclick>ActivateWindow(myvideolibrary,$INFO[Skin.String(videomenu.playlist4.path)])</onclick>
						<include>button_Home-subitem</include>
						<visible>StringCompare(Window.Property(Home.Item),videos) + Skin.HasSetting(videomenu.playlist4)</visible>
					</control>
					<control type="button" id="116">
						<label>$LOCALIZE[24001]</label>
						<onleft>SetFocus(110)</onleft>
						<onclick>ActivateWindow(VideoLibrary,Addons)</onclick>	
						<include>button_Home-subitem</include>
						<visible>StringCompare(Window.Property(Home.Item),videos)</visible>
					</control>

					<!--movies-->
					<control type="button" id="200">
						<label>$LOCALIZE[342]</label>
						<label2>[COLOR=column4]$INFO[Window.Property(Movies.Count)] [/COLOR]</label2>
						<onclick>ActivateWindow(MyVideoLibrary,movietitles)</onclick>
						<onright>SetProperty(Home.Item,movies)</onright>
						<width>337</width>
						<texturenofocus border="8,8,22,8">home/column_Right.png</texturenofocus>
						<texturefocus border="8,8,22,8">home/column_Right-focus.png</texturefocus>
						<include>button_Home-item</include>
					</control>
					<control type="button" id="201">
						<label>$LOCALIZE[31095]</label>
						<onleft>SetFocus(200)</onleft>
						<onright>SetProperty(Home.Item,newmovies)</onright>
						<onclick>ActivateWindow(MyVideoLibrary,recentlyaddedmovies)</onclick>
						<include>button_Home-subitem</include>
						<visible>StringCompare(Window.Property(Home.Item),movies) + Skin.HasSetting(videomenu.recentvideo)</visible>
					</control>
					<control type="button" id="202">
						<label>$LOCALIZE[16101]</label>
						<label2>[COLOR=Color2]$INFO[Window.Property(Movies.UnWatched)][/COLOR]</label2>
						<onleft>SetFocus(200)</onleft>
						<onclick>ActivateWindow(MyVideoLibrary,special://skin/playlists/Unwatched Movies.xsp)</onclick>
						<include>button_Home-subitem</include>
						<visible>StringCompare(Window.Property(Home.Item),movies)</visible>
					</control>
					<control type="button" id="203">
						<label>$LOCALIZE[135]</label>
						<onleft>SetFocus(200)</onleft>
						<onclick>ActivateWindow(MyVideoLibrary,moviegenres)</onclick>
						<include>button_Home-subitem</include>
						<visible>StringCompare(Window.Property(Home.Item),movies)</visible>
					</control>
					<control type="button" id="204">
						<label>$LOCALIZE[31011]</label>
						<onleft>SetFocus(200)</onleft>
						<onclick>XBMC.ActivateWindow(MyVideoLibrary, plugin://plugin.video.apple.movie.trailers.lite/)</onclick>
						<include>button_Home-subitem</include>
						<visible>StringCompare(Window.Property(Home.Item),movies) + Skin.HasSetting(videomenu.trailers)</visible>
					</control>
					<!--
					<control type="button" id="250">
						<label>$INFO[Window.Property(LatestMovie.1.Title)]</label>
						<onleft>SetFocus(200)</onleft>
						<onclick>PlayMedia($INFO[Window.Property(LatestMovie.1.Path)])</onclick>
						<include>button_Home-subitem</include>
						<visible>StringCompare(Window.Property(Home.Item),newmovies)</visible>
					</control>
					<control type="button" id="251">
						<label>$INFO[Window.Property(LatestMovie.2.Title)]</label>
						<onleft>SetFocus(200)</onleft>
						<onclick>PlayMedia($INFO[Window.Property(LatestMovie.2.Path)])</onclick>
						<include>button_Home-subitem</include>
						<visible>StringCompare(Window.Property(Home.Item),newmovies)</visible>
					</control>
					<control type="button" id="252">
						<label>$INFO[Window.Property(LatestMovie.3.Title)]</label>
						<onleft>SetFocus(200)</onleft>
						<onclick>PlayMedia($INFO[Window.Property(LatestMovie.3.Path)])</onclick>
						<include>button_Home-subitem</include>
						<visible>StringCompare(Window.Property(Home.Item),newmovies)</visible>
					</control>
					<control type="button" id="253">
						<label>$INFO[Window.Property(LatestMovie.4.Title)]</label>
						<onleft>SetFocus(200)</onleft>
						<onclick>PlayMedia($INFO[Window.Property(LatestMovie.4.Path)])</onclick>
						<include>button_Home-subitem</include>
						<visible>StringCompare(Window.Property(Home.Item),newmovies)</visible>
					</control>
					-->
					<!---tv shows--->
					<control type="button" id="300">
						<label>$LOCALIZE[20343]</label>
						<label2>[COLOR=column4]$INFO[Window.Property(TVShows.Count)] [/COLOR]</label2>
						<onright>SetProperty(Home.Item,tvshows)</onright>
						<onclick>ActivateWindow(MyVideoLibrary,tvshowtitles)</onclick>
						<width>337</width>
						<texturenofocus border="8,8,22,8">home/column_Right.png</texturenofocus>
						<texturefocus border="8,8,22,8">home/column_Right-focus.png</texturefocus>
						<include>button_Home-item</include>
					</control>
					<control type="button" id="301">
						<label>$LOCALIZE[31094]</label>
						<onleft>SetFocus(300)</onleft>
						<onclick>ActivateWindow(MyVideoLibrary,recentlyaddedepisodes)</onclick>
						<include>button_Home-subitem</include>
						<visible>StringCompare(Window.Property(Home.Item),tvshows) + Skin.HasSetting(videomenu.recentvideo)</visible>
					</control>
					<control type="button" id="302">
						<label>$LOCALIZE[16101]</label>
						<label2>[COLOR=Color2]$INFO[Window.Property(Episodes.UnWatched)][/COLOR]</label2>
						<onleft>SetFocus(300)</onleft>
						<onclick>ActivateWindow(MyVideoLibrary,special://skin/playlists/Unwatched Episodes.xsp)</onclick>
						<include>button_Home-subitem</include>
						<visible>StringCompare(Window.Property(Home.Item),tvshows)</visible>
					</control>
					<control type="button" id="303">
						<label>$LOCALIZE[135]</label>
						<onleft>SetFocus(300)</onleft>
						<onclick>ActivateWindow(MyVideoLibrary,tvshowgenres)</onclick>
						<include>button_Home-subitem</include>
						<visible>StringCompare(Window.Property(Home.Item),tvshows)</visible>
					</control>

					<!---livetv--->
					<control type="button" id="400">
						<label>$LOCALIZE[31090]</label>
						<onright>SetProperty(Home.Item,livetv)</onright>
						<onclick>ActivateWindow(TV)</onclick>
						<width>337</width>
						<texturenofocus border="8,8,22,8">home/column_Right.png</texturenofocus>
						<texturefocus border="8,8,22,8">home/column_Right-focus.png</texturefocus>
						<include>button_Home-item</include>
						<visible>System.GetBool(pvrmanager.enabled)</visible>
					</control>
					<control type="button" id="401">
						<label>$LOCALIZE[31987]</label>
						<onleft>SetFocus(400)</onleft>
						<onclick>ActivateWindow(TV)</onclick>
						<onclick>SetFocus(31)</onclick>
						<onclick>SetFocus(11)</onclick>
						<include>button_Home-subitem</include>
						<visible>StringCompare(Window.Property(Home.Item),livetv)</visible>
					</control>
					<control type="button" id="402">
						<label>$LOCALIZE[19163]</label>
						<onleft>SetFocus(400)</onleft>
						<onclick>ActivateWindow(TV)</onclick>
						<onclick>Setfocus(34)</onclick>
						<onclick>Setfocus(13)</onclick>
						<include>button_Home-subitem</include>
						<visible>StringCompare(Window.Property(Home.Item),livetv)</visible>
					</control>
					<control type="button" id="403">
						<label>$LOCALIZE[19040]</label>
						<onleft>SetFocus(400)</onleft>
						<onclick>ActivateWindow(TV)</onclick>
						<onclick>Setfocus(35)</onclick>
						<onclick>Setfocus(14)</onclick>
						<include>button_Home-subitem</include>
						<visible>StringCompare(Window.Property(Home.Item),livetv)</visible>
					</control>

					<!---music--->
					<control type="button" id="500">
						<label>$LOCALIZE[2]</label>
						<onright>SetProperty(Home.Item,music)</onright>
						<onclick>ActivateWindow(MyMusicLibrary)</onclick>
						<width>337</width>
						<texturenofocus border="8,8,22,8">home/column_Right.png</texturenofocus>
						<texturefocus border="8,8,22,8">home/column_Right-focus.png</texturefocus>
						<include>button_Home-item</include>
						<visible>Library.HasContent(Music) + !Skin.HasSetting(homemenu.music)</visible>
					</control>
					<control type="button" id="501">
						<label>$LOCALIZE[2]</label>
						<onright>SetProperty(Home.Item,music)</onright>
						<onclick>ActivateWindow(MyMusicFiles)</onclick>
						<include>button_Home-item</include>
						<visible>!Library.HasContent(Music)</visible>
					</control>
					<control type="button" id="502">
						<label>$LOCALIZE[133]</label>
						<label2>[COLOR=Color2]$INFO[Window.Property(Music.ArtistsCount)][/COLOR]</label2>
						<onleft>SetFocus(500)</onleft>
						<onclick>ActivateWindow(MyMusicLibrary,artists)</onclick>
						<include>button_Home-subitem</include>
						<visible>StringCompare(Window.Property(Home.Item),music)</visible>
					</control>
					<control type="button" id="503">
						<label>$LOCALIZE[132]</label>
						<label2>[COLOR=Color2]$INFO[Window.Property(Music.AlbumsCount)][/COLOR]</label2>
						<onleft>SetFocus(500)</onleft>
						<onclick>ActivateWindow(MyMusicLibrary,albums)</onclick>
						<include>button_Home-subitem</include>
						<visible>StringCompare(Window.Property(Home.Item),music)</visible>
					</control>
					<control type="button" id="504">
						<label>$LOCALIZE[135]</label>
						<onleft>SetFocus(500)</onleft>
						<onclick>ActivateWindow(MyMusicLibrary,genres)</onclick>
						<include>button_Home-subitem</include>
						<visible>StringCompare(Window.Property(Home.Item),music)</visible>
					</control>
					<control type="button" id="505">
						<label>$LOCALIZE[136]</label>
						<onleft>SetFocus(500)</onleft>
						<onclick>ActivateWindow(MyMusicLibrary,playlists)</onclick>
						<include>button_Home-subitem</include>
						<visible>StringCompare(Window.Property(Home.Item),music)</visible>
					</control>
					<control type="button" id="506">
						<label>$LOCALIZE[20389]</label>
						<label2>$INFO[Window.Property(Musicvideos.Count)]</label2>
						<onleft>SetFocus(500)</onleft>
						<onclick>ActivateWindow(MyVideoLibrary,musicvideotitles)</onclick>	
						<include>button_Home-subitem</include>
						<visible>StringCompare(Window.Property(Home.Item),music) + Library.HasContent(Musicvideos)</visible>
					</control>
					<control type="button" id="507">
						<label>$LOCALIZE[15200]</label>
						<onleft>SetFocus(500)</onleft>
						<onclick>ActivateWindow(MyMusicLibrary,lastfm://)</onclick>
						<include>button_Home-subitem</include>
						<visible>StringCompare(Window.Property(Home.Item),music) + Skin.HasSetting(musicmenu.lastfm)</visible>
					</control>
					<control type="button" id="508">
						<label>$LOCALIZE[24001]</label>
						<onleft>SetFocus(500)</onleft>
						<onclick>ActivateWindow(MusicLibrary,Addons)</onclick>	
						<include>button_Home-subitem</include>
						<visible>StringCompare(Window.Property(Home.Item),music)</visible>
					</control>

					<!--pictures-->
					<control type="button" id="600">
						<label>$LOCALIZE[1]</label>
						<onright>SetProperty(Home.Item,pictures)</onright>
						<onclick>ActivateWindow(pictures)</onclick>
						<width>337</width>
						<texturenofocus border="8,8,22,8">home/column_Right.png</texturenofocus>
						<texturefocus border="8,8,22,8">home/column_Right-focus.png</texturefocus>
						<include>button_Home-item</include>
						<visible>Skin.HasSetting(homemenu.pictures) + Skin.HasSetting(homemenu.pictures)</visible>
					</control>
					<control type="button" id="601">
						<label>$LOCALIZE[24001]</label>
						<onleft>SetFocus(600)</onleft>
						<onclick>ActivateWindow(Pictures,Addons)</onclick>	
						<include>button_Home-subitem</include>
						<visible>StringCompare(Window.Property(Home.Item),pictures)</visible>
					</control>

					<!--addons-->
					<control type="button" id="700">
						<label>$LOCALIZE[24001]</label>
						<onright>SetProperty(Home.Item,addons)</onright>
						<onclick>ActivateWindow(addonbrowser)</onclick>
						<width>337</width>
						<texturenofocus border="8,8,22,8">home/column_Right.png</texturenofocus>
						<texturefocus border="8,8,22,8">home/column_Right-focus.png</texturefocus>
						<include>button_Home-item</include>
					</control>
					<control type="button" id="701">
						<label>$LOCALIZE[24043]</label>
						<onleft>SetFocus(700)</onleft>
						<onclick>ActivateWindow(addonbrowser,addons://outdated/)</onclick>
						<include>button_Home-subitem</include>
						<visible>StringCompare(Window.Property(Home.Item),addons)</visible>
					</control>
					<control type="button" id="702">
						<label>$LOCALIZE[24062]</label>
						<onleft>SetFocus(700)</onleft>
						<onclick>ActivateWindow(addonbrowser,addons://enabled/)</onclick>
						<include>button_Home-subitem</include>
						<visible>StringCompare(Window.Property(Home.Item),addons)</visible>
					</control>
					<control type="button" id="703">
						<label>$LOCALIZE[24033]</label>
						<onleft>SetFocus(700)</onleft>
						<onclick>ActivateWindow(addonbrowser,addons://all/)</onclick>
						<include>button_Home-subitem</include>
						<visible>StringCompare(Window.Property(Home.Item),addons)</visible>
					</control>
					<control type="button" id="704">
						<label>$LOCALIZE[0]</label>
						<onleft>SetFocus(700)</onleft>
						<onclick>ActivateWindow(Programs,Addons,return)</onclick>
						<include>button_Home-subitem</include>
						<visible>StringCompare(Window.Property(Home.Item),addons)</visible>
					</control>

					<!--weather-->
					<control type="button" id="800">
						<label>$LOCALIZE[8]</label>
						<label2>[COLOR=column4]$INFO[Weather.Temperature][/COLOR]</label2>
						<onclick>ActivateWindow(weather)</onclick>
						<include>button_Home-item</include>
						<visible>Skin.HasSetting(homemenu.weather)</visible>
					</control>

					<!--system-->
					<control type="button" id="900">
						<label>$LOCALIZE[13000]</label>
						<onright>SetProperty(Home.Item,system)</onright>
						<onclick>ActivateWindow(settings)</onclick>
						<width>337</width>
						<texturenofocus border="8,8,22,8">home/column_Right.png</texturenofocus>
						<texturefocus border="8,8,22,8">home/column_Right-focus.png</texturefocus>
						<include>button_Home-item</include>
					</control>
					<control type="button" id="901">
						<label>$LOCALIZE[7]</label>
						<onleft>SetFocus(900)</onleft>
						<onclick>ActivateWindow(filemanager)</onclick>
						<include>button_Home-subitem</include>
						<visible>StringCompare(Window.Property(Home.Item),system)</visible>
					</control>
					<control type="button" id="902">
						<label>$LOCALIZE[13012]</label>
						<onleft>SetFocus(900)</onleft>
						<onclick>ActivateWindow(shutdownmenu)</onclick>
						<include>button_Home-subitem</include>
						<visible>StringCompare(Window.Property(Home.Item),system)</visible>
					</control>

					<!--favourites-->
					<control type="button" id="1000">
						<label>$LOCALIZE[1036]</label>
						<ondown>110</ondown>
						<onclick>ActivateWindow(favourites)</onclick>
						<texturenofocus border="8">home/column_Bottom.png</texturenofocus>
						<texturefocus border="8">home/column_Bottom-focus.png</texturefocus>
						<include>button_Home-item</include>
					</control>
				</control>
			</control>
		</control>
	</include>
</includes>