﻿<includes>
	<include name="menu_Files">
		<control type="group" id="6000">
			<visible>!Skin.HasSetting(global.kiosk)</visible>
			<control type="grouplist" id="30">
				<posx>-275</posx>
				<posy>20</posy>
				<visible allowhiddenfocus="true">ControlGroup(6000).HasFocus + !ControlGroup(40).HasFocus + !Window.IsActive(103) + !Skin.HasSetting(global.kiosk)</visible>
				<onright>50</onright>
				<include>MenuOpen</include>
				<include>transition_Menu</include>
				<include>toggle_NumItems-menumove</include>
				<control type="group">
					<width>220</width>
					<height>42</height>
					<control type="button" id="1">
						<label>$LOCALIZE[31930]</label>
						<onup>17</onup>
						<ondown>3</ondown>
						<onright>50</onright>
						<onclick>SetFocus(40)</onclick>
						<include>button_Menu</include>
					</control>
				</control>
				<include>menu_Constants</include>
				<!--favourites-->
				<control type="group">
					<width>220</width>
					<height>42</height>
					<control type="button" id="17">
						<label>$LOCALIZE[1036]</label>
						<onup>16</onup>
						<ondown>1</ondown>
						<onright>50</onright>
						<onclick>ActivateWindow(Favourites)</onclick>
						<include>button_Menu</include>
					</control>
				</control>
			</control>
<!---viewtype selection------>
			<control type="grouplist" id="40">
				<posy>20</posy>
				<visible allowhiddenfocus="true">ControlGroup(40).HasFocus()</visible>
				<onright>50</onright>
				<include>toggle_NumItems-menumove</include>
				<!--list-->
				<control type="group">
					<width>220</width>
					<height>42</height>
					<control type="button" id="401">
						<label>$LOCALIZE[535]</label>
						<onclick>Container.SetViewMode(50)</onclick>
						<onclick>SetFocus(1)</onclick>
						<onclick>SetFocus(50)</onclick>
						<onright>30</onright>
						<onback>30</onback>
						<onup>403</onup>
						<ondown>402</ondown>
						<include>button_Menu</include>
					</control>
				</control>
				<!--thumbnails-->
				<control type="group">
					<width>220</width>
					<height>42</height>
					<visible>[Window.IsActive(2) | Window.IsActive(MusicLibrary)] + Container().HasFiles + !IsEmpty(Container.FolderPath) + !substring(container.folderpath,addons://sources/)</visible>
					<control type="button" id="402">
						<label>$LOCALIZE[31014]</label>
						<onclick>Container.SetViewMode(573)</onclick>
						<onclick>SetFocus(1)</onclick>
						<onclick>SetFocus(573)</onclick>
						<onright>30</onright>
						<onback>30</onback>
						<onup>401</onup>
						<ondown>403</ondown>
						<include>button_Menu</include>
					</control>
				</control>
				<!--thumbnails addons-->
				<control type="group">
					<width>220</width>
					<height>42</height>
					<visible>SubString(Container.FolderPath,addons) + !StringCompare(Container.FolderPath,addons://all/)</visible>
					<control type="button" id="402">
						<label>$LOCALIZE[31014]</label>
						<onclick>Container.SetViewMode(574)</onclick>
						<onclick>SetFocus(1)</onclick>
						<onclick>SetFocus(574)</onclick>
						<onright>30</onright>
						<onup>401</onup>
						<ondown>403</ondown>
						<include>button_Menu</include>
					</control>
				</control>
				<!--pictures gallery-->
				<control type="group">
					<width>220</width>
					<height>42</height>
					<visible>Window.IsActive(2) + Container().HasFiles + !IsEmpty(Container.FolderPath) + !substring(container.folderpath,addons://sources/)</visible>
					<control type="button" id="403">
						<label>$LOCALIZE[31002]</label>
						<onclick>Container.SetViewMode(53)</onclick>
						<onclick>SetFocus(1)</onclick>
						<onclick>SetFocus(572)</onclick>
						<onright>30</onright>
						<onup>402</onup>
						<ondown>401</ondown>
						<include>button_Menu</include>
					</control>
				</control>
			</control>
		</control>
	</include>
</includes>