﻿<window id="2903">
	<coordinates>
		<system>1</system>
		<posx>0</posx>
		<posy>0</posy>
	</coordinates>
	<controls>
		<control type="group">
			<visible>Player.HasAudio + !Skin.HasSetting(overlay.enable) + ![Window.IsActive(infodialog) | Window.IsActive(videoscan) | Window.IsActive(musicscan) | Window.IsActive(home) | Window.IsActive(fullscreenvideo) | Window.IsActive(614)]</visible>
			<animation type="Conditional" condition="Player.Muted | !IntegerGreaterThan(Player.Volume,-60)">
				<effect type="slide" time="0" start="0" end="-50" />
			</animation>
			<control type="label" id="200">
				<description>Line 1 Label</description>
				<posx>130r</posx>
				<width>400</width>
				<label>[UPPERCASE]$INFO[MusicPlayer.Title][/UPPERCASE]</label>
				<include>toast_Top</include>
			</control>
			<control type="label" id="201">
				<description>Line 2 Label</description>
				<posx>130r</posx>
				<width>400</width>
				<label>[UPPERCASE]$INFO[MusicPlayer.Artist][/UPPERCASE]</label>
				<include>toast_Bottom</include>
			</control>
			<control type="label" id="1">
				<posx>120r</posx>
				<label>$INFO[MusicPlayer.TimeRemaining(mm:ss)]</label>
				<include>toast_Side</include>
			</control>
		</control>
	</controls>
</window>
