﻿<window id="502">
	<defaultcontrol always="true">50</defaultcontrol>
	<allowoverlay>yes</allowoverlay>
	<views>50,52,521,53,572,573,574</views>
	<controls>
		<include>global_Background</include>
		<include>global_Includes</include>
		<include>global_Sortletter</include>
		<include>nav_Indicator</include>
		<include>PageControls</include>
		<include>pagelabels_Music</include>
		<include>view_SlideMusic</include>
		<include>view_SlideLandscape</include>
		<include>view_IconSquare</include>
		<include>view_IconSquare2</include>
		<include>view_SlideSquare</include>
		<include>view_IconLandscape</include>

<!---TRIGGER------>	
		<control type="button" id="8000">
			<label>SHOULD NOT SEE ME</label>
			<onup>54</onup>
			<ondown>54</ondown>
			<onleft>54</onleft>
			<onright>54</onright>
			<width>200</width>
			<visible allowhiddenfocus="true">false</visible>
		</control>

<!---LIST VIEW------>
		<include>view_List</include>
		<!---landscape--->
		<control type="group">
			<posx>655</posx>
			<posy>68</posy>
			<include>toggle_Menu</include>
			<include>infoDialogHide</include>
			<include>transition_Container</include>
			<visible>Control.IsVisible(50) + Container.Content(artists) + !substring(container.folderpath,plugin://)</visible>
			<control type="image">
				<include>frame_Landscape-List</include>
				<visible>!IsEmpty(Container.FolderName) + !Container.Content(files)</visible>
			</control>
			<control type="image">
				<texture fallback="thumbs/artist_landscape.png" background="true">$INFO[ListItem.Property(Fanart_Image)]</texture>
				<include>thumb_Landscape-List</include>
			</control>
		</control>
		<!---info--->
		<include>info_MusicList</include>
		<include>info_AddonList</include>

<!---SLIDE VIEW------>
		<control type="group">
			<include>toggle_Menu</include>
			<include>transition_Info</include>
			<include>infoDialogHide</include>
			<visible>Control.IsVisible(52) | Control.IsVisible(521)</visible>
			<!---flags--->
			<include>flags_Slide-studio</include>
			<!---info--->
			<control type="group">
				<posx>220</posx>
				<posy>462</posy>
				<control type="label">
					<width>1080</width>
					<label>$INFO[ListItem.Label]</label>
					<include>info_Title</include>
					<visible>!Container.Content(songs) | [Container.Content(songs) + IsEmpty(ListItem.Title)]</visible>
				</control>
				<control type="label">
					<width>1080</width>
					<label>$INFO[ListItem.Title]</label>
					<include>info_Title</include>
					<visible>Container.Content(songs)</visible>
				</control>
				<control type="group">
					<visible>Container.Content(files)</visible>
					<control type="label">
						<posy>32</posy>
						<width>980</width>
						<label>$INFO[ListItem.Label2]</label>
						<include>info_Sub</include>
					</control>
					<control type="label">
						<posy>56</posy>
						<width>980</width>
						<label>$INFO[ListItem.Date]</label>
						<include>info_Sub</include>
					</control>
				</control>
				<!---line 2--->
				<control type="group">
					<posy>32</posy>
					<control type="group">
						<visible>Container.Content(albums)</visible>
						<control type="label">
							<width>920</width>
							<label>$INFO[ListItem.Artist]$INFO[ListItem.Year, • ]$INFO[ListItem.Genre, • ]</label>
							<include>info_Sub</include>
							<visible>IsEmpty(ListItem.Property(ReleaseDate))</visible>
						</control>
					</control>
					<control type="group">
						<visible>Container.Content(artists)</visible>
						<control type="label">
							<width>980</width>
							<label>$INFO[ListItem.Property(Artist_Genre)]</label>
							<include>info_Sub</include>
						</control>
					</control>
					<control type="group">
						<visible>Container.Content(musicvideos)</visible>
						<control type="label">
							<width>980</width>
							<label>$INFO[ListItem.Artist,, • ]$INFO[ListItem.Duration,, ]$LOCALIZE[31100]</label>
							<include>info_Sub</include>
						</control>
					</control>
					<control type="grouplist">
						<itemgap>0</itemgap>
						<visible>Container.Content(songs)</visible>
						<control type="label">
							<width>980</width>
							<label>$INFO[ListItem.Artist]</label>
							<include>info_Sub</include>
						</control>
						<control type="label">
							<width>980</width>
							<label>$INFO[ListItem.Album]</label>
							<include>info_Sub</include>
						</control>
						<control type="label">
							<width>980</width>
							<label>$INFO[ListItem.Duration]</label>
							<include>info_Sub</include>
						</control>
					</control>
					<control type="group">
						<visible>Container.Content(musicvideos)</visible>
						<control type="label">
							<width>980</width>
							<label>$INFO[ListItem.Artist,, • ]$INFO[ListItem.Duration,, ]$LOCALIZE[31100]</label>
							<include>info_Sub</include>
						</control>
					</control>
					<control type="label">
						<width>980</width>
						<label>$LOCALIZE[31072]</label>
						<include>info_Sub</include>
						<visible>Container.Content(seasons)</visible>
					</control>
					<!---plot--->
					<control type="group">
						<posy>30</posy>
						<visible>!Container.Content(songs)</visible>
						<control type="textbox">
							<width>960</width>
							<height>170</height>
							<label>$INFO[ListItem.Property(Album_Description)]</label>
							<include>description_Small</include>
						</control>
						<control type="textbox">
							<width>960</width>
							<height>170</height>
							<label>$INFO[ListItem.Property(Artist_Description)]</label>
							<include>description_Small</include>
						</control>
					</control>
				</control>
			</control>
		</control>		

<!---THUMBNAILS VIEW------>
		<control type="group">
			<include>transition_Info</include>
			<include>toggle_Menu</include>
			<include>infoDialogHide</include>
			<visible>Control.IsVisible(573) | Control.IsVisible(572)</visible>
			<!---flags--->
			<include>flags_Thumbnails-studio</include>
			<!---info--->
			<control type="group">
				<posx>60</posx>
				<posy>640</posy>
				<visible>Control.IsVisible(572)</visible>
				<control type="group">
					<visible>Container.Content(albums)</visible>
					<control type="label">
						<label>$INFO[ListItem.Label]</label>
						<include>info_Title</include>
						<visible>IsEmpty(ListItem.Album)</visible>
					</control>
					<control type="label">
						<label>$INFO[ListItem.Album]</label>
						<include>info_Title</include>
					</control>
					<control type="label">
						<posy>30</posy>
						<label>$INFO[ListItem.Artist,, • ]$INFO[ListItem.Year,, • ]$INFO[ListItem.Genre]</label>
						<include>info_Sub</include>
					</control>
				</control>
				<control type="group">
					<visible>Container.Content(songs)</visible>
					<control type="label">
						<label>$INFO[ListItem.Title]</label>
						<include>info_Title</include>
					</control>
					<control type="label">
						<posy>30</posy>
						<label>$INFO[ListItem.Artist,, • ]$INFO[ListItem.Album]</label>
						<include>info_Sub</include>
					</control>
				</control>
			</control>
			<control type="group">
				<posx>90</posx>
				<posy>640</posy>
				<visible>Control.IsVisible(573) + Container.Content(artists)</visible>
				<control type="label">
					<label>$INFO[ListItem.Label]</label>
					<include>info_Title</include>
				</control>
				<control type="label">
					<posy>30</posy>
					<label>$INFO[ListItem.Property(Artist_Genre)]$INFO[ListItem.Property(Artist_Born),$LOCALIZE[21893],, • ]</label>
					<include>info_Sub</include>
				</control>
				<control type="label">
					<posy>30</posy>
					<label>$INFO[ListItem.Property(Artist_Genre)]$INFO[ListItem.Property(Artist_Formed),$LOCALIZE[21894],, • ]</label>
					<include>info_Sub</include>
				</control>
			</control>
		</control>

		<include>menu_Music</include>

	</controls>
</window>