﻿<window id="25">
	<defaultcontrol always="true">50</defaultcontrol>
	<allowoverlay>yes</allowoverlay>
	<views>50,51,52,521,53,531,54,541,57,571,574,575,592</views>
	<controls>
		<include>global_Background</include>
		<include>global_Includes</include>
		<include>pagelabels_Video</include>
		<include>PageControls</include>
		<include>nav_Indicator</include>
		<include>view_GalleryFull</include>
		<include>view_ThumbEpisode</include>
		<include>view_IconSquare</include>
		<include condition="Skin.HasSetting(banners.enable)">view_Banner</include>
		<include condition="Skin.HasSetting(banners.enable)">view_BannerWide</include>
		
		<include>view_SlideMusic</include>

	<!---TRIGGER------>	
		<control type="button" id="8000">
			<label>SHOULD NOT SEE ME</label>
			<onup>53</onup>
			<ondown>53</ondown>
			<onleft>53</onleft>
			<onright>53</onright>
			<width>500</width>
			<visible allowhiddenfocus="true">false</visible>
		</control>
		
	<!---LIST------>
		<include>view_List</include>
		<control type="group">
			<include>toggle_Menu</include>
			<include>infoDialogHide</include>
			<include>transition_Container</include>
			<visible>Control.IsVisible(50)</visible>
		<!---landscape--->
			<control type="group">
				<visible>!substring(container.folderpath,plugin://)</visible>
				<control type="group">
					<posx>655</posx>
					<posy>68</posy>
					<visible>!stringcompare(container.folderpath,plugin://plugin.video.apple.movie.trailers.lite/) + [[Container.Content(movies) | Container.Content(tvshows)] + Skin.HasSetting(view.list.fanart)] | Container.Content(artists) | Container.Content(musicvideos) | Container.Content(episodes) | Container.Content(files)</visible>
					<control type="image">
						<include>frame_Landscape-List</include>
						<visible>!IsEmpty(Container.FolderName) + !Container.Content(files)</visible>
					</control>
					<control type="image">
						<texture fallback="thumbs/movie_landscape.jpg" background="true">$INFO[ListItem.Property(Fanart_Image)]</texture>
						<include>thumb_Landscape-List</include>
						<visible>Container.Content(movies)</visible>
					</control>
					<control type="image">
						<texture fallback="thumbs/tvshow_landscape.jpg" background="true">$INFO[ListItem.Property(Fanart_Image)]</texture>
						<include>thumb_Landscape-List</include>
						<visible>Container.Content(tvshows)</visible>
					</control>
					<control type="image">
						<texture fallback="thumbs/artist_landscape.png" background="true">$INFO[ListItem.Property(Fanart_Image)]</texture>
						<include>thumb_Landscape-List</include>
						<visible>Container.Content(artists)</visible>
					</control>
					<control type="image">
						<texture fallback="thumbs/tvshow_landscape.jpg" background="true">$INFO[Fanart.Image]</texture>
						<include>thumb_Landscape-List</include>
						<visible>Container.Content(episodes) + IsEmpty(ListItem.Title)</visible>
					</control>
					<control type="image">
						<texture fallback="thumbs/tvshow_landscape.jpg" background="true">$INFO[ListItem.Thumb]</texture>
						<include>thumb_Landscape-List</include>
						<visible>Container.Content(episodes) + !IsEmpty(ListItem.Title)</visible>
					</control>
					<control type="image">
						<texture fallback="thumbs/music_landscape.jpg" background="true">$INFO[ListItem.Thumb]</texture>
						<include>thumb_Landscape-List</include>
						<visible>Container.Content(musicvideos)</visible>
					</control>
					<control type="image">
						<posx>22</posx>
						<posy>220</posy>
						<width>542</width>
						<height>96</height>
						<include>art_TVShowLogo</include>
					</control>
					<control type="image">
						<posx>532</posx>
						<posy>295</posy>
						<include>overlay_UnWatched</include>
						<visible>!Container.Content(files)</visible>
					</control>
				</control>
				<control type="group">
					<posx>685</posx>
					<posy>420</posy>
					<visible>!stringcompare(container.folderpath,plugin://plugin.video.apple.movie.trailers.lite/)</visible>
					<control type="textbox">
						<width>525</width>
						<height>244</height>
						<label>$INFO[ListItem.Plot]</label>
						<include>description_Small</include>
						<visible>Skin.HasSetting(view.list.fanart) + [Container.Content(movies) | Container.Content(tvshows)] | [Container.Content(episodes) + !IsEmpty(ListItem.Title)]</visible>
					</control>
					<control type="textbox">
						<width>525</width>
						<height>244</height>
						<label>$INFO[Container.ShowPlot]</label>
						<include>description_Small</include>
						<visible>Container.Content(episodes) + IsEmpty(ListItem.Title)</visible>
					</control>
				</control>
			</control>
			<!---portrait--->
			<control type="group">
				<posx>750</posx>
				<posy>65</posy>
				<control type="group">
					<visible>[[Container.Content(movies) + !Skin.HasSetting(view.list.fanart)] | [Container.Content(tvshows) + !Skin.HasSetting(view.list.fanart)] | Container.Content(seasons) | Container.Content(actors)] | StringCompare(Container.FolderPath,plugin://plugin.video.apple.movie.trailers.lite/) | SubString(Container.FolderPath,plugin://plugin.video.xbmcflicks)]</visible>
					<control type="image">
						<include>frame_Poster-List</include>
						<visible>!Substring(Container.FolderPath,plugin) | StringCompare(Container.FolderPath,plugin://plugin.video.apple.movie.trailers.lite/) | SubString(Container.FolderPath,plugin://plugin.video.xbmcflicks)</visible>
					</control>
					<control type="image">
						<texture fallback="thumbs/movie_portrait.jpg" background="true">$INFO[ListItem.Thumb]</texture>
						<include>thumb_Portrait-List</include>
						<visible>Container.Content(movies) + [!Substring(Container.FolderPath,plugin) | StringCompare(Container.FolderPath,plugin://plugin.video.apple.movie.trailers.lite/)] | SubString(Container.FolderPath,plugin://plugin.video.xbmcflicks)</visible>
					</control>
					<control type="image">
						<texture fallback="thumbs/tvshow_portrait.jpg" background="true">$INFO[ListItem.Thumb]</texture>
						<include>thumb_Portrait-List</include>
						<visible>!SubString(Container.FolderPath,plugin) + [Container.Content(tvshows) | Container.Content(seasons)]</visible>
					</control>
					<control type="image">
						<texture fallback="thumbs/tvshow_portrait.jpg" background="true">$INFO[Container.TVShowThumb]</texture>
						<include>thumb_Portrait-List</include>
						<visible>Container.Content(seasons) + SubString(ListItem.Icon,default)</visible>
					</control>
					<control type="image">
						<texture fallback="thumbs/actor_portrait.jpg" background="true">$INFO[ListItem.Thumb]</texture>
						<include>thumb_Portrait-List</include>
						<visible>Container.Content(actors)</visible>
					</control>
					<control type="image">
						<posx>397</posx>
						<posy>591</posy>
						<include>overlay_UnWatched</include>
					</control>
				</control>
			</control>
			<!---files--->
			<control type="group">
				<visible>Container.Content(files)</visible>
				<control type="group">
					<posx>655</posx>
					<posy>80</posy>
					<control type="image">
						<width>580</width>
						<height>625</height>
						<texture background="true">$INFO[ListItem.Thumb]</texture>
						<bordertexture border="31" width="400" height="315">frames/frame_Square.png</bordertexture>
						<bordersize>22</bordersize>
						<aspectratio align="right" aligny="top">keep</aspectratio>
						<fadetime>fadetime_Thumb</fadetime>
						<visible>!IsEmpty(ListItem.Thumb) + !substring(Container.FolderPath,plugin://) + !IsEmpty(Container.FolderPath)</visible>
					</control>
					<control type="image">
						<posx>-54</posx>
						<posy>526</posy>
						<animation effect="rotate" end="90" time="0" condition="True">Conditional</animation>
						<include>overlay_UnWatched</include>
					</control>
				</control>
			</control>
		</control>
		<include>info_MusicList</include>
		<include>info_AddonList</include>

<!---BIG LIST------>
		<include>view_BigList</include>
		
<!---SLIDE------>
		<control type="group">
			<include>toggle_Menu</include>
			<include>transition_Info</include>
			<include>infoDialogHide</include>
			<visible>Control.IsVisible(52) | Control.IsVisible(521)</visible>
			<!---flags--->
			<include>flags_Slide-studio</include>
			<include>flags_Slide-media</include>
			<!---info--->	
			<control type="group">
				<posx>220</posx>
				<posy>462</posy>
				<control type="label">
					<width>1080</width>
					<label>$INFO[ListItem.Title]</label>
					<include>info_Title</include>
					<visible>![Container.Content(seasons) | Container.Content(episodes)]</visible>
				</control>
				<control type="label">
					<width>1080</width>
					<label>$INFO[ListItem.Label]</label>
					<include>info_Title</include>
					<visible>Container.Content(seasons) | IsEmpty(ListItem.Title) | Container.Content(files)</visible>
				</control>
				<control type="group">
					<visible>Container.Content(episodes)</visible>
					<control type="group">
						<visible>![stringcompare(container.folderpath,videodb://5/) | substring(container.folderpath,special://profile/playlists/)]</visible>
						<control type="label">
							<width>1080</width>
							<label>$INFO[ListItem.Title]</label>
							<include>info_Title</include>	
						</control>
					</control>
					<control type="group">
						<visible>stringcompare(container.folderpath,videodb://5/) | substring(container.folderpath,special://profile/playlists/)</visible>
						<control type="label">
							<width>1080</width>
							<label>$INFO[ListItem.TVShowTitle,,: ]$INFO[ListItem.Title]</label>
							<include>info_Title</include>	
						</control>
					</control>
				</control>
				<!---line 2--->
				<control type="group">
					<visible>Container.Content(files)</visible>
					<control type="label">
						<posy>28</posy>
						<width>980</width>
						<label>$INFO[ListItem.Label2]</label>
						<include>info_Sub</include>
					</control>
					<control type="label">
						<posy>52</posy>
						<width>980</width>
						<label>$INFO[ListItem.Date]</label>
						<include>info_Sub</include>
					</control>
				</control>
				<control type="group">
					<posy>28</posy>
					<visible>!IsEmpty(ListItem.Title)</visible>
					<control type="group">
						<visible>Container.Content(movies)</visible>
						<control type="label">
							<width>920</width>
							<label>$INFO[ListItem.Year,, • ]$INFO[ListItem.Duration,, $LOCALIZE[12391]]$INFO[ListItem.Genre, • ]</label>
							<include>info_Sub</include>
							<visible>IsEmpty(ListItem.Property(ReleaseDate))</visible>
						</control>
						<control type="label">
							<width>980</width>
							<label>$INFO[ListItem.Property(ReleaseDate),, • ]$INFO[ListItem.Duration,, ]$LOCALIZE[12391]$INFO[ListItem.Genre, • ]</label>
							<include>info_Sub</include>
							<visible>!IsEmpty(ListItem.Property(ReleaseDate))</visible>
						</control>
						<control type="label">
							<width>920</width>
							<label>$LOCALIZE[20338] $LOCALIZE[20141]</label>
							<include>info_Sub</include>
							<visible>ListItem.IsFolder + SubString(Container.FolderPath,videodb://1/,left)</visible>
						</control>
					</control>
					<control type="group">
						<visible>Container.Content(tvshows)</visible>
						<control type="label">
							<width>980</width>
							<label>$INFO[ListItem.Property(UnWatchedEpisodes),, $LOCALIZE[16101] $LOCALIZE[20360]]$INFO[ListItem.Property(TotalSeasons), • ] $LOCALIZE[33054]</label>
							<include>info_Sub</include>
							<visible>IntegerGreaterThan(ListItem.Property(TotalSeasons),1)</visible>
						</control>
						<control type="label">
							<width>980</width>
							<label>$INFO[ListItem.Property(UnWatchedEpisodes),, $LOCALIZE[16101] $LOCALIZE[20360]]$INFO[ListItem.Property(TotalSeasons), • ] $LOCALIZE[20373]</label>
							<include>info_Sub</include>
							<visible>!IntegerGreaterThan(ListItem.Property(TotalSeasons),1)</visible>
						</control>
					</control>
					<control type="group">
						<visible>Container.Content(musicvideos)</visible>
						<control type="label">
							<width>980</width>
							<label>$INFO[ListItem.Artist,, • ]$INFO[ListItem.Duration,, ]$LOCALIZE[31100]</label>
							<include>info_Sub</include>
						</control>
					</control>
					<control type="group">
						<visible>Container.Content(episodes)</visible>
						<control type="group">
							<visible>![stringcompare(container.folderpath,videodb://5/) | substring(container.folderpath,special://profile/playlists/)]</visible>
							<control type="label">
								<width>980</width>
								<label>$LOCALIZE[31087] $INFO[ListItem.Season,, - ]$LOCALIZE[31088] $INFO[ListItem.Episode,, • ]$INFO[ListItem.Date]</label>
								<include>info_Sub</include>
								<visible>!stringcompare(container.folderpath,videodb://5/)</visible>
							</control>
						</control>
						<control type="group">
							<visible>stringcompare(container.folderpath,videodb://5/) | substring(container.folderpath,special://profile/playlists/)</visible>
							<control type="label">
								<width>980</width>
								<label>$LOCALIZE[31087,, •] $INFO[ListItem.Season,, - ]$LOCALIZE[31088] $INFO[ListItem.Episode,, • ]$INFO[ListItem.Date]</label>
								<include>info_Sub</include>
							</control>
						</control>
					</control>
					<control type="group">
						<visible>Container.Content(seasons)</visible>
						<control type="label">
							<width>980</width>
							<label>$LOCALIZE[31072]</label>
							<include>info_Sub</include>
							<visible>!IsEmpty(ListItem.Property(UnWatchedEpisodes))</visible>
						</control>
						<!--is linked movie-->
						<control type="label">
							<width>980</width>
							<label>$INFO[ListItem.Genre]</label>
							<include>info_Sub</include>
							<visible>IsEmpty(ListItem.Property(UnWatchedEpisodes))</visible>
						</control>
					</control>
				</control>
				<!---plot--->
				<control type="group">
					<posy>60</posy>
					<control type="textbox">
						<width>960</width>
						<height>110</height>
						<label>$INFO[ListItem.PlotOutline]</label>
						<include>description_Small</include>
						<visible>!IsEmpty(ListItem.Plotoutline)</visible>
					</control>
					<control type="textbox">
						<width>960</width>
						<height>110</height>
						<label>$INFO[ListItem.Plot]</label>
						<include>description_Small</include>
						<visible>IsEmpty(ListItem.Plotoutline)</visible>
					</control>
					<control type="textbox">
						<width>960</width>
						<height>138</height>
						<label>$INFO[Container.ShowPlot]</label>
						<include>description_Small</include>
						<visible>Container.Content(seasons) + !IsEmpty(ListItem.Title) + !IsEmpty(ListItem.Property(UnWatchedEpisodes))</visible>
					</control>
				</control>
			</control>
		</control>
		<include>view_SlidePoster</include>
		<include>view_SlideLandscape</include>

<!---THUMBNAILS------>
		<control type="group">
			<include>transition_Container</include>
			<include>infoDialogHide</include>
			<include>toggle_Menu</include>
			<control type="group">
				<visible>Control.IsVisible(57) | Control.IsVisible(573)</visible>
				<!---flags--->
				<include>flags_Thumbnails-studio</include>
				<!---large grid--->
				<control type="group">
					<posx>85</posx>
					<posy>640</posy>
					<control type="label">
						<label>$INFO[ListItem.Label]</label>
						<width>1100</width>
						<include>info_Title</include>
						<visible>IsEmpty(ListItem.Title) + IsEmpty(ListItem.TVShowTitle)</visible>
					</control>
					<control type="label">
						<label>$INFO[ListItem.Title]</label>
						<width>1100</width>
						<include>info_Title</include>
						<visible>!IsEmpty(ListItem.Title) + IsEmpty(ListItem.TVShowTitle)</visible>
					</control>
					<control type="label">
						<label>$INFO[ListItem.TVShowTitle]</label>
						<width>900</width>
						<include>info_Title</include>
						<visible>Container.Content(tvshows)</visible>
					</control>
					<control type="label">
						<label>$INFO[ListItem.Label]</label>	
						<width>900</width>
						<include>info_Title</include>
						<visible>Container.Content(seasons) | [Container.Content(tvshows) + IsEmpty(ListItem.TVShowTitle)] | [Container.Content(movies) + IsEmpty(ListItem.Title)]</visible>
					</control>
					<!---line 2--->
					<control type="group">
						<posy>28</posy>
						<control type="group">
							<visible>Container.Content(movies)</visible>
							<control type="label">
								<label>$INFO[ListItem.Year,, • ]$INFO[ListItem.Duration,, $LOCALIZE[31100]]$INFO[ListItem.Genre, • ]</label>
								<width>750</width>
								<include>info_Sub</include>
								<visible>IsEmpty(ListItem.Property(ReleaseDate))</visible>
							</control>
							<control type="label">
								<label>$INFO[ListItem.Property(ReleaseDate),, • ]$INFO[ListItem.Genre]</label>
								<width>750</width>
								<include>info_Sub</include>
								<visible>!IsEmpty(ListItem.Property(ReleaseDate))</visible>
							</control>
							<control type="label">
								<label>$LOCALIZE[20338] $LOCALIZE[20141]</label>
								<width>750</width>
								<include>info_Sub</include>
								<!---is movie set--->
								<visible>ListItem.IsFolder + SubString(Container.FolderPath,videodb) + !IsEmpty(ListItem.Title)</visible>
							</control>
						</control>
						<control type="group">
							<visible>Container.Content(tvshows)</visible>
							<control type="label">
								<label>$INFO[ListItem.Property(UnWatchedEpisodes)] $LOCALIZE[16101] $LOCALIZE[20360]$INFO[ListItem.Property(TotalSeasons), • ] $LOCALIZE[33054]</label>
								<width>750</width>
								<include>info_Sub</include>
								<visible>!IsEmpty(ListItem.TVShowTitle) + !stringcompare(ListItem.Property(TotalSeasons),1)</visible>
							</control>
							<control type="label">
								<label>$INFO[ListItem.Property(UnWatchedEpisodes)] $LOCALIZE[16101] $LOCALIZE[20360]$INFO[ListItem.Property(TotalSeasons), • ] $LOCALIZE[20373]</label>
								<width>750</width>
								<include>info_Sub</include>
								<visible>!IsEmpty(ListItem.TVShowTitle) + stringcompare(ListItem.Property(TotalSeasons),1)</visible>
							</control>
						</control>
						<control type="group">
							<visible>Container.Content(seasons)</visible>
							<control type="label">
								<label>$INFO[ListItem.Property(UnWatchedEpisodes)] $LOCALIZE[16101] $LOCALIZE[20360]</label>
								<width>750</width>
								<include>info_Sub</include>
								<visible>!IsEmpty(ListItem.TVShowTitle) + !IsEmpty(ListItem.Property(UnWatchedEpisodes))</visible>
							</control>
							<!--is linked movie-->
							<control type="label">
								<label>$INFO[ListItem.Genre]</label>
								<width>750</width>
								<include>info_Sub</include>
								<visible>!IsEmpty(ListItem.Title) + IsEmpty(ListItem.Property(UnWatchedEpisodes))</visible>
							</control>
						</control>
						<control type="label">
							<label>$INFO[ListItem.Artist]</label>
							<width>750</width>
							<include>info_Sub</include>
							<visible>Container.Content(musicvideos)</visible>
						</control>
						<control type="label">
							<label>$INFO[ListItem.Date]</label>
							<width>750</width>
							<include>info_Sub</include>
							<visible>Container.Content(files)</visible>
						</control>
					</control>
				</control>
			</control>
			<!---small grid--->
			<control type="grouplist" id="1000">
				<posx>780</posx>
				<posy>115</posy>
				<itemgap>0</itemgap>
				<visible>Control.IsVisible(571) + [Container.Content(movies) | Container.Content(tvshows) | Container.Content(seasons) | SubString(Container.FolderPath,plugin://plugin.video.xbmcflicks)]</visible>
				<control type="label" id="1">
					<width>435</width>
					<label>$INFO[ListItem.Title]</label>
					<include>info_Title</include>
					<visible>!IsEmpty(ListItem.Title)</visible>
				</control>
				<control type="label" id="1">
					<width>435</width>
					<label>$INFO[ListItem.Label]</label>
					<include>info_Title</include>
					<visible>IsEmpty(ListItem.Title)</visible>
				</control>
				<control type="label" id="1">
					<width>435</width>
					<label>$INFO[ListItem.Genre]</label>
					<include>info_Sub</include>
					<visible>!IsEmpty(ListItem.Genre) + Container.Content(movies)</visible>
				</control>
				<control type="label" id="1">
					<!--is movie set-->
					<width>435</width>
					<label>$LOCALIZE[20338] $LOCALIZE[20141]</label>
					<include>info_Sub</include>
					<visible>Container.Content(movies) + ListItem.IsFolder + SubString(Container.FolderPath,videodb://1/) + !IsEmpty(ListItem.Title)</visible>
				</control>
				<control type="label" id="1">
					<width>435</width>
					<label>$INFO[ListItem.Duration,, $LOCALIZE[31100]]</label>
					<include>info_Sub</include>
					<visible>Container.Content(movies) + IsEmpty(ListItem.Property(ReleaseDate)) | SubString(Container.FolderPath,plugin://plugin.video.xbmcflicks)</visible>
				</control>
				<control type="label" id="1">
					<width>435</width>
					<label>$INFO[ListItem.Property(ReleaseDate)]</label>
					<include>info_Sub</include>
					<visible>Container.Content(movies) + !IsEmpty(ListItem.Property(ReleaseDate)) | SubString(Container.FolderPath,plugin://plugin.video.xbmcflicks)</visible>
				</control>
				<control type="label" id="1">
					<width>435</width>
					<label>$INFO[ListItem.Property(UnWatchedEpisodes),, $LOCALIZE[16101] $LOCALIZE[20360] • ,,]$INFO[ListItem.Property(TotalSeasons),, $LOCALIZE[33054]]</label>
					<include>info_Sub</include>
					<visible>Container.Content(tvshows) + !stringcompare(ListItem.Property(TotalSeasons),1)</visible>
				</control>
				<control type="label" id="1">
					<width>435</width>
					<label>$INFO[ListItem.Property(UnWatchedEpisodes),, $LOCALIZE[16101] $LOCALIZE[20360] • ,,]$INFO[ListItem.Property(TotalSeasons),, $LOCALIZE[20373]]</label>
					<include>info_Sub</include>
					<visible>Container.Content(tvshows) + stringcompare(ListItem.Property(TotalSeasons),1)</visible>
				</control>
				<control type="label" id="1">
					<width>435</width>
					<label>$INFO[ListItem.Property(UnWatchedEpisodes),, $LOCALIZE[16101] $LOCALIZE[20360]]</label>
					<include>info_Sub</include>
					<visible>Container.Content(seasons)</visible>
				</control>
				<control type="label" id="1">
					<width>435</width>
					<label>$INFO[ListItem.Studio]</label>
					<include>info_Sub</include>
					<visible>Container.Content(tvshows)</visible>
				</control>
				<control type="image">
					<width>128</width>
					<height>32</height>
					<info>ListItem.StarRating</info>
					<aspectratio align="left">keep</aspectratio>
					<visible>!ListItem.IsFolder</visible>
				</control>
				<control type="label" id="1">
					<label></label>
					<height>10</height>
				</control>
				<control type="textbox" id="4">
					<width>435</width>
					<height>413</height>
					<label>$INFO[ListItem.Plot]</label>
					<include>description_Small</include>
					<visible>Container.Content(tvshows) | Container.Content(movies) | SubString(Container.FolderPath,plugin://plugin.video.xbmcflicks)</visible>
				</control>
				<control type="textbox" id="4">
					<width>435</width>
					<height>413</height>
					<aligny>top</aligny>
					<label>$INFO[Container.ShowPlot]</label>
					<include>description_Small</include>
					<visible>Container.Content(seasons) + !IsEmpty(ListItem.Title)</visible>
				</control>
			</control>
		</control>
		<include>view_IconPoster</include>
		<include>view_IconPosterSmall</include>

<!--GALLERY------>
		<control type="group">
			<visible>Control.IsVisible(53)</visible>
			<include>infoDialogHide</include>
			<include>toggle_Menu</include>
			<include>transition_Info</include>
			<!---flags--->
			<include>flags_Gallery-studio</include>
			<!---strip bottom--->
			<control type="group">
				<posx>265</posx>
				<posy>585</posy>
				<control type="group">
					<visible>Container.Content(movies)</visible>
					<control type="label">
						<label>$INFO[ListItem.Tagline]</label>
						<width>940</width>
						<include>info_TitleSmall</include>
					</control>
					<control type="label">
						<label>$INFO[ListItem.PlotOutline]</label>
						<width>940</width>
						<include>info_TitleSmall</include>
						<visible>IsEmpty(ListItem.Tagline)</visible>
					</control>
					<control type="label">
						<label>$INFO[ListItem.Plot]</label>
						<width>940</width>
						<include>info_TitleSmall</include>
						<visible>IsEmpty(ListItem.Tagline) + IsEmpty(ListItem.PlotOutline)</visible>
					</control>
					<control type="label">
						<posy>24</posy>
						<label>$INFO[ListItem.Genre,, • ]$INFO[ListItem.Year]</label>
						<width>750</width>
						<include>info_Sub</include>
					</control>
					<control type="label">
						<posy>24</posy>
						<label>$LOCALIZE[20338] $LOCALIZE[20141]</label>
						<width>750</width>
						<include>info_Sub</include>
						<visible>ListItem.IsFolder + Substring(Container.FolderPath,videodb) + !IsEmpty(ListItem.Title)</visible>
					</control>
					<control type="label">
						<posy>47</posy>
						<label>$INFO[ListItem.Duration,, $LOCALIZE[31100]]</label>
						<width>750</width>
						<include>info_Sub</include>
					</control>
				</control>
				<control type="group">
					<visible>Container.Content(tvshows)</visible>
					<control type="label">
						<label>$INFO[ListItem.Property(UnWatchedEpisodes),, $LOCALIZE[16101] $LOCALIZE[20360]]</label>
						<width>900</width>
						<include>info_TitleSmall</include>
					</control>
					<control type="label">
						<posy>24</posy>
						<label>$INFO[ListItem.Genre]</label>
						<width>750</width>
						<include>info_Sub</include>
					</control>
					<control type="label">
						<posy>47</posy>
						<label>$INFO[ListItem.Date]</label>
						<width>750</width>
						<include>info_Sub</include>
					</control>
				</control>
			</control>
		</control>
		<include>view_Gallery</include>
		<!---fullscreen/expanded--->
		<control type="group">
			<posy>496</posy>
			<include>transition_Container</include>
			<include>infoDialogHide</include>
			<animation effect="slide" start="0,600" end="0,0" easing="Out" tween="Quadratic" time="350">Visible</animation>
			<animation effect="slide" start="0,0" end="0,600" easing="Out" tween="Quadratic" time="350">Hidden</animation>
			<visible>[[Control.IsVisible(53) + Control.HasFocus(8000)] | Control.IsVisible(531)] + !ControlGroup(6000).HasFocus()</visible>
			<control type="image">
				<width>1280</width>
				<height>225</height>
				<texture border="0,0,0,15">osd/fullscreenInfo.png</texture>
			</control>
			<control type="group">
				<posx>20</posx>
				<posy>45</posy>
				<control type="label">
					<label>$INFO[ListItem.Label]</label>
					<font>osd1</font>
					<textcolor>Color4</textcolor>
					<width>screen_Width</width>
				</control>
				<control type="label">
					<posx>1240</posx>
					<width>500</width>
					<label>$INFO[ListItem.Duration,, $LOCALIZE[31100]]</label>
					<font>osd1</font>
					<align>right</align>	
					<textcolor>Color4</textcolor>
				</control>
				<control type="label">
					<posx>1240</posx>
					<width>500</width>
					<label>$INFO[ListItem.Property(UnWatchedEpisodes),,/]$INFO[ListItem.Episode]</label>
					<font>osd1</font>
					<align>right</align>	
					<textcolor>Color4</textcolor>
				</control>
				<control type="image">
					<posx>-250</posx>
					<posy>43</posy>
					<width>1530</width>
					<height>1</height>
					<texture>views/separatorFaded.png</texture>
					<colordiffuse>Color4</colordiffuse>
					<visible>!IsEmpty(ListItem.Title)</visible>
				</control>
				<control type="textbox" id="4">
					<posy>47</posy>
					<width>1240</width>
					<height>115</height>
					<label>$INFO[ListItem.Plot]</label>
					<textcolor>Color4</textcolor>
					<include>description_Small</include>
				</control>
			</control>
		</control>

<!---WINDOWMENU------>
		<include>menu_Video</include>
	</controls>
</window>