﻿<window id="2600">
	<defaultcontrol>50</defaultcontrol>
	<allowoverlay>no</allowoverlay>
	
	<controls>
		<control type="button" id="50">
			<onleft>6000</onleft>
			<ondown>51</ondown>
			<visible allowhiddenfocus="true">false</visible>
			<!--<onfocus>ClearProperty(Weather.CurrentView)</onfocus>-->
		</control>

		<include>global_Background</include>

		<control type="group">
			<visible>Weather.IsFetched</visible>
			<control type="group">
				<visible>Skin.HasSetting(fanart.weather)</visible>
				<control type="multiimage" id="1">
					<include>screen_Dimensions</include>
					<aspectratio>scale</aspectratio>
					<imagepath background="true">$INFO[Skin.String(fanart.weather.path)]/$INFO[Weather.FanartCode]</imagepath>
					<timeperimage>10000</timeperimage>
					<fadetime>850</fadetime>
					<randomize>true</randomize>
					<loop>yes</loop>
					<include>transition_Container</include>
				</control>
				<control type="image" id="1">
					<include>screen_Dimensions</include>
					<texture flipy="false">overlays/weatherOverlay.png</texture>
					<include>transition_Container</include>
					<visible>StringCompare(Window.Property(Weather.CurrentView),alerts)</visible>
				</control>
				<control type="image" id="1">
					<include>screen_Dimensions</include>
					<texture flipy="false">overlays/weatherOverlay.png</texture>
					<include>transition_Container</include>
					<visible>StringCompare(Window.Property(Weather.CurrentView),alerts)</visible>
				</control>
			</control>
			<control type="image" id="1">
				<include>screen_Dimensions</include>
				<texture flipy="false">overlays/weatherOverlay.png</texture>
				<include>transition_Container</include>
			</control>
		</control>
		
		<control type="image">
			<aspectratio align="left">stretch</aspectratio>
			<texture>home/menuBackground.png</texture>
			<include>screen_Dimensions</include>
			<include>fadeinout</include>
			<visible>ControlGroup(6000).HasFocus()</visible>
		</control>
		<control type="label">
			<posx>34</posx>
			<posy>20</posy>
			<label>[LOWERCASE]$INFO[Weather.Location][/LOWERCASE]</label>
			<textcolor>Color1</textcolor>
			<include>PageLabel</include>
			<include>transition_PageLabel</include>
		</control>
		<include>global_Includes</include>

		<include condition="!StringCompare(Weather.Plugin,weather.weatherplus)">WeatherStandard</include>
			<control type="group" id="60">
				<include condition="StringCompare(Weather.Plugin,weather.weatherplus)">Default</include>
				<include condition="StringCompare(Weather.Plugin,weather.weatherplus)">10day</include>
				<include condition="StringCompare(Weather.Plugin,weather.weatherplus)">36hour</include>
				<include condition="StringCompare(Weather.Plugin,weather.weatherplus)">Weekend</include>
				<include condition="StringCompare(Weather.Plugin,weather.weatherplus)">Hourly</include>
				<include condition="StringCompare(Weather.Plugin,weather.weatherplus)">Maps</include>
				<include condition="StringCompare(Weather.Plugin,weather.weatherplus)">Alerts</include>
			</control>	

		<include>WeatherMenu</include>
		<include>nav_Indicator</include>
	</controls>
</window>