﻿<includes>
	<variable name="view_List.Title">
		<value condition="!Container.Content(songs) + !Container.Content(episodes) | [Container.Content(episodes) + IsEmpty(ListItem.Title)]">$INFO[ListItem.Label]</value>
		<value condition="Container.Content(musicvideos)">$INFO[ListItem.Artist]</value>
		<value condition="[Container.Content(episodes) + !stringcompare(Container.FolderPath,videodb://5/)] | Container.Content(songs)">$INFO[ListItem.Title]</value>
		<value condition="Container.Content(episodes) + stringcompare(Container.FolderPath,videodb://5/)">$INFO[ListItem.TVShowTitle]$INFO[ListItem.Title,: ]</value>
		<!--music-->
		<value condition="Container.Content(musicvideos)">$INFO[ListItem.Artist]</value>
	</variable>
	<variable name="view_List.SubInfo">
		<value condition="Container.Content(movies) + IsEmpty(ListItem.Property(ReleaseDate))">$INFO[ListItem.Genre]</value>
		<value condition="Container.Content(movies) + !IsEmpty(ListItem.Property(ReleaseDate))">$INFO[ListItem.Property(ReleaseDate)]</value>
		<value condition="Container.Content(tvshows) | Container.Content(seasons)">$INFO[ListItem.Property(UnWatchedEpisodes),, $LOCALIZE[16101] $LOCALIZE[20360]]</value>
		<!--is linked movie-->
		<value condition="Container.Content(tvshows) | Container.Content(seasons) + IsEmpty(ListItem.Property(UnWatchedEpisodes)) + !IsEmpty(ListItem.Title)">$INFO[ListItem.Genre]</value>
		<!---->
		<value condition="Container.Content(episodes)">$INFO[ListItem.Season,$LOCALIZE[20373] , - ]$INFO[ListItem.Episode,$LOCALIZE[20359] ]</value>
		<value condition="stringcompare(Container.FolderPath,addons://sources/video/)">$INFO[ListItem.Property(Addon.Summary)]</value>
		<!--music-->
		<value condition="Container.Content(artists)">$INFO[ListItem.Property(Artist_Genre)]</value>
		<value condition="Container.Content(albums)">$INFO[ListItem.Artist]$INFO[ListItem.Year, • ]$INFO[ListItem.Genre, • ]</value>
		<value condition="Container.Content(songs)">$INFO[ListItem.Artist]$INFO[ListItem.Album, • ]$INFO[ListItem.TrackNumber, • $LOCALIZE[554] ]</value>
		<value condition="stringcompare(Container.FolderPath,addons://sources/audio/)">$INFO[ListItem.Property(Addon.Summary)]</value>
	</variable>
	
	<variable name="view_BigList.Title">
		<value condition="!Container.Content(episodes) | [Container.Content(episodes) + IsEmpty(ListItem.Title)]">$INFO[ListItem.Label]</value>
		<value condition="Container.Content(episodes) + !IsEmpty(ListItem.Title) + ![stringcompare(container.folderpath,videodb://5/) | substring(Container.FolderPath,special://profile/playlists/video/)]">$INFO[ListItem.Title]</value>
		<value condition="Container.Content(episodes) + !IsEmpty(ListItem.Title) + stringcompare(container.folderpath,videodb://5/) | substring(Container.FolderPath,special://profile/playlists/video/)">$INFO[ListItem.TVShowTitle,,: ]$INFO[ListItem.Title]</value>
	</variable>
	<variable name="view_BigList.Info">
		<value condition="Container.Content(movies)">$INFO[ListItem.Year,, • ]$INFO[ListItem.Duration,, $LOCALIZE[31100]]$INFO[ListItem.Genre, • ]</value>
		<value condition="[Container.Content(tvshows) + !IsEmpty(ListItem.TVShowTitle)] + IntegerGreaterThan(ListItem.Property(TotalEpisodes),1)">$INFO[ListItem.Property(UnWatchedEpisodes),, $LOCALIZE[16101] $LOCALIZE[20360]]$INFO[ListItem.Property(TotalSeasons), • ] $LOCALIZE[33054]</value>
		<value condition="[Container.Content(tvshows) + !IsEmpty(ListItem.TVShowTitle)] + !IntegerGreaterThan(ListItem.Property(TotalEpisodes),1)">$INFO[ListItem.Property(UnWatchedEpisodes),, $LOCALIZE[16101] $LOCALIZE[20360]]$INFO[ListItem.Property(TotalSeasons), • ] pop$LOCALIZE[20373]</value>
		<value condition="Container.Content(episodes) + !IsEmpty(ListItem.Title)">$INFO[ListItem.Season,$LOCALIZE[20373] , - ]$INFO[ListItem.Episode,$LOCALIZE[20359] ]$INFO[ListItem.Premiered, • ]</value>
	</variable>
	
	<variable name="view_Thumbnails.Title">
		<value condition="IsEmpty(ListItem.Title) + IsEmpty(ListItem.TVShowTitle)">$INFO[ListItem.Label]</value>
		<value condition="!IsEmpty(ListItem.Title) + IsEmpty(ListItem.TVShowTitle)">$INFO[ListItem.Title]</value>
		<value condition="Container.Content(tvshows)">$INFO[ListItem.TVShowTitle]</value>
		<value condition="Container.Content(seasons) | [Container.Content(tvshows) + IsEmpty(ListItem.TVShowTitle)] | [Container.Content(movies) + IsEmpty(ListItem.Title)]">$INFO[ListItem.Label]</value>
	</variable>
	<variable name="view_Thumbnails.Info">
		<value condition="Container.Content(movies) + IsEmpty(ListItem.Property(ReleaseDate))">$INFO[ListItem.Year,, • ]$INFO[ListItem.Duration,, $LOCALIZE[31100]]$INFO[ListItem.Genre, • ]</value>
		<value condition="Container.Content(movies) + !IsEmpty(ListItem.Property(ReleaseDate))">$INFO[ListItem.Property(ReleaseDate),, • ]$INFO[ListItem.Genre]</value>
		<!--is movieset-->
		<value condition="Container.Content(movies) + ListItem.IsFolder + SubString(Container.FolderPath,videodb) + !IsEmpty(ListItem.Title)">$LOCALIZE[20338] $LOCALIZE[20141]</value>
		<!---->
		<value condition="Container.Content(tvshows) + !IsEmpty(ListItem.TVShowTitle) + !stringcompare(ListItem.Property(TotalSeasons),1)">$INFO[ListItem.Property(UnWatchedEpisodes)] $LOCALIZE[16101] $LOCALIZE[20360]$INFO[ListItem.Property(TotalSeasons), • ] $LOCALIZE[33054]</value>
		<value condition="Container.Content(tvshows) + !IsEmpty(ListItem.TVShowTitle) + stringcompare(ListItem.Property(TotalSeasons),1)">$INFO[ListItem.Property(UnWatchedEpisodes)] $LOCALIZE[16101] $LOCALIZE[20360]$INFO[ListItem.Property(TotalSeasons), • ] $LOCALIZE[20373]</value>
		<value condition="Container.Content(seasons) + !IsEmpty(ListItem.TVShowTitle) + !IsEmpty(ListItem.Property(UnWatchedEpisodes))">$INFO[ListItem.Property(UnWatchedEpisodes)] $LOCALIZE[16101] $LOCALIZE[20360]</value>
		<value condition="Container.Content(seasons) + !IsEmpty(ListItem.TVShowTitle) + IsEmpty(ListItem.Property(UnWatchedEpisodes))">$INFO[ListItem.Genre]</value>
		<value condition="Container.Content(musicvideos)">$INFO[ListItem.Artist]</value>
		<value condition="Container.Content(files)">$INFO[ListItem.Date]</value>
	</variable>
	

	<variable name="thumb_Landscape.Condition">
		<value condition="!IsEmpty(ListItem.Property(Fanart_Image)) + !Container.Content(episodes)">$INFO[ListItem.Property(Fanart_Image)]</value>
		<value condition="IsEmpty(ListItem.Property(Fanart_Image)) + Container.Content(movies)">thumbs/movie_landscape.jpg</value>
		<value condition="IsEmpty(ListItem.Property(Fanart_Image)) + Container.Content(tvshows)">thumbs/tvshow_landscape.jpg</value>
		<value condition="IsEmpty(ListItem.Property(Fanart_Image)) + Container.Content(artists)">thumbs/artist_landscape.jpg</value>
		<value condition="Container.Content(episodes) + IsEmpty(ListItem.Title) + !IsEmpty(Fanart.Image)">$INFO[Fanart.Image]</value>
		<value condition="Container.Content(episodes) + !IsEmpty(ListItem.Title) + !IsEmpty(ListItem.Thumb)">$INFO[ListItem.Thumb]</value>
		<value condition="Container.Content(episodes) + !IsEmpty(ListItem.Title) + IsEmpty(ListItem.Thumb)">thumbs/tvshow_landscape.jpg</value>
		<value condition="Container.Content(musicvideos) + !IsEmpty(ListItem.Title) + !IsEmpty(ListItem.Thumb)">$INFO[ListItem.Thumb]</value>
		<value condition="Container.Content(musicvideos) + !IsEmpty(ListItem.Title) + IsEmpty(ListItem.Thumb)">thumbs/music_landscape.jpg</value>
		<value condition="Container.Content(musicvideos) + IsEmpty(ListItem.Title)">thumbs/music_landscape.jpg</value>
	</variable>
	
	<variable name="thumb_Portrait.Condition">
		<value condition="!IsEmpty(ListItem.Thumb)">$INFO[ListItem.Thumb]</value>
		<value condition="IsEmpty(ListItem.Thumb) + Container.Content(movies)">thumbs/movie_portrait.jpg</value>
		<value condition="IsEmpty(ListItem.Thumb) + [Container.Content(tvshows) | Container.Content(seasons)]">thumbs/tvshow_portrait.jpg</value>
	</variable>
</includes>