<includes>
	<include name="view_TVChannels">
		<control type="list" id="11">
			<onup>11</onup>
			<ondown>11</ondown>
			<include>ListChannels</include>
		</control>
	</include>
	<include name="view_RadioChannels">		
		<control type="list" id="12">
			<onup>12</onup>
			<ondown>12</ondown>
			<include>ListChannels</include>
		</control>
	</include>
	<include name="view_TV-recordings">
		<control type="list" id="13">
			<viewtype label="535">list</viewtype> 	
			<posy>90</posy>
			<width>625</width>
			<height>612</height>
			<onup>13</onup>
			<ondown>13</ondown>
			<onleft>6000</onleft>
			<onright>79</onright>
			<pagecontrol>79</pagecontrol>
			<scrolltime tween="Cubic" easing="Out">200</scrolltime>
			<orientation>vertical</orientation>
			<include>transition_Container</include>
			<include>infoDialogHide</include>
			<animation effect="fade" start="100" end="10" time="150" condition="ControlGroup(6000).HasFocus()">Conditional</animation>
			<itemlayout width="625" height="67">
				<control type="label">
					<posx>40</posx>
					<width>500</width>
					<label>[B]$INFO[ListItem.ChannelNumber,,  ][/B]$INFO[ListItem.Label]</label>
					<include>list_Label</include>
				</control>
				<control type="label">
					<posx>40</posx>
					<posy>28</posy>
					<width>500</width>
					<label>$INFO[ListItem.StartDate]$INFO[ListItem.StartTime, • ]</label>
					<include>list_Label-sub</include>
				</control>
			</itemlayout>
			<focusedlayout width="625" height="67">
				<control type="image">
					<posy>-30</posy>
					<width>650</width>
					<height>128</height>
					<texture border="0,30,0,30">views/list-focus.png</texture>
					<include>focus_ListScroll</include>
					<visible>!ControlGroup(6000).HasFocus</visible>
				</control>
				<control type="label">
					<posx>40</posx>
					<width>500</width>
					<label>[B]$INFO[ListItem.ChannelNumber,,  ][/B]$INFO[ListItem.Label]</label>
					<include>list_Label-focus</include>
				</control>
				<control type="label">
					<posx>40</posx>
					<posy>28</posy>
					<width>500</width>
					<label>$INFO[ListItem.StartDate]$INFO[ListItem.StartTime, • ]</label>
					<include>list_Label-sub-focus</include>
				</control>
			</focusedlayout>
		</control>
	</include>
	<include name="ListChannels">
		<viewtype label="535">list</viewtype> 	
		<posy>90</posy>
		<width>625</width>
		<height>612</height>
		<onleft>6000</onleft>
		<onright>79</onright>
		<pagecontrol>79</pagecontrol>
		<scrolltime tween="Cubic" easing="Out">200</scrolltime>
		<orientation>vertical</orientation>
		<include>transition_Container</include>
		<include>infoDialogHide</include>
		<animation effect="fade" start="100" end="10" time="150" condition="ControlGroup(6000).HasFocus()">Conditional</animation>
		<itemlayout width="625" height="67">
			<control type="label">
				<posx>40</posx>
				<width>500</width>
				<label>[B]$INFO[ListItem.ChannelNumber,,  ][/B]$INFO[ListItem.Label]</label>
				<include>list_Label</include>
			</control>
			<control type="label">
				<posx>40</posx>
				<posy>28</posy>
				<width>500</width>
				<label>$INFO[ListItem.Title]</label>
				<include>list_Label-sub</include>
				<visible>!Control.IsVisible(13)</visible>
			</control>
			<control type="label">
				<posx>40</posx>
				<posy>28</posy>
				<width>500</width>
				<label>$INFO[ListItem.StartDate]$INFO[ListItem.StartTime, • ]</label>
				<include>list_Label-sub</include>
				<visible>Control.IsVisible(13)</visible>
			</control>
		</itemlayout>
		<focusedlayout width="625" height="67">
			<control type="image">
				<posy>-30</posy>
				<width>650</width>
				<height>128</height>
				<texture border="0,30,0,30">views/list-focus.png</texture>
				<include>focus_ListScroll</include>
				<visible>!ControlGroup(6000).HasFocus</visible>
			</control>
			<control type="label">
				<posx>40</posx>
				<width>500</width>
				<label>[B]$INFO[ListItem.ChannelNumber,,  ][/B]$INFO[ListItem.Label]</label>
				<include>list_Label-focus</include>
			</control>
			<control type="label">
				<posx>40</posx>
				<posy>28</posy>
				<width>500</width>
				<label>$INFO[ListItem.Title]</label>
				<include>list_Label-sub-focus</include>
				<visible>!Control.IsVisible(13)</visible>
			</control>
			<control type="label">
				<posx>40</posx>
				<posy>28</posy>
				<width>500</width>
				<label>$INFO[ListItem.StartDate]$INFO[ListItem.StartTime, • ]</label>
				<include>list_Label-sub-focus</include>
				<visible>Control.IsVisible(13)</visible>
			</control>
		</focusedlayout>
	</include>

<!---GUIDE CHANNELS VIEW------>
	<include name="view_EPG-channels">
		<control type="list" id="15">
			<posx>39</posx>
			<posy>135</posy>
			<width>1220</width>
			<height>440</height>
			<onup>15</onup>
			<ondown>15</ondown>
			<onleft>6000</onleft>
			<onright>79</onright>
			<pagecontrol>79</pagecontrol>
			<scrolltime>200</scrolltime>
			<include>transition_Container</include>
			<animation effect="fade" start="100" end="10" time="150" condition="ControlGroup(6000).HasFocus()">Conditional</animation>
			<itemlayout height="44">
				<control type="image" id="1">
					<width>220</width>
					<height>42</height>
					<texture border="8">views/column_left.png</texture>
					<colordiffuse>column2</colordiffuse>
				</control>
				<control type="image">
					<posx>220</posx>
					<width>642</width>
					<height>42</height>
					<texture border="4">views/column.png</texture>
					<colordiffuse>column3</colordiffuse>
				</control>
				<control type="image">
					<posx>865</posx>
					<width>321</width>
					<height>42</height>
					<texture border="4">views/column_right.png</texture>
					<colordiffuse>column3</colordiffuse>
				</control>
				<control type="image">
					<posx>829</posx>
					<posy>10</posy>
					<width>22</width>
					<height>22</height>
					<texture>pvr/status_none.png</texture>
					<visible>![ListItem.HasTimer + ListItem.IsRecording]</visible>
				</control>
				<control type="image">
					<posx>829</posx>
					<posy>10</posy>
					<width>22</width>
					<height>22</height>
					<texture>pvr/status_timer.png</texture>
					<visible>ListItem.HasTimer</visible>
				</control>
				<control type="image">
					<posx>829</posx>
					<posy>10</posy>
					<width>22</width>
					<height>22</height>
					<texture>pvr/status_recording.png</texture>
					<visible>ListItem.IsRecording</visible>
				</control>
				<control type="label" id="1">
					<posx>15</posx>
					<width>203</width>
					<font>smallCaps</font>
					<label>$INFO[ListItem.StartTime]</label>
					<include>column_Label</include>
				</control>
				<control type="label">
					<posx>235</posx>
					<width>553</width>
					<info>ListItem.Title</info>
					<include>column_Label</include>
				</control>
				<control type="label">
					<posx>880</posx>
					<width>553</width>
					<font>smallCaps</font>
					<info>ListItem.StartDate</info>
					<include>column_Label</include>
				</control>
			</itemlayout>
			<focusedlayout height="44">
				<control type="image">
					<width>1185</width>
					<height>42</height>
					<texture border="4">views/column_focus.png</texture>
					<colordiffuse>column1</colordiffuse>
				</control>
				<control type="image">
					<posx>829</posx>
					<posy>10</posy>
					<width>22</width>
					<height>22</height>
					<texture>pvr/status_none.png</texture>
					<colordiffuse>column3</colordiffuse>
					<visible>![ListItem.HasTimer + ListItem.IsRecording]</visible>
				</control>
				<control type="image">
					<posx>829</posx>
					<posy>10</posy>
					<width>22</width>
					<height>22</height>
					<texture>pvr/status_timer.png</texture>
					<colordiffuse>column3</colordiffuse>
					<visible>ListItem.HasTimer</visible>
				</control>
				<control type="image">
					<posx>829</posx>
					<posy>10</posy>
					<width>22</width>
					<height>22</height>
					<texture>pvr/status_recording.png</texture>
					<colordiffuse>column3</colordiffuse>
					<visible>ListItem.IsRecording</visible>
				</control>
				<control type="label" id="1">
					<posx>15</posx>
					<width>203</width>
					<font>smallCaps</font>
					<label>$INFO[ListItem.StartTime]</label>
					<include>column_Label-focus</include>
				</control>
				<control type="label">
					<posx>235</posx>
					<width>553</width>
					<info>ListItem.Title</info>
					<include>column_Label-focus</include>
				</control>
				<control type="label">
					<posx>880</posx>
					<width>553</width>
					<font>smallCaps</font>
					<info>ListItem.StartDate</info>
					<include>column_Label-focus</include>
				</control>
			</focusedlayout>
		</control>
	</include>

<!---GUIDE NOW/NEXT VIEW------>
	<include name="view_TV-now">
		<control type="group">
			<posx>39</posx>
			<posy>125</posy>
			<include>transition_Container</include>
			<animation effect="fade" start="100" end="10" time="150" condition="ControlGroup(6000).HasFocus()">Conditional</animation>
			<visible>Control.IsVisible(16)</visible>
			<control type="label">
				<description>time</description>
				<posx>15</posx>
				<width>200</width>
				<label>$LOCALIZE[19148]</label>
				<include>column_Header</include>
			</control>
			<control type="label">
				<description>title</description>
				<posx>235</posx>
				<width>250</width>
				<label>$LOCALIZE[369]</label>
				<include>column_Header</include>
			</control>
			<control type="label">
				<description>time</description>
				<posx>931</posx>
				<width>550</width>
				<label>$LOCALIZE[555]</label>
				<include>column_Header</include>
			</control>
			<control type="label">
				<description>duration</description>
				<posx>1065</posx>
				<width>140</width>
				<label>$LOCALIZE[180]</label>
				<include>column_Header</include>
			</control>
			<control type="list" id="16">
				<posy>40</posy>
				<width>1220</width>
				<height>352</height>
				<onup>16</onup>
				<ondown>16</ondown>
				<onleft>6000</onleft>
				<onright>80</onright>
				<pagecontrol>80</pagecontrol>
				<scrolltime>200</scrolltime>
				<include>transition_Container</include>
				<animation effect="fade" start="100" end="40" time="150" condition="ControlGroup(6000).HasFocus()">Conditional</animation>
				<itemlayout height="44">
					<control type="image" id="1">
						<width>220</width>
						<height>42</height>
						<texture border="8">views/column_left.png</texture>
						<colordiffuse>column2</colordiffuse>
					</control>
					<control type="image">
						<posx>220</posx>
						<width>693</width>
						<height>42</height>
						<texture border="4">views/column.png</texture>
						<colordiffuse>column3</colordiffuse>
					</control>
					<control type="image">
						<posx>916</posx>
						<width>132</width>
						<height>42</height>
						<texture border="4">views/column.png</texture>
						<colordiffuse>column3</colordiffuse>
					</control>
					<control type="image">
						<posx>1050</posx>
						<width>136</width>
						<height>42</height>
						<texture border="4">views/column_right.png</texture>
						<colordiffuse>column3</colordiffuse>
					</control>
					<control type="image">
						<posx>880</posx>
						<posy>10</posy>
						<width>22</width>
						<height>22</height>
						<texture>pvr/status_none.png</texture>
						<visible>![ListItem.HasTimer + ListItem.IsRecording]</visible>
					</control>
					<control type="image">
						<posx>880</posx>
						<posy>10</posy>
						<width>22</width>
						<height>22</height>
						<texture>pvr/status_timer.png</texture>
						<visible>ListItem.HasTimer + !ListItem.IsRecording</visible>
					</control>
					<control type="image">
						<posx>880</posx>
						<posy>10</posy>
						<width>22</width>
						<height>22</height>
						<texture>pvr/status_recording.png</texture>
						<visible>ListItem.IsRecording</visible>
					</control>
					<control type="label" id="1">
						<posx>15</posx>
						<width>205</width>
						<font>smallCaps</font>
						<label>$INFO[ListItem.ChannelNumber]</label>
						<include>column_Label</include>
					</control>
					<control type="label" id="1">
						<posx>200</posx>
						<width>150</width>
						<font>smallCaps</font>
						<label>$INFO[ListItem.ChannelName]</label>
						<align>right</align>
						<include>column_Label</include>
					</control>
					<control type="label">
						<posx>235</posx>
						<width>553</width>
						<info>ListItem.Title</info>
						<include>column_Label</include>
					</control>
					<control type="label">
						<posx>931</posx>
						<width>553</width>
						<font>smallCaps</font>
						<info>ListItem.StartTime</info>
						<include>column_Label</include>
					</control>
					<control type="label">
						<posx>1065</posx>
						<width>400</width>
						<info>ListItem.Duration</info>
						<include>column_Label</include>
					</control>
				</itemlayout>
				<focusedlayout height="44">
					<control type="image">
						<posx>0</posx>
						<width>1185</width>
						<height>42</height>
						<texture border="4">views/column_focus.png</texture>
						<colordiffuse>column1</colordiffuse>
					</control>
					<control type="image">
						<posx>880</posx>
						<posy>10</posy>
						<width>22</width>
						<height>22</height>
						<texture>pvr/status_none.png</texture>
						<colordiffuse>column3</colordiffuse>
						<visible>![ListItem.HasTimer + ListItem.IsRecording]</visible>
					</control>
					<control type="image">
						<posx>880</posx>
						<posy>10</posy>
						<width>22</width>
						<height>22</height>
						<texture>pvr/status_timer.png</texture>
						<colordiffuse>column3</colordiffuse>
						<visible>ListItem.HasTimer + !ListItem.IsRecording</visible>
					</control>
					<control type="image">
						<posx>880</posx>
						<posy>10</posy>
						<width>22</width>
						<height>22</height>
						<texture>pvr/status_recording.png</texture>
						<colordiffuse>column3</colordiffuse>
						<visible>ListItem.IsRecording</visible>
					</control>
					<control type="label" id="1">
						<posx>15</posx>
						<width>205</width>
						<font>smallCaps</font>
						<label>$INFO[ListItem.ChannelNumber]</label>
						<include>column_Label-focus</include>
					</control>
					<control type="label" id="1">
						<posx>200</posx>
						<width>150</width>
						<font>smallCaps</font>
						<align>right</align>
						<label>$INFO[ListItem.ChannelName]</label>
						<include>column_Label-focus</include>
					</control>
					<control type="label">
						<posx>235</posx>
						<width>553</width>
						<info>ListItem.Title</info>
						<include>column_Label-focus</include>
					</control>
					<control type="label">
						<posx>931</posx>
						<width>553</width>
						<font>smallCaps</font>
						<info>ListItem.StartTime</info>
						<include>column_Label-focus</include>
					</control>
					<control type="label">
						<posx>1065</posx>
						<width>400</width>
						<info>ListItem.Duration</info>
						<include>column_Label-focus</include>
					</control>
				</focusedlayout>
			</control>
		</control>
	</include>

<!---GUIDE TIMELINE------>
	<include name="view_EPG-timeline">
		<control type="epggrid" id="10">
			<description>EPG Grid</description>
			<posx>39</posx>
			<posy>110</posy>
			<width>1240</width>
			<height>402</height>
			<scrolltime>200</scrolltime>
			<timeblocks>40</timeblocks>
			<rulerunit>6</rulerunit>
			<onup>10</onup>
			<ondown>10</ondown>
			<onleft>6000</onleft>
			<onright>31</onright>
			<pagecontrol>10</pagecontrol>
			<include>transition_Container</include>
			<animation effect="fade" start="100" end="10" time="150" condition="ControlGroup(6000).HasFocus()">Conditional</animation>
			<rulerlayout height="50" width="44">
				<control type="label" id="2">
					<posx>15</posx>
					<posy>4</posy>
					<width>34</width>
					<height>42</height>
					<label>$INFO[ListItem.Label]</label>
					<font>smallCaps</font>
					<align>left</align>
					<textcolor>Color2</textcolor>
					<selectedcolor>selected</selectedcolor>
				</control>
			</rulerlayout>
			<channellayout height="44" width="220">
				<animation effect="fade" start="110" time="200">UnFocus</animation>
				<control type="image" id="1">
					<width>220</width>
					<height>42</height>
					<texture border="8">views/column_left.png</texture>
					<colordiffuse>column2</colordiffuse>
				</control>
				<control type="label" id="1">
					<posx>15</posx>
					<width>205</width>
					<label>$INFO[ListItem.ChannelNumber]</label>
					<include>column_Label</include>
				</control>
				<control type="label" id="1">
					<posx>200</posx>
					<width>150</width>
					<align>right</align>
					<label>$INFO[ListItem.ChannelName]</label>
					<font>smallCaps</font>
					<include>column_Label</include>
				</control>
			</channellayout>
			<focusedchannellayout height="44" width="220">
				<animation effect="fade" start="110" time="200">OnFocus</animation>
				<control type="image" id="1">
					<width>220</width>
					<height>42</height>
					<texture border="8">views/column_left.png</texture>
					<colordiffuse>column3</colordiffuse>
				</control>
				<control type="label" id="1">
					<posx>15</posx>
					<width>205</width>
					<label>$INFO[ListItem.ChannelNumber]</label>
					<include>column_Label</include>
				</control>
				<control type="label" id="1">
					<posx>200</posx>
					<width>150</width>
					<align>right</align>
					<label>$INFO[ListItem.ChannelName]</label>
					<font>smallCaps</font>
					<include>column_Label</include>
				</control>
			</focusedchannellayout>
			<itemlayout height="44" width="100">
				<control type="image" id="2">
					<description>movie / drama</description>
					<colordiffuse>ff8b5015</colordiffuse>
					<include>column</include>
					<visible>stringcompare(ListItem.Property(GenreType),16)</visible>
				</control>
				<control type="image" id="3">
					<description>news</description>
					<colordiffuse>ff446444</colordiffuse>
					<include>column</include>
					<visible>stringcompare(ListItem.Property(GenreType),32)</visible>
				</control>
				<control type="image" id="4">
					<description>show / gameshow</description>
					<colordiffuse>ff8d8c17</colordiffuse>
					<include>column</include>
					<visible>stringcompare(ListItem.Property(GenreType),48)</visible>
				</control>
				<control type="image" id="5">
					<description>sports</description>
					<colordiffuse>ff930d1d</colordiffuse>
					<include>column</include>
					<visible>stringcompare(ListItem.Property(GenreType),64)</visible>
				</control>
				<control type="image" id="6">
					<description>children</description>
					<colordiffuse>ff13897a</colordiffuse>
					<include>column</include>
					<visible>stringcompare(ListItem.Property(GenreType),80)</visible>
				</control>
				<control type="image" id="7">
					<description>music / ballet / dance</description>
					<colordiffuse>ff2d9234</colordiffuse>
					<include>column</include>
					<visible>stringcompare(ListItem.Property(GenreType),96)</visible>
				</control>
				<control type="image" id="8">
					<description>arts / culture</description>
					<colordiffuse>ff022788</colordiffuse>
					<include>column</include>
					<visible>stringcompare(ListItem.Property(GenreType),112)</visible>
				</control>
				<control type="image" id="9">
					<description>social / political / economics</description>
					<colordiffuse>ff641864</colordiffuse>
					<include>column</include>
					<visible>stringcompare(ListItem.Property(GenreType),128)</visible>
				</control>
				<control type="image" id="10">
					<description>education / science / factual</description>
					<colordiffuse>ff797a7c</colordiffuse>
					<include>column</include>
					<visible>stringcompare(ListItem.Property(GenreType),144)</visible>
				</control>
				<control type="image" id="11">
					<description>leisure / hobbies</description>
					<colordiffuse>ff5a5a7e</colordiffuse>
					<include>column</include>
					<visible>stringcompare(ListItem.Property(GenreType),160)</visible>
				</control>
				<control type="image" id="12">
					<description>special event</description>
					<include>column</include>
					<colordiffuse>ff1a6973</colordiffuse>
					<visible>stringcompare(ListItem.Property(GenreType),176)</visible>
				</control>
				<control type="image" id="13">
					<description>other / unknown</description>
					<include>column</include>
					<colordiffuse>ff651765</colordiffuse>
					<visible>stringcompare(ListItem.Property(GenreType),0) | stringcompare(ListItem.Property(GenreType),240)</visible>
				</control>
				<control type="label" id="1">
					<posx>8</posx>
					<width>85</width>
					<info>ListItem.Label</info>
					<include>column_Label</include>
					<visible>!ListItem.HasTimer</visible>
				</control>
				<control type="label" id="1">
					<posx>40</posx>
					<width>20</width>
					<info>ListItem.Label</info>
					<include>column_Label</include>
					<visible>ListItem.HasTimer</visible>
				</control>
				<control type="image">
					<posx>10</posx>
					<posy>10</posy>
					<width>22</width>
					<height>22</height>
					<texture>pvr/status_timer.png</texture>
					<colordiffuse>Color1</colordiffuse>
					<visible>ListItem.HasTimer</visible>
				</control>
				<control type="image">
					<posx>10</posx>
					<posy>10</posy>
					<width>22</width>
					<height>22</height>
					<texture>pvr/status_recording.png</texture>
					<colordiffuse>Color1</colordiffuse>
					<visible>ListItem.IsRecording</visible>
				</control>
			</itemlayout>
			<focusedlayout height="44" width="100">
				<control type="image" id="14">
					<width>98</width>
					<include>column</include>
					<colordiffuse>ff000000</colordiffuse>
				</control>
				<control type="label" id="1">
					<posx>8</posx>
					<width>85</width>
					<info>ListItem.Label</info>
					<include>column_Label</include>
					<visible>!ListItem.HasTimer</visible>
				</control>
				<control type="label" id="1">
					<posx>40</posx>
					<width>20</width>
					<info>ListItem.Label</info>
					<include>column_Label</include>
					<visible>ListItem.HasTimer</visible>
				</control>
				<control type="image">
					<posx>10</posx>
					<posy>10</posy>
					<width>22</width>
					<height>22</height>
					<texture>pvr/status_timer.png</texture>
					<colordiffuse>Color1</colordiffuse>
					<visible>ListItem.HasTimer</visible>
				</control>
			</focusedlayout>
		</control>
	</include>

<!---TIMERS VIEW------>
	<include name="view_TV-timers">
		<control type="group">
			<posx>39</posx>
			<posy>100</posy>
			<include>transition_Container</include>
			<animation effect="fade" start="100" end="40" time="150" condition="ControlGroup(6000).HasFocus()">Conditional</animation>
			<visible>Control.IsVisible(14)</visible>
			<control type="label">
				<description>time</description>
				<posx>15</posx>
				<width>200</width>
				<label>$LOCALIZE[555]</label>
				<include>column_Header</include>
			</control>
			<control type="label">
				<description>title</description>
				<posx>235</posx>
				<width>250</width>
				<label>$LOCALIZE[369]</label>
				<include>column_Header</include>
			</control>
			<control type="label">
				<description>date</description>
				<posx>880</posx>
				<width>140</width>
				<label>$LOCALIZE[552]</label>
				<include>column_Header</include>
			</control>
			<control type="list" id="14">
				<posy>40</posy>
				<width>1280</width>
				<height>440</height>
				<onup>14</onup>
				<ondown>14</ondown>
				<onleft>6000</onleft>
				<scrolltime>200</scrolltime>
				<animation effect="fade" start="100" end="10" time="150" condition="ControlGroup(6000).HasFocus()">Conditional</animation>
				<itemlayout height="44">
					<control type="image" id="1">
						<width>220</width>
						<colordiffuse>column2</colordiffuse>
						<include>column_Left</include>
					</control>
					<control type="image">
						<posx>220</posx>
						<width>642</width>
						<colordiffuse>column3</colordiffuse>
						<include>column</include>
					</control>
					<control type="image">
						<posx>865</posx>
						<width>321</width>
						<colordiffuse>column3</colordiffuse>
						<include>column_Right</include>
					</control>
					<control type="image">
						<posx>829</posx>
						<posy>10</posy>
						<width>24</width>
						<height>24</height>
						<texture>pvr/status_none.png</texture>
						<visible>!StringCompare(ListItem.Comment,$LOCALIZE[305]) + !StringCompare(ListItem.Comment,$LOCALIZE[19162])</visible>
					</control>
					<control type="image">
						<posx>829</posx>
						<posy>10</posy>
						<width>24</width>
						<height>24</height>
						<texture>pvr/status_recording.png</texture>
						<visible>StringCompare(ListItem.Comment,$LOCALIZE[19162])</visible>
					</control>
					<control type="image">
						<posx>829</posx>
						<posy>10</posy>
						<width>24</width>
						<height>24</height>
						<texture>pvr/status_enabled.png</texture>
						<visible>StringCompare(ListItem.Comment,$LOCALIZE[305])</visible>
					</control>
					<control type="label" id="1">
						<posx>15</posx>
						<width>203</width>
						<font>smallCaps</font>
						<label>$INFO[ListItem.StartTime]$INFO[ListItem.EndTime, - ]</label>
						<include>column_Label</include>
					</control>
					<control type="label">
						<posx>235</posx>
						<width>553</width>
						<info>ListItem.Label</info>
						<include>column_Label</include>
					</control>
					<control type="label">
						<posx>880</posx>
						<width>553</width>
						<font>smallCaps</font>
						<info>ListItem.StartDate</info>
						<include>column_Label</include>
					</control>
				</itemlayout>
				<focusedlayout height="44">
					<control type="image">
						<width>1185</width>
						<height>42</height>
						<texture border="4">views/column_focus.png</texture>
						<colordiffuse>column1</colordiffuse>
					</control>
					<control type="image">
						<posx>829</posx>
						<posy>10</posy>
						<width>24</width>
						<height>24</height>
						<texture>pvr/status_none.png</texture>
						<colordiffuse>column3</colordiffuse>
						<visible>!StringCompare(ListItem.Comment,$LOCALIZE[305]) + !StringCompare(ListItem.Comment,$LOCALIZE[19162])</visible>
					</control>
					<control type="image">
						<posx>829</posx>
						<posy>10</posy>
						<width>24</width>
						<height>24</height>
						<texture>pvr/status_recording.png</texture>
						<colordiffuse>column3</colordiffuse>
						<visible>StringCompare(ListItem.Comment,$LOCALIZE[19162])</visible>
					</control>
					<control type="image">
						<posx>829</posx>
						<posy>10</posy>
						<width>24</width>
						<height>24</height>
						<texture>pvr/status_enabled.png</texture>
						<colordiffuse>column3</colordiffuse>
						<visible>StringCompare(ListItem.Comment,$LOCALIZE[305])</visible>
					</control>
					<control type="label" id="1">
						<posx>15</posx>
						<width>203</width>
						<font>smallCaps</font>
						<label>$INFO[ListItem.StartTime]$INFO[ListItem.EndTime, - ]</label>
						<include>column_Label-focus</include>
					</control>
					<control type="label">
						<posx>235</posx>
						<width>553</width>
						<info>ListItem.Label</info>
						<include>column_Label-focus</include>
					</control>
					<control type="label">
						<posx>880</posx>
						<width>553</width>
						<font>smallCaps</font>
						<info>ListItem.StartDate</info>
						<include>column_Label-focus</include>
					</control>
				</focusedlayout>
			</control>
		</control>
	</include>

<!---SEARCH------>
	<include name="view_TV-search">
		<control type="group">
			<posx>39</posx>
			<posy>125</posy>
			<include>transition_Container</include>
			<animation effect="fade" start="100" end="10" time="150" condition="ControlGroup(6000).HasFocus()">Conditional</animation>
			<visible>Control.IsVisible(17)</visible>
			<control type="label">
				<description>time</description>
				<posx>15</posx>
				<width>200</width>
				<label>19148</label>
				<include>column_Header</include>
			</control>
			<control type="label">
				<description>title</description>
				<posx>235</posx>
				<width>250</width>
				<label>369</label>
				<include>column_Header</include>
			</control>
			<control type="label">
				<description>date</description>
				<posx>744</posx>
				<width>550</width>
				<label>552</label>
				<include>column_Header</include>
			</control>
			<control type="label">
				<description>time</description>
				<posx>1068</posx>
				<width>140</width>
				<label>555</label>
				<include>column_Header</include>
			</control>
			<control type="list" id="17">
				<posy>40</posy>
				<width>1220</width>
				<height>352</height>
				<onup>17</onup>
				<ondown>17</ondown>
				<onleft>36</onleft>
				<onright>77</onright>
				<pagecontrol>77</pagecontrol>
				<scrolltime>200</scrolltime>
				<itemlayout height="44" width="1100">
					<control type="image">
						<width>220</width>
						<colordiffuse>column2</colordiffuse>
						<include>column_Left</include>
					</control>
					<control type="image">
						<posx>220</posx>
						<width>507</width>
						<colordiffuse>column3</colordiffuse>
						<include>column</include>
					</control>
					<control type="image">
						<posx>729</posx>
						<width>321</width>
						<colordiffuse>column3</colordiffuse>
						<include>column</include>
					</control>
					<control type="image">
						<posx>1053</posx>
						<width>132</width>
						<colordiffuse>column3</colordiffuse>
						<include>column_Right</include>
					</control>
					<control type="image">
						<posx>694</posx>
						<posy>11</posy>
						<width>22</width>
						<height>22</height>
						<texture>pvr/status_none.png</texture>
						<visible>![ListItem.HasTimer + ListItem.IsRecording]</visible>
					</control>
					<control type="image">
						<posx>694</posx>
						<posy>11</posy>
						<width>22</width>
						<height>22</height>
						<texture>pvr/status_timer.png</texture>
						<visible>ListItem.HasTimer</visible>
					</control>
					<control type="image">
						<posx>694</posx>
						<posy>11</posy>
						<width>22</width>
						<height>22</height>
						<texture>pvr/status_recording.png</texture>
						<visible>ListItem.IsRecording</visible>
					</control>
					<control type="label" id="1">
						<posx>15</posx>
						<width>205</width>
						<font>smallCaps</font>
						<label>$INFO[ListItem.ChannelNumber]</label>
						<include>column_Label</include>
					</control>
					<control type="label" id="1">
						<posx>200</posx>
						<width>150</width>
						<font>smallCaps</font>
						<align>right</align>
						<label>$INFO[ListItem.ChannelName]</label>
						<include>column_Label</include>
					</control>
					<control type="label">
						<posx>235</posx>
						<width>477</width>
						<info>ListItem.Label</info>
						<include>column_Label</include>
					</control>
					<control type="label">
						<posx>744</posx>
						<width>553</width>
						<label>$INFO[ListItem.StartDate]</label>
						<font>smallCaps</font>
						<include>column_Label</include>
					</control>
					<control type="label">
						<posx>1068</posx>
						<width>300</width>
						<label>$INFO[ListItem.StartTime]</label>
						<include>column_Label</include>
					</control>
				</itemlayout>
				<focusedlayout height="44" width="1100">
					<control type="image">
						<posx>0</posx>
						<width>1185</width>
						<height>42</height>
						<texture border="4">views/column_focus.png</texture>
						<colordiffuse>column1</colordiffuse>
					</control>
					<control type="image">
						<posx>694</posx>
						<posy>11</posy>
						<width>22</width>
						<height>22</height>
						<texture>pvr/status_none.png</texture>
						<colordiffuse>black</colordiffuse>
						<visible>![ListItem.HasTimer + ListItem.IsRecording] + !IsEmpty(ListItem.ChannelName)</visible>
					</control>
					<control type="image">
						<posx>694</posx>
						<posy>11</posy>
						<width>22</width>
						<height>22</height>
						<texture>pvr/status_timer.png</texture>
						<colordiffuse>black</colordiffuse>
						<visible>ListItem.HasTimer</visible>
					</control>
					<control type="image">
						<posx>694</posx>
						<posy>11</posy>
						<width>22</width>
						<height>22</height>
						<texture>pvr/status_recording.png</texture>
						<colordiffuse>black</colordiffuse>
						<visible>ListItem.IsRecording</visible>
					</control>
					<control type="label" id="1">
						<posx>15</posx>
						<width>205</width>
						<font>smallCaps</font>
						<label>$INFO[ListItem.ChannelNumber]</label>
						<include>column_Label-focus</include>
					</control>
					<control type="label" id="1">
						<posx>200</posx>
						<width>150</width>
						<font>smallCaps</font>
						<align>right</align>
						<label>$INFO[ListItem.ChannelName]</label>
						<include>column_Label-focus</include>
					</control>
					<control type="label">
						<posx>235</posx>
						<width>477</width>
						<info>ListItem.Label</info>
						<include>column_Label-focus</include>
					</control>
					<control type="label">
						<posx>744</posx>
						<width>553</width>
						<label>$INFO[ListItem.StartDate]</label>
						<font>smallCaps</font>
						<include>column_Label-focus</include>
					</control>
					<control type="label">
						<posx>1068</posx>
						<width>300</width>
						<label>$INFO[ListItem.StartTime]</label>
						<include>column_Label-focus</include>
					</control>
				</focusedlayout>
			</control>
		</control>
	</include>
</includes>