﻿<window id="609">
	<defaultcontrol always="true">11</defaultcontrol>
	<include>dialogOpen</include>
	<coordinates>
		<system>1</system>
		<posx>290</posx>
		<posy>270</posy>
	</coordinates>

	<controls>
		<control type="group">
			<control type="image">
				<width>700</width>
				<height>397</height>
				<include>dialogWindow</include>
			</control>
			<control type="label" id="1">
				<width>662</width>
				<scroll>true</scroll>
				<label>$LOCALIZE[19023] - $INFO[VideoPlayer.ChannelGroup]</label>
				<include>dialog_Windowtitle</include>
				<visible>pvr.IsPlayingTV</visible>
			</control>
			
			<control type="image">
				<posx>19</posx>
				<posy>75</posy>
				<width>662</width>
				<include>dialog_Separator</include>
			</control>
			<control type="image">
				<posx>91</posx>
				<posy>76</posy>
				<height>288</height>
				<include>dialog_Separator-y</include>
			</control>
			
			<control type="list" id="11">
				<posx>19</posx>
				<posy>75</posy>
				<width>663</width>
				<height>288</height>
				<onleft>5</onleft>
				<onright>5</onright>
				<onup>3</onup>
				<ondown>3</ondown>
				<scrolltime>200</scrolltime>
				<itemlayout width="663" height="72">
					<control type="image">
						<width>663</width>
						<height>72</height>
						<texture border="3">dialogs/list-nofocus.png</texture>
					</control>
					<control type="label">
						<posx>165</posx>
						<height>40</height>
						<width>520</width>
						<label>[B]$INFO[ListItem.Title][/B]</label>
						<include>dialog_CommonListItem</include>
					</control>
					<control type="label">
						<posx>165</posx>
						<posy>25</posy>
						<width>520</width>
						<height>40</height>
						<align>left</align>
						<font>smallCaps</font>
						<label>$INFO[ListItem.ChannelNumber] - $INFO[ListItem.Label]</label>
						<include>dialog_CommonListItem</include>
					</control>
					<control type="image">
						<posx>0</posx>
						<posy>0</posy>
						<width>72</width>
						<height>72</height>
						<aspectratio align="center">keep</aspectratio>
						<texture>$INFO[ListItem.Icon]</texture>
					</control>
					<control type="image">
						<posx>9</posx>
						<posy>8</posy>
						<width>96</width>
						<height>48</height>
						<aspectratio align="center">stretch</aspectratio>
						<texture>1black.png</texture>
					</control>
					<control type="group">
						<posx>625</posx>
						<posy>25</posy>
						<control type="image">
							<texture>pvr/status_none.png</texture>
							<visible>![ListItem.HasTimer + ListItem.IsRecording]</visible>
							<include>dialog_PVRstatus</include>
						</control>
						<control type="image">
							<texture>pvr/status_timer.png</texture>
							<visible>ListItem.HasTimer</visible>
							<include>dialog_PVRstatus</include>
						</control>
						<control type="image">
							<texture>pvr/status_recording.png</texture>
							<visible>ListItem.IsRecording</visible>
							<include>dialog_PVRstatus</include>
						</control>
					</control>
				</itemlayout>
				<focusedlayout width="663" height="72">
					<control type="image">
						<width>663</width>
						<height>72</height>
						<texture>dialogs/list-focus.png</texture>
					</control>
					<control type="label">
						<posx>165</posx>
						<height>40</height>
						<width>520</width>
						<label>[B]$INFO[ListItem.Title][/B]</label>
						<include>dialog_CommonListItemFocus</include>
					</control>
					<control type="label">
						<posx>165</posx>
						<posy>25</posy>
						<width>520</width>
						<height>40</height>
						<align>left</align>
						<font>smallCaps</font>
						<label>$INFO[ListItem.ChannelNumber] - $INFO[ListItem.Label]</label>
						<include>dialog_CommonListItemFocus</include>
					</control>
					<control type="image">
						<posx>0</posx>
						<posy>0</posy>
						<width>72</width>
						<height>72</height>
						<aspectratio align="center">keep</aspectratio>
						<texture>$INFO[ListItem.Icon]</texture>
					</control>
					<control type="group">
						<posx>625</posx>
						<posy>25</posy>
						<control type="image">
							<texture>pvr/status_none.png</texture>
							<visible>![ListItem.HasTimer + ListItem.IsRecording]</visible>
							<include>dialog_PVRstatus-focus</include>
						</control>
						<control type="image">
							<texture>pvr/status_timer.png</texture>
							<visible>ListItem.HasTimer</visible>
							<include>dialog_PVRstatus-focus</include>
						</control>
						<control type="image">
							<texture>pvr/status_recording.png</texture>
							<visible>ListItem.IsRecording</visible>
							<include>dialog_PVRstatus-focus</include>
						</control>
					</control>
				</focusedlayout>
			</control>
		</control>
	</controls>
</window>