﻿<window type="dialog" id="142">
	<defaultcontrol>7000</defaultcontrol>
	<controls>
	<!---TRIGGER--->
		<control type="button" id="6000">
			<label>SHOULD NOT SEE ME</label>
			<onup>-</onup>
			<ondown>7000</ondown>
			<visible allowhiddenfocus="true">false</visible>
		</control>
		<control type="button" id="7000">
			<label>SHOULD NOT SEE ME</label>
			<onup>6000</onup>
			<ondown>-</ondown>
			<visible allowhiddenfocus="true">false</visible>
		</control>
		<include>clock</include>
		<include>osd_Info</include>
	</controls>
</window>