﻿<includes>
	<include name="homeSubMenu">
		<control type="group" id="1100">
			<posy>20</posy>
<!---VIDEO SUBMENU------->
			<control type="list" id="1110">
				<posx>-800</posx>
				<width>640</width>
				<height>800</height>
				<onback>9000</onback>
				<onleft>9000</onleft>
				<onup>1110</onup>
				<ondown>1110</ondown>
				<orientation>vertical</orientation>
				<scrolltime tween="Cubic" easing="Out">400</scrolltime>
				<include>home_SubFocus</include>
				<include>homeMenusLayout</include>
				<visible allowhiddenfocus="true">Container(9000).HasFocus(1)</visible>
				<content>
					<item id="1">
						<label>$LOCALIZE[1024]</label>
						<onclick>ActivateWindow(Videos,Files)</onclick>
					</item>
					<item id="2">
						<label>$INFO[Skin.String(videomenu.playlist1.label)]</label>
						<onclick>ActivateWindow(myvideolibrary,$INFO[Skin.String(videomenu.playlist1.path)])</onclick>
						<visible>!IsEmpty(Skin.String(videomenu.playlist1.path))</visible>
					</item>
					<item id="3">
						<label>$INFO[Skin.String(videomenu.playlist2.label)]</label>
						<onclick>ActivateWindow(myvideolibrary,$INFO[Skin.String(videomenu.playlist2.path)])</onclick>
						<visible>!IsEmpty(Skin.String(videomenu.playlist2.path))</visible>
					</item>
					<item id="4">
						<label>$INFO[Skin.String(videomenu.playlist3.label)]</label>
						<onclick>ActivateWindow(myvideolibrary,$INFO[Skin.String(videomenu.playlist3.path)])</onclick>
						<visible>!IsEmpty(Skin.String(videomenu.playlist3.path))</visible>
					</item>
					<item id="5">
						<label>$INFO[Skin.String(videomenu.playlist4.label)]</label>
						<onclick>ActivateWindow(myvideolibrary,$INFO[Skin.String(videomenu.playlist4.path)])</onclick>
						<visible>!IsEmpty(Skin.String(videomenu.playlist4.path))</visible>
					</item>
					<item id="6">
						<label>$INFO[Skin.String(videomenu.folder1.label)]</label>
						<onclick>ActivateWindow(Videos,$INFO[Skin.String(videomenu.folder1.path)],return)</onclick>
						<visible>!IsEmpty(Skin.String(videomenu.folder1.path))</visible>
					</item>
					<item id="7">
						<label>$INFO[Skin.String(videomenu.folder2.label)]</label>
						<onclick>ActivateWindow(Videos,$INFO[Skin.String(videomenu.folder2.path)],return)</onclick>
						<visible>!IsEmpty(Skin.String(videomenu.folder2.path))</visible>
					</item>
					<item id="8">
						<label>$INFO[Skin.String(videomenu.folder3.label)]</label>
						<onclick>ActivateWindow(Videos,$INFO[Skin.String(videomenu.folder3.path)],return)</onclick>
						<visible>!IsEmpty(Skin.String(videomenu.folder3.path))</visible>
					</item>
					<item id="9">
						<label>$INFO[Skin.String(videomenu.folder4.label)]</label>
						<onclick>ActivateWindow(Videos,$INFO[Skin.String(videomenu.folder4.path)],return)</onclick>
						<visible>!IsEmpty(Skin.String(videomenu.folder4.path))</visible>
					</item>
					<item id="10">
						<label>$LOCALIZE[24001]</label>
						<onclick>ActivateWindow(VideoLibrary,Addons)</onclick>
						<visible>!Skin.HasSetting(videomenu.addons)</visible>
					</item>
					<item id="11">
						<label>$LOCALIZE[136]</label>
						<onclick>ActivateWindow(MyVideoLibrary,playlists)</onclick>
						<visible>!Skin.HasSetting(videomenu.videoplaylists)</visible>
					</item>
				</content>
			</control>
<!---LIVE TV SUBMENU------>
			<control type="list" id="1120">
				<posx>-800</posx>
				<width>900</width>
				<height>800</height>
				<onback>9000</onback>
				<onleft>9000</onleft>
				<onup>1120</onup>
				<ondown>1120</ondown>
				<orientation>vertical</orientation>
				<scrolltime>150</scrolltime>
				<visible allowhiddenfocus="true">Container(9000).HasFocus(7)</visible>
				<include>home_SubFocus</include>
				<include>homeMenusLayout</include>
				<content>
					<!--channels-->
					<item id="1">
						<label>$LOCALIZE[19019]</label>
						<onclick>ActivateWindow(TV)</onclick>
						<onclick>Setfocus(32)</onclick>
						<onclick>Setfocus(11)</onclick>
					</item>
					<!--guide-->
					<item id="2">
						<label>$LOCALIZE[31987]</label>
						<onclick>ActivateWindow(TV)</onclick>
						<onclick>Setfocus(31)</onclick>
						<onclick>Setfocus(11)</onclick>
					</item>
					<!--recordings-->
					<item id="3">
						<label>$LOCALIZE[19163]</label>
						<onclick>ActivateWindow(TV)</onclick>
						<onclick>Setfocus(34)</onclick>
						<onclick>Setfocus(13)</onclick>
					</item>
					<!--timers-->
					<item id="4">
						<label>$LOCALIZE[31085]</label>
						<onclick>ActivateWindow(TV)</onclick>
						<onclick>Setfocus(35)</onclick>
						<onclick>Setfocus(14)</onclick>
					</item>
				</content>
			</control>
<!---MUSIC SUBMENU------>
			<control type="list" id="1130">
				<posx>-800</posx>
				<width>900</width>
				<height>800</height>
				<onback>9000</onback>
				<onleft>9000</onleft>
				<onup>1130</onup>
				<ondown>1130</ondown>
				<orientation>vertical</orientation>
				<scrolltime>150</scrolltime>
				<visible>Container(9000).HasFocus(9)</visible>
				<include>home_SubFocus</include>
				<include>homeMenusLayout</include>
				<content>
					<item id="1">
						<label>$LOCALIZE[132]</label>
						<onclick>ActivateWindow(MusicLibrary,albums)</onclick>
					</item>
					<item id="2">
						<label>$LOCALIZE[31970]</label>
						<onclick>ActivateWindow(MusicLibrary,recentlyaddedalbums)</onclick>
						<visible>Skin.HasSetting(musicmenu.recent)</visible>
					</item>
					<item id="3">
						<label>$LOCALIZE[31971]</label>
						<onclick>ActivateWindow(MusicLibrary,recentlyplayedalbums)</onclick>
						<visible>Skin.HasSetting(musicmenu.played)</visible>
					</item>
					<item id="4">
						<label>$LOCALIZE[133]</label>
						<onclick>ActivateWindow(MusicLibrary,artists)</onclick>
						<visible>!Skin.HasSetting(musicmenu.artists)</visible>
					</item>
					<item id="5">
						<label>$LOCALIZE[135]</label>
						<onclick>ActivateWindow(MusicLibrary,genres)</onclick>
						<visible>Skin.HasSetting(musicmenu.genres)</visible>
					</item>
					<item id="9">
						<label>$LOCALIZE[24001]</label>
						<onclick>ActivateWindow(MusicLibrary,Addons)</onclick>
						<visible>Skin.HasSetting(musicmenu.addons)</visible>
					</item>
					<item id="6">
						<label>$LOCALIZE[136]</label>
						<onclick>ActivateWindow(MusicLibrary,playlists)</onclick>
						<visible>Skin.HasSetting(musicmenu.playlists)</visible>
					</item>
					<item id="7">
						<label>$LOCALIZE[589]</label>
						<onclick>XBMC.PlayerControl(Partymode)</onclick>
						<visible>Skin.HasSetting(musicmenu.partymode)</visible>
					</item>
					<item id="8">
						<label>$LOCALIZE[15200]</label>
						<onclick>ActivateWindow(MyMusicLibrary,lastfm://)</onclick>
						<visible>Skin.HasSetting(musicmenu.lastfm)</visible>
					</item>
					<item id="9">
						<label>$LOCALIZE[20389]</label>
						<onclick>ActivateWindow(MyVideoLibrary,musicvideotitles)</onclick>
						<visible>Library.HasContent(musicvideos) + Skin.HasSetting(musicmenu.videos)</visible>
					</item>
					<item id="10">
						<label>$LOCALIZE[1024]</label>
						<onclick>ActivateWindow(MusicFiles)</onclick>
					</item>
				</content>
			</control>
<!---PICTURES SUBMENU------->
			<control type="list" id="1140">
				<posx>-800</posx>
				<width>900</width>
				<height>800</height>
				<onback>9000</onback>
				<onleft>9000</onleft>
				<onup>1140</onup>
				<ondown>1140</ondown>
				<orientation>vertical</orientation>
				<scrolltime>150</scrolltime>
				<visible allowhiddenfocus="true">Container(9000).HasFocus(11)</visible>
				<include>home_SubFocus</include>
				<include>homeMenusLayout</include>
				<content>
					<item id="1">
						<label>$LOCALIZE[1024]</label>
						<onclick>ActivateWindow(2)</onclick>
					</item>
					<item id="2">
						<label>$LOCALIZE[24001]</label>
						<onclick>ActivateWindow(Pictures,Addons)</onclick>
					</item>
				</content>
			</control>
<!---ADDONS SUBMENU------>
			<control type="list" id="1150">
				<posx>-800</posx>
				<width>900</width>
				<height>800</height>
				<onback>9000</onback>
				<onleft>9000</onleft>
				<onup>1150</onup>
				<ondown>1150</ondown>
				<orientation>vertical</orientation>
				<scrolltime>150</scrolltime>
				<visible allowhiddenfocus="true">Container(9000).HasFocus(13)</visible>
				<include>home_SubFocus</include>
				<include>homeMenusLayout</include>
				<content>
					<item id="1">
						<label>$INFO[Skin.String(addonsmenu.addon1.label)]</label>
						<onclick>RunAddon($INFO[Skin.String(addonsmenu.addon1.path)])</onclick>
						<visible>!IsEmpty(Skin.String(addonsmenu.addon1.label))</visible>
					</item>
					<item id="2">
						<label>$INFO[Skin.String(addonsmenu.addon2.label)]</label>
						<onclick>RunAddon($INFO[Skin.String(addonsmenu.addon2.path)])</onclick>
						<visible>!IsEmpty(Skin.String(addonsmenu.addon2.label))</visible>
					</item>
					<item id="3">
						<label>$INFO[Skin.String(addonsmenu.addon3.label)]</label>
						<onclick>RunAddon($INFO[Skin.String(addonsmenu.addon3.path)])</onclick>
						<visible>!IsEmpty(Skin.String(addonsmenu.addon3.label))</visible>
					</item>
					<item id="4">
						<label>$INFO[Skin.String(addonsmenu.addon4.label)]</label>
						<onclick>RunAddon($INFO[Skin.String(addonsmenu.addon4.path)])</onclick>
						<visible>!IsEmpty(Skin.String(addonsmenu.addon4.label))</visible>
					</item>
					<item id="5">
						<label>$INFO[Skin.String(addonsmenu.addon5.label)]</label>
						<onclick>RunAddon($INFO[Skin.String(addonsmenu.addon5.path)])</onclick>
						<visible>!IsEmpty(Skin.String(addonsmenu.addon5.label))</visible>
					</item>
					<item id="6">
						<label>$INFO[Skin.String(addonsmenu.addon6.label)]</label>
						<onclick>RunAddon($INFO[Skin.String(addonsmenu.addon6.path)])</onclick>
						<visible>!IsEmpty(Skin.String(addonsmenu.addon6.label))</visible>
					</item>
					<item id="7">
						<label>$LOCALIZE[24033]</label>
						<onclick>ActivateWindow(addonbrowser,addons://repos/)</onclick>
					</item>
					<item id="8">
						<label>$LOCALIZE[24043]</label>
						<onclick>ActivateWindow(addonbrowser,addons://outdated/)</onclick>
						<visible>Skin.HasSetting(addonsmenu.updates)</visible>
					</item>
					<item id="9">
						<label>$LOCALIZE[24062]</label>
						<onclick>ActivateWindow(addonbrowser,addons://enabled/)</onclick>
						<visible>Skin.HasSetting(addonsmenu.enabled)</visible>
					</item>
					<item id="10">
						<label>$LOCALIZE[0]</label>
						<onclick>ActivateWindow(programs,addons, return)</onclick>
						<visible>Skin.HasSetting(addonsmenu.programs)</visible>
					</item>
				</content>
			</control>
<!---SYSTEM SUBMENU------>
			<control type="list" id="1160">
				<posx>-800</posx>
				<width>900</width>
				<height>800</height>
				<onback>9000</onback>
				<onleft>9000</onleft>
				<onup>1160</onup>
				<ondown>1160</ondown>
				<orientation>vertical</orientation>
				<scrolltime>150</scrolltime>
				<visible allowhiddenfocus="true">Container(9000).HasFocus(15)</visible>
				<include>home_SubFocus</include>
				<include>homeMenusLayout</include>
				<content>
					<item id="1">
						<label>$LOCALIZE[5]</label>
						<onclick>ActivateWindow(settings)</onclick>
					</item>
					<item id="2">
						<label>$LOCALIZE[130]</label>
						<onclick>ActivateWindow(SystemInfo)</onclick>
					</item>
					<item id="3">
						<label>$LOCALIZE[7]</label>
						<onclick>ActivateWindow(Filemanager)</onclick>
					</item>
					<item id="4">
						<label>$LOCALIZE[31013]</label>
						<onclick>ActivateWindow(shutdownmenu)</onclick>
					</item>
				</content>
			</control>
<!---EXIT SUBMENU------>
			<control type="list" id="1170">
				<posx>-800</posx>
				<width>900</width>
				<height>800</height>
				<onback>9000</onback>
				<onleft>9000</onleft>
				<onup>1170</onup>
				<ondown>1170</ondown>
				<orientation>vertical</orientation>
				<scrolltime>150</scrolltime>
				<visible allowhiddenfocus="true">Container(9000).HasFocus(13)</visible>
				<include>home_SubFocus</include>
				<include>homeMenusLayout</include>
				<content>
					<item id="1">
						<label>$LOCALIZE[20126]</label>
						<onclick>system.logoff</onclick>
					</item>
					<item id="2">
						<label>$LOCALIZE[13009]</label>
						<onclick>XBMC.Quit()</onclick>
						<visible>!System.Platform.Xbox</visible>
					</item>
					<item id="3">
						<label>$LOCALIZE[13010]</label>
						<onclick>XBMC.Hibernate</onclick>
						<visible>System.CanHibernate</visible>
					</item>
					<item id="4">
						<label>$LOCALIZE[13011]</label>
						<onclick>XBMC.Suspend</onclick>
						<visible>System.CanSuspend</visible>
					</item>
					<item id="5">
						<label>$LOCALIZE[31928]</label>
						<onclick>XBMC.AlarmClock(shutdowntimer,XBMC.Powerdown())</onclick>
						<visible>!System.HasAlarm(shutdowntimer)</visible>
					</item>
					<item id="9">
						<label>$LOCALIZE[13013]</label>
						<onclick>XBMC.Reboot()</onclick>
						<visible>!System.Platform.Xbox</visible>
					</item>
					<item id="5">
						<label>$LOCALIZE[13005]</label>
						<onclick>XBMC.ShutDown</onclick>
					</item>
					<item id="10">
						<label>$LOCALIZE[13014]</label>
						<onclick>XBMC.Minimize()</onclick>
						<visible>!System.Platform.Xbox</visible>
					</item>
				</content>
			</control>
<!---DISC SUBMENU------>
			<control type="list" id="1180">
				<posx>-800</posx>
				<width>900</width>
				<height>800</height>
				<onback>9000</onback>
				<onleft>9000</onleft>
				<onup>1180</onup>
				<ondown>1180</ondown>
				<orientation>vertical</orientation>
				<scrolltime>150</scrolltime>
				<visible allowhiddenfocus="true">Container(9000).HasFocus(19)</visible>
				<include>home_SubFocus</include>
				<include>homeMenusLayout</include>
				<content>
					<item id="1">
						<description>play</description>
						<label>$LOCALIZE[208]</label>
						<onclick>PlayDVD</onclick>
					</item>
					<item id="2">
						<description>eject</description>
						<label>$LOCALIZE[13391]</label>
						<onclick>EjectTray()</onclick>
					</item>
				</content>
			</control>
<!---MOVIES SUBMENU------>
			<control type="list" id="1200">
				<posx>-800</posx>
				<width>900</width>
				<height>800</height>
				<onback>9000</onback>
				<onleft>9000</onleft>
				<onup>1200</onup>
				<ondown>1200</ondown>
				<orientation>vertical</orientation>
				<scrolltime>150</scrolltime>
				<visible allowhiddenfocus="true">Container(9000).HasFocus(3)</visible>
				<include>home_SubFocus</include>
				<include>homeMenusLayout</include>
				<content>
					<item id="1">
						<label>$LOCALIZE[1024]</label>
						<onclick>ActivateWindow(MyVideoLibrary,movietitles)</onclick>
						<visible>Library.HasContent(movies)</visible>
					</item>
					<item id="2">
						<label>$LOCALIZE[31086]</label>
						<onclick>ActivateWindow(63)</onclick>
						<onclick>SetFocus(61)</onclick>
						<visible>Library.HasContent(movies) + !Skin.HasSetting(tvshowsmenu.watchlist)</visible>
					</item>
					<item id="3">
						<label>$LOCALIZE[31095]</label>
						<onclick>ActivateWindow(MyVideoLibrary,recentlyaddedmovies)</onclick>
						<visible>Library.HasContent(movies) + Skin.HasSetting(moviesmenu.recent)</visible>
					</item>
					<item id="4">
						<label>$LOCALIZE[16101]</label>
						<onclick>ActivateWindow(MyVideoLibrary,special://skin/playlists/Unwatched Movies.xsp)</onclick>
						<visible>Library.HasContent(movies) + Skin.HasSetting(moviesmenu.unwatched)</visible>
					</item>
					<item id="5">
						<label>$LOCALIZE[575]</label>
						<onclick>ActivateWindow(MyVideoLibrary,special://skin/playlists/Movies In Progress.xsp)</onclick>
						<visible>Library.HasContent(movies) + Skin.HasSetting(moviesmenu.inprogress)</visible>
					</item>
					<item id="6">
						<label>$LOCALIZE[31011]</label>
						<onclick>XBMC.ActivateWindow(MyVideoLibrary, plugin://plugin.video.apple.movie.trailers.lite/)</onclick>
						<visible>Skin.HasSetting(moviesmenu.trailers) + System.HasAddon(plugin.video.apple.movie.trailers.lite)</visible>
					</item>
					<item id="7">
						<label>$LOCALIZE[135]</label>
						<onclick>ActivateWindow(MyVideoLibrary,moviegenres)</onclick>
						<visible>Library.HasContent(movies) + Skin.HasSetting(moviesmenu.genres)</visible>
					</item>
					<item id="8">
						<label>$LOCALIZE[652]</label>
						<onclick>ActivateWindow(MyVideoLibrary,movieyears)</onclick>
						<visible>Library.HasContent(movies) + Skin.HasSetting(moviesmenu.years)</visible>
					</item>
					<item id="9">
						<label>$LOCALIZE[344]</label>
						<onclick>ActivateWindow(MyVideoLibrary,movieactors)</onclick>
						<visible>Library.HasContent(movies) + Skin.HasSetting(moviesmenu.actors)</visible>
					</item>
				</content>
			</control>

<!---TVSHOWS SUBMENU------>
			<control type="list" id="1210">
				<posx>-800</posx>
				<width>900</width>
				<height>800</height>
				<onback>9000</onback>
				<onleft>9000</onleft>
				<onup>1210</onup>
				<ondown>1210</ondown>
				<orientation>vertical</orientation>
				<scrolltime>150</scrolltime>
				<visible allowhiddenfocus="true">Container(9000).HasFocus(5)</visible>
				<include>home_SubFocus</include>
				<include>homeMenusLayout</include>
				<content>
					<item id="1">
						<label>$LOCALIZE[1024]</label>
						<onclick>ActivateWindow(MyVideoLibrary,tvshowtitles)</onclick>
						<visible>Library.HasContent(tvshows)</visible>
					</item>
					<item id="2">
						<label>$LOCALIZE[31086]</label>
						<onclick>ActivateWindow(63)</onclick>
						<onclick>SetFocus(60)</onclick>
						<visible>Library.HasContent(tvshows) + System.HasAddon(script.watchlist) + !Skin.HasSetting(tvshowsmenu.watchlist)</visible>
					</item>
					<item id="3">
						<label>$LOCALIZE[31094]</label>
						<onclick>ActivateWindow(MyVideoLibrary,recentlyaddedepisodes)</onclick>
						<visible>Library.HasContent(tvshows) + Skin.HasSetting(tvshowsmenu.recent)</visible>
					</item>
					<item id="4">
						<label>$LOCALIZE[16101]</label>
						<onclick>ActivateWindow(MyVideoLibrary,special://skin/playlists/Unwatched Episodes.xsp)</onclick>
						<visible>Library.HasContent(tvshows) + Skin.HasSetting(tvshowsmenu.unwatched)</visible>
					</item>
					<item id="5">
						<label>$LOCALIZE[575]</label>
						<onclick>ActivateWindow(MyVideoLibrary,special://skin/playlists/Episodes In Progress.xsp)</onclick>
						<visible>Library.HasContent(tvshows) + Skin.HasSetting(tvshowsmenu.inprogress)</visible>
					</item>
					<item id="6">
						<label>$LOCALIZE[135]</label>
						<onclick>ActivateWindow(MyVideoLibrary,tvshowgenres)</onclick>
						<visible>Library.HasContent(tvshows) + Skin.HasSetting(tvshowsmenu.genres)</visible>
					</item>
					<item id="7">
						<label>$LOCALIZE[652]</label>
						<onclick>ActivateWindow(MyVideoLibrary,tvshowyears)</onclick>
						<visible>Library.HasContent(tvshows) + Skin.HasSetting(tvshowsmenu.years)</visible>
					</item>
					<item id="8">
						<label>$LOCALIZE[344]</label>
						<onclick>ActivateWindow(MyVideoLibrary,tvshowactors)</onclick>
						<visible>Library.HasContent(tvshows) + Skin.HasSetting(tvshowsmenu.actors)</visible>
					</item>
					<item id="9">
						<label>$LOCALIZE[31070]</label>
						<onclick>RunAddon(script.tv.show.next.aired)</onclick>
						<visible>Library.HasContent(tvshows) + System.HasAddon(script.tv.show.next.aired) + !Skin.HasSetting(tvshowsmenu.guide)</visible>
					</item>
				</content>
			</control>
		</control>
	</include>
</includes>