﻿<includes>
	<include name="dialogWindow">
		<texture border="29">dialogs/dialogWindow.png</texture>
	</include>
	<include name="dialog_Windowtitle">
		<posx>34</posx>
		<posy>28</posy>
		<font>dialog1</font>
		<align>center</align>
		<aligny>center</aligny>
		<height>30</height>
		<textcolor>Color4</textcolor>
		<scroll>false</scroll>
	</include>
	<include name="dialog_CommonListItem">
		<posx>15</posx>
		<height>35</height>
		<font>small</font>
		<aligny>center</aligny>
		<textcolor>Color4</textcolor>
		<selectedcolor>Selected</selectedcolor>
	</include>
	<include name="dialog_CommonList">
		<height>40</height>
		<texture border="3">dialogs/list-nofocus.png</texture>
	</include>
	<include name="dialog_CommonListItemFocus">
		<posx>15</posx>
		<height>35</height>
		<font>small</font>
		<aligny>center</aligny>
		<textcolor>Color1</textcolor>
		<selectedcolor>Selected</selectedcolor>
	</include>
	<include name="dialog_CommonListFocus">
		<height>40</height>
		<texture border="3">dialogs/list-focus.png</texture>
	</include>
	<include name="dialog_Button-context">
		<height>38</height>
		<font>small</font>
		<textoffsety>4</textoffsety>
		<textoffsetx>20</textoffsetx>
		<textcolor>Color4</textcolor>
		<focusedcolor>Color1</focusedcolor>
		<texturenofocus border="0">dialogs/list-nofocus.png</texturenofocus>
		<texturefocus border="0">dialogs/list-focus.png</texturefocus>
	</include>
	<include name="dialog_Button">	
		<width>120</width>
		<height>41</height>
		<font>small</font>
		<align>center</align>
		<aligny>-</aligny>
		<textoffsety>5</textoffsety>
		<texturenofocus border="14">dialogs/button.png</texturenofocus>
		<texturefocus border="20,16,20,16">dialogs/button-focus.png</texturefocus>
		<textcolor>Color4</textcolor>
		<focusedcolor>Color1</focusedcolor>
	</include>
	<include name="dialog_Button-keyboard">
		<font>keyboard</font>
		<texturenofocus border="14">dialogs/keyboard.png</texturenofocus>
		<texturefocus border="20,16,20,16">dialogs/keyboard-focus.png</texturefocus>
		<textcolor>Color4</textcolor>
		<focusedcolor>Color1</focusedcolor>
		<width>48</width>
		<height>48</height>
		<align>center</align>
		<textoffsety>9</textoffsety>
	</include>
	<include name="dialog_Button-list">
		<textcolor>Color4</textcolor>
		<focusedcolor>Color1</focusedcolor>
		<font>small</font>
		<textoffsetx>15</textoffsetx>
		<textoffsety>5</textoffsety>
		<height>40</height>
		<pulseonselect>false</pulseonselect>
		<texturefocus border="3">dialogs/list-focus.png</texturefocus>
		<texturenofocus border="3">dialogs/list-nofocus.png</texturenofocus>
	</include>
	<include name="dialog_Button-inline">	
		<width>40</width>
		<height>40</height>
		<font>small</font>
		<align>center</align>
		<aligny>-</aligny>
		<textoffsety>5</textoffsety>
		<textcolor>Color4</textcolor>
		<focusedcolor>Color1</focusedcolor>
	</include>
	<include name="dialog_Label-seekbar">
		<width>250</width>
		<height>40</height>
		<align>right</align>
		<aligny>center</aligny>
		<font>smallCaps</font>
		<textcolor>Color4</textcolor>
		<textoffsetx>15</textoffsetx>
		<textoffsety>10</textoffsety>
	</include>
	<include name="dialog_Line">
		<posx>34</posx>
		<height>22</height>
		<align>center</align>
		<aligny>center</aligny>
		<font>small</font>
		<textcolor>Color4</textcolor>
		<scroll>false</scroll>
	</include>
	<include name="dialog_Label">
		<height>40</height>
		<aligny>center</aligny>
		<font>small</font>
		<textcolor>Color4</textcolor>
		<textoffsetx>15</textoffsetx>
		<textoffsety>10</textoffsety>
	</include>
	<!--
	<include name="dialog_Label-alt">
		<height>40</height>
		<aligny>center</aligny>
		<font>smallCaps</font>
		<textcolor>Color1</textcolor>
		<textoffsetx>15</textoffsetx>
		<textoffsety>10</textoffsety>
	</include>
	-->
	<include name="dialog_Label-bold">
		<height>40</height>
		<aligny>center</aligny>
		<font>smallBold</font>
		<textcolor>Color4</textcolor>
		<textoffsetx>15</textoffsetx>
		<textoffsety>10</textoffsety>
	</include>
	<include name="dialog_Label-pages">
		<font>small</font>
		<height>40</height>
		<align>center</align>
		<aligny>center</aligny>
		<textcolor>Color4</textcolor>
		<shadowcolor>fff4f4f4</shadowcolor>
	</include>
	<include name="dialog_Textbox">
		<aligny>top</aligny>
		<font>smallAlt</font>
		<textcolor>Color4</textcolor>
	</include>
	<include name="dialog_Radio">
		<textcolor>Color4</textcolor>
		<focusedcolor>Color1</focusedcolor>
		<font>small</font>
		<height>40</height>
		<texturefocus border="3">dialogs/list-focus.png</texturefocus>
		<texturenofocus border="3">dialogs/list-nofocus.png</texturenofocus>
		<textureradiofocus>dialogs/radioOn.png</textureradiofocus>
		<textureradionofocus>dialogs/radioOff.png</textureradionofocus>
		<radioheight>24</radioheight>
		<radiowidth>48</radiowidth>
		<textoffsetx>15</textoffsetx>
		<textoffsety>6</textoffsety>
		<pulseonselect>false</pulseonselect>
	</include>
	<include name="dialog_Spin">
		<height>40</height>
		<textcolor>Color4</textcolor>
		<textoffsetx>15</textoffsetx>
		<focusedcolor>Color1</focusedcolor>
		<font>small</font>
		<textoffsetx>15</textoffsetx>
		<textoffsety>-2</textoffsety>
		<aligny>center</aligny>
		<spinwidth>26</spinwidth>
		<spinheight>26</spinheight>
		<texturefocus border="3">dialogs/list-focus.png</texturefocus>
		<texturenofocus border="3">dialogs/list-nofocus.png</texturenofocus>
		<textureup>dialogs/scrollUp.png</textureup>
		<texturedown>dialogs/scrollDown.png</texturedown>
		<textureupfocus>dialogs/scrollUp-focus.png</textureupfocus>
		<texturedownfocus>dialogs/scrollDown-focus.png</texturedownfocus>
	</include>
	<include name="dialog_Slider">
		<sliderwidth>210</sliderwidth>
		<sliderheight>32</sliderheight>
		<font>small</font>
		<height>40</height>
		<textcolor>Color4</textcolor>
		<focusedcolor>Color1</focusedcolor>
		<textoffsetx>15</textoffsetx>
		<pulseonselect>false</pulseonselect>
		<texturefocus border="3">dialogs/list-focus.png</texturefocus>
		<texturenofocus border="3">dialogs/list-nofocus.png</texturenofocus>
		<texturesliderbar>osd/sliderBGsmall.png</texturesliderbar>
		<textureslidernib>osd/sliderNib.png</textureslidernib>
		<textureslidernibfocus>osd/sliderNibsmall.png</textureslidernibfocus>
	</include>
	<include name="dialog_Separator">
		<height>1</height>
		<texture>dialogs/separator.png</texture>
	</include>
	<include name="dialog_Separator-y">
		<width>1</width>
		<texture>dialogs/separator-y.png</texture>
	</include>
	<include name="dialog_Input">	
		<height>40</height>
		<font>smallAlt</font>
		<align>center</align>
		<textoffsety>5</textoffsety>
		<texturenofocus border="10,0,10,0">dialogs/textField.png</texturenofocus>
		<texturefocus border="10,0,10,0">dialogs/textFieldFocus.png</texturefocus>
		<textcolor>Color4</textcolor>
		<shadowcolor>fff4f4f4</shadowcolor>
		<focusedcolor>Color4</focusedcolor>
		<pulseonselect>false</pulseonselect>
	</include>
	<include name="dialog_PVRstatus">
		<width>22</width>
		<height>22</height>
		<colordiffuse>Color4</colordiffuse>
	</include>
	<include name="dialog_PVRstatus-focus">
		<width>22</width>
		<height>22</height>
		<colordiffuse>Color1</colordiffuse>
	</include>
</includes>