﻿<window id="121">
	<defaultcontrol>5</defaultcontrol>
	<include>dialogOpen</include>
	<coordinates>
		<system>1</system>
		<posx>340</posx>
		<posy>100</posy>
	</coordinates>

	<controls>
		<control type="group">

			<control type="image">
				<width>600</width>
				<height>475</height>
				<include>dialogWindow</include>
			</control>
			<control type="label">
				<description>heading label</description>
				<width>532</width>
				<label>$LOCALIZE[250] $LOCALIZE[5]</label>
				<scroll>true</scroll>
				<include>dialog_Windowtitle</include>
			</control>
			<control type="label" id="3">
				<description>No Settings Label</description>
				<posx>19</posx>
				<posy>220</posy>
				<width>563</width>
				<align>center</align>
				<label>13390</label>
				<textcolor>Color4</textcolor>
				<font>normal</font>
			</control>
			<control type="image">
				<posx>19</posx>
				<posy>75</posy>
				<width>563</width>
				<include>dialog_Separator</include>
			</control>

			<control type="grouplist" id="5">
				<description>control area</description>
				<posx>19</posx>
				<posy>75</posy>
				<width>563</width>
				<height>320</height>
				<itemgap>0</itemgap>
				<pagecontrol>60</pagecontrol>
				<onleft>60</onleft>
				<onright>60</onright>
				<onup>5</onup>
				<ondown>5</ondown>
			</control>
			<control type="scrollbar" id="60">
				<visible>false</visible>
			</control>
		</control>
		
		<control type="button" id="7">
			<description>Default Button</description>
			<include>dialog_Button-list</include>
		</control>
		<control type="radiobutton" id="8">
			<description>Default RadioButton</description>
			<include>dialog_Radio</include>
		</control>
		<control type="spincontrolex" id="9">
			<description>Default SpinControlex</description>
			<include>dialog_Spin</include>
		</control>
	</controls>
</window>