﻿<window id="130">
	<defaultcontrol>1</defaultcontrol>
	<include>dialogOpen</include>
	<coordinates>
		<system>1</system>
		<posx>340</posx>
		<posy>75</posy>
	</coordinates>
	<controls>
		<control type="image">
			<width>600</width>
			<height>422</height>
			<include>dialogWindow</include>
		</control>
		<control type="label" id="1000">
			<width>532</width>
			<include>dialog_Windowtitle</include>
		</control>
		<control type="group">
			<posx>19</posx>
			<control type="image" id="2">
				<description>profile image</description>
				<posy>70</posy>
				<width>150</width>
				<height>150</height>
				<align>left</align>
				<aspectratio>stretch</aspectratio>
				<texture>unknown-user.png</texture>
				<visible>false</visible>
			</control>
			<control type="image">
				<posy>75</posy>
				<width>563</width>
				<include>dialog_Separator</include>
			</control>
			<control type="grouplist" id="5">
				<description>control area</description>
				<posy>75</posy>
				<width>563</width>
				<height>240</height>
				<itemgap>0</itemgap>
				<pagecontrol>60</pagecontrol>
				<onup>28</onup>
				<ondown>28</ondown>
			</control>
		</control>
		<control type="button" id="7">
			<description>default Button</description>
			<include>dialog_Button-list</include>
		</control>
		<control type="radiobutton" id="8">
			<description>default radio button</description>
			<include>dialog_Radio</include>
		</control>
		<control type="spincontrolex" id="9">
			<description>default spin control</description>
			<include>dialog_Spin</include>
		</control>
		<control type="group" id="9001">
			<posx>34</posx>
			<posy>345</posy>
			<!--ok-->
			<control type="button" id="28">
				<posx>280</posx>
				<label>186</label>
				<onleft>29</onleft>
				<onright>29</onright>
				<onup>5</onup>
				<ondown>5</ondown>
				<include>dialog_Button</include>
			</control>
			<!--cancel-->
			<control type="button" id="29">
				<posx>413</posx>
				<label>222</label>
				<onleft>28</onleft>
				<onright>28</onright>
				<onup>5</onup>
				<ondown>5</ondown>
				<include>dialog_Button</include>
			</control>
		</control>
	</controls>
</window>