﻿<includes>
	<!---POSTER------> 
	<include name="view_IconPoster">
		<control type="panel" id="57">
			<viewtype label="417">bigicon</viewtype>	
			<posx>75</posx>
			<posy>95</posy>
			<width>1200</width>
			<height>521</height>
			<onleft>6000</onleft>
			<onright>83</onright>
			<onup>57</onup>
			<ondown>57</ondown>
			<pagecontrol>83</pagecontrol>
			<preloaditems>2</preloaditems>
			<scrolltime tween="Cubic" easing="Out">400</scrolltime>
			<orientation>vertical</orientation>
			<include>transition_Container</include>
			<include>toggle_Menu</include>
			<include>infoDialogHide</include>
			<visible>[Container.Content(movies) | Container.Content(tvshows) | Container.Content(seasons)] + [SubString(Container.FolderPath,videodb) | SubString(Container.FolderPath,plugin://)]</visible>
			<itemlayout height="260" width="186">
				<control type="image">
					<width>177</width>
					<height>250</height>
					<texture background="true">$VAR[thumb_Portrait.Condition]</texture>
					<bordertexture border="6" width="177" height="250">frames/frame_Square-small.png</bordertexture>
					<bordersize>6</bordersize>
					<aspectratio>stretch</aspectratio>
					<visible>Container.Content(movies) | SubString(Container.FolderPath,plugin://plugin.video.xbmcflicks) | Container.Content(tvshows) | Container.Content(seasons)</visible>
				</control>
				<control type="image">
					<posx>139</posx>
					<posy>213</posy>
					<include>overlay_UnWatched</include>
				</control>
				<control type="image">
					<posx>139</posx>
					<posy>213</posy>
					<include>overlay_Resumable</include>
				</control>
			</itemlayout>											
			<focusedlayout height="260" width="186">
				<control type="image">
					<width>177</width>
					<height>250</height>
					<texture background="true">$VAR[thumb_Portrait.Condition]</texture>
					<bordertexture border="6" width="177" height="250">frames/frame_Square-small.png</bordertexture>
					<bordersize>6</bordersize>
					<aspectratio>stretch</aspectratio>
					<include>focus_ThumbPoster</include>
					<visible>Container.Content(movies) | SubString(Container.FolderPath,plugin://plugin.video.xbmcflicks) | Container.Content(tvshows) | Container.Content(seasons)</visible>
				</control>
				<control type="image">
					<posx>139</posx>
					<posy>212</posy>
					<include>overlay_UnWatched</include>
					<include>focus_ThumbPoster</include>
				</control>
				<control type="image">
					<posx>139</posx>
					<posy>213</posy>
					<include>overlay_Resumable</include>
					<include>focus_ThumbPoster</include>
				</control>
			</focusedlayout>
		</control>
	</include>
	
<!---POSTERSMALL------>
	<include name="view_IconPosterSmall">
		<control type="panel" id="571">
			<viewtype label="31009">icon</viewtype>	
			<posx>55</posx>
			<posy>110</posy>
			<width>700</width>
			<height>570</height>
			<onleft>6000</onleft>
			<onright>78</onright>
			<onup>571</onup>
			<ondown>571</ondown>
			<pagecontrol>78</pagecontrol>
			<preloaditems>4</preloaditems>
			<scrolltime tween="Cubic" easing="Out">400</scrolltime>
			<orientation>vertical</orientation>
			<include>transition_Container</include>
			<include>toggle_Menu</include>
			<include>infoDialogHide</include>
			<visible>[Container.Content(movies) | Container.Content(tvshows) | Container.Content(seasons)] + [SubString(Container.FolderPath,videodb) | SubString(Container.FolderPath,plugin://)]</visible>
			<itemlayout height="190" width="140">
				<control type="image">
					<width>134</width>
					<height>185</height>
					<texture background="true">$VAR[thumb_Portrait.Condition]</texture>
					<bordertexture border="6">frames/frame_Square-small.png</bordertexture>
					<bordersize>6</bordersize>
					<aspectratio align="center">stretch</aspectratio>
				</control>
				<control type="image">
					<posx>96</posx>
					<posy>147</posy>
					<include>overlay_UnWatched</include>
				</control>
				<control type="image">
					<posx>96</posx>
					<posy>147</posy>
					<include>overlay_Resumable</include>
				</control>
			</itemlayout>											
			<focusedlayout height="190" width="140">
				<control type="image">
					<width>134</width>
					<height>185</height>
					<texture background="true">$VAR[thumb_Portrait.Condition]</texture>
					<bordertexture border="6">frames/frame_Square-small.png</bordertexture>
					<bordersize>6</bordersize>
					<aspectratio align="center">stretch</aspectratio>
					<include>focus_ThumbPosterInfo</include>
				</control>
				<control type="image">
					<posx>96</posx>
					<posy>147</posy>
					<include>overlay_UnWatched</include>
					<include>focus_ThumbPosterInfo</include>
				</control>
				<control type="image">
					<posx>96</posx>
					<posy>147</posy>
					<include>overlay_Resumable</include>
					<include>focus_ThumbPosterInfo</include>
				</control>
			</focusedlayout>
		</control>
	</include>

<!---WIDE------>
	<include name="view_IconFiles">
		<control type="panel" id="573">
			<viewtype label="Thumbnails">bigicon</viewtype>
			<posx>80</posx>
			<posy>104</posy>
			<width>1240</width>
			<height>510</height>
			<onleft>6000</onleft>
			<onright>83</onright>
			<onup>573</onup>
			<ondown>573</ondown>
			<preloaditems>2</preloaditems>
			<pagecontrol>83</pagecontrol>
			<scrolltime tween="Cubic" easing="Out">400</scrolltime>
			<include>transition_Container</include>
			<include>infoDialogHide</include>
			<include>toggle_Menu</include>
			<visible>[[Container.Content(files) + Container.HasFiles] | Window.IsActive(mypictures) | Container.Content(artists)]</visible>
			<itemlayout height="170" width="220">
				<control type="image">
					<width>215</width>
					<height>165</height>
					<texture background="true">$VAR[thumb_Landscape.Condition]</texture>
					<bordertexture border="6" width="200" height="150">frames/frame_Square-small.png</bordertexture>
					<bordersize>6</bordersize>
					<aspectratio>scale</aspectratio>
				</control>
			</itemlayout>
			<focusedlayout height="170" width="220">
				<control type="image">
					<width>215</width>
					<height>165</height>
					<texture background="true">$VAR[thumb_Landscape.Condition]</texture>
					<bordertexture border="6" width="200" height="150">frames/frame_Square-small.png</bordertexture>
					<bordersize>6</bordersize>
					<aspectratio>scale</aspectratio>
					<include>focus_WideThumbs</include>
				</control>
			</focusedlayout>
		</control>
	</include>

<!---SQUARE ADD-ONS------>
	<include name="view_IconSquare">
		<control type="group">
			<include>transition_Container</include>
			<include>infoDialogHide</include>
			<include>toggle_Menu</include>
			<visible>Control.IsVisible(574)</visible>
			<!--info-->
			<control type="grouplist" id="1000">
				<posx>800</posx>
				<posy>120</posy>
				<itemgap>0</itemgap>
				<control type="label" id="1">
					<width>405</width>
					<label>$INFO[ListItem.Label]</label>
					<include>info_Title</include>
				</control>
				<control type="label">
					<width>405</width>
					<label>$LOCALIZE[31979]: $INFO[ListItem.Property(Addon.Version)]</label>
					<include>info_Sub</include>
					<visible>!IsEmpty(ListItem.Property(Addon.Version))</visible>
				</control>
				<control type="label">
					<label></label>
					<height>10</height>
				</control>
				<control type="textbox" id="4">
					<width>405</width>
					<height>413</height>
					<aligny>top</aligny>
					<label>$INFO[ListItem.Property(Addon.Description)]</label>
					<textcolor>Color1</textcolor>
					<font>descriptionSmall</font>
					<visible>!IsEmpty(ListItem.Property(Addon.Description))</visible>
				</control>
				<control type="textbox" id="4">
					<width>405</width>
					<height>413</height>
					<label>$INFO[ListItem.Plot]</label>
					<textcolor>Color4</textcolor>
					<visible>!IsEmpty(ListItem.Plot)</visible>
				</control>
			</control>
			<control type="image">
				<posx>800</posx>
				<posy>615</posy>
				<width>128</width>
				<height>32</height>
				<texture>$INFO[ListItem.Property(Addon.StarRating)]</texture>
				<aspectratio align="left">keep</aspectratio>
				<visible>Control.IsVisible(574) + !IsEmpty(ListItem.Property(Addon.StarRating))</visible>
			</control>
			<!--container-->
			<control type="panel" id="574">
				<viewtype label="Thumbnails">bigicon</viewtype>
				<posx>35</posx>
				<posy>115</posy>
				<width>760</width>
				<height>540</height>
				<onleft>6000</onleft>
				<onright>78</onright>
				<onup>574</onup>
				<ondown>574</ondown>
				<pagecontrol>78</pagecontrol>
				<preloaditems>2</preloaditems>
				<scrolltime tween="Cubic" easing="Out">400</scrolltime>
				<visible>Container.Content(addons) + !IsEmpty(Container.FolderPath)</visible>
				<itemlayout height="180" width="180">
					<control type="image">
						<width>176</width>
						<height>176</height>
						<texture fallback="thumbs/addon.png" background="true">$INFO[ListItem.Thumb]</texture>
						<bordertexture border="6" width="200" height="150">frames/frame_Square-small.png</bordertexture>
						<bordersize>6</bordersize>
						<aspectratio>stretch</aspectratio>
					</control>
				</itemlayout>											
				<focusedlayout height="180" width="180">
					<control type="image">
						<width>176</width>
						<height>176</height>
						<texture fallback="thumbs/addon.png" background="true">$INFO[ListItem.Thumb]</texture>
						<bordertexture border="6" width="200" height="150">frames/frame_Square-small.png</bordertexture>
						<bordersize>6</bordersize>
						<aspectratio>stretch</aspectratio>
						<include>focus_Thumbs</include>
					</control>
				</focusedlayout>
			</control>
		</control>
	</include>

<!---BIGWIDE------>
	<include name="view_ThumbEpisode">
		<control type="panel" id="575">
			<viewtype label="Thumbnails">bigicon</viewtype>
			<posx>45</posx>
			<posy>110</posy>
			<width>1240</width>
			<height>560</height>
			<onleft>6000</onleft>
			<onright>85</onright>
			<onup>575</onup>
			<ondown>575</ondown>
			<pagecontrol>85</pagecontrol>
			<preloaditems>2</preloaditems>
			<scrolltime tween="Cubic" easing="Out">400</scrolltime>
			<include>transition_Container</include>
			<include>infoDialogHide</include>
			<include>toggle_Menu</include>
			<visible>[Container.Content(episodes) | Container.Content(musicvideos)] | [Container.Content(files) + Container.HasFiles] | [SubString(Container.FolderPath,plugin://) + Container.HasFiles + !Container.Content(movies)]</visible>
			<itemlayout height="280" width="400">
				<control type="image">
					<width>390</width>
					<height>238</height>
					<texture background="true">$VAR[thumb_Landscape.Condition]</texture>
					<bordertexture border="40">frames/frame_Square.png</bordertexture>
					<bordersize>22</bordersize>
					<aspectratio align="center">scale</aspectratio>
				</control>
				<control type="image">
					<posx>31</posx>
					<posy>142</posy>
					<width>156</width>
					<height>64</height>
					<texture background="true">$INFO[ListItem.Path]logo.png</texture>
					<aspectratio align="center">keep</aspectratio>
					<visible>stringcompare(Container.FolderPath,videodb://5/) + Skin.HasSetting(tvshowlogos.enable)</visible>
				</control>
				<control type="group">
					<posx>25</posx>
					<posy>222</posy>
					<control type="label" id="110">
						<width>335</width>
						<label>$VAR[global_Title.Video]</label>
						<font>smallCaps</font>
						<textcolor>Color1</textcolor>
					</control>
					<control type="label" id="110">
						<posy>20</posy>
						<width>335</width>
						<label>$VAR[global_Info.Video]</label>
						<font>smallCaps</font>
						<textcolor>Color2</textcolor>
						<visible>!SubString(Container.FolderPath,plugin://)</visible>
					</control>
					<control type="label" id="110">
						<posy>20</posy>
						<width>335</width>
						<label>$INFO[ListItem.Label2]</label>
						<font>smallCaps</font>
						<textcolor>Color2</textcolor>
						<visible>SubString(Container.FolderPath,plugin://)</visible>
					</control>
				</control>
				<control type="image">
					<posx>336</posx>
					<posy>184</posy>
					<include>overlay_UnWatched</include>
				</control>
				<control type="image">
					<posx>336</posx>
					<posy>184</posy>
					<include>overlay_Resumable</include>
				</control>
			</itemlayout>											
			<focusedlayout height="280" width="400">
				<control type="image">
					<posx>12</posx>
					<posy>12</posy>
					<width>366</width>
					<height>214</height>
					<texture border="10">views/list-focus-bigAlt.png</texture>
				</control>
				<control type="image">
					<width>390</width>
					<height>238</height>
					<texture background="true">$VAR[thumb_Landscape.Condition]</texture>
					<bordersize>22</bordersize>
					<aspectratio align="center">scale</aspectratio>
				</control>
				<control type="image">
					<posx>31</posx>
					<posy>142</posy>
					<width>156</width>
					<height>64</height>
					<texture background="true">$INFO[ListItem.Path]logo.png</texture>
					<aspectratio align="center">keep</aspectratio>
					<visible>stringcompare(Container.FolderPath,videodb://5/) + Skin.HasSetting(tvshowlogos.enable)</visible>
				</control>
				<control type="group">
					<posx>25</posx>
					<posy>222</posy>
					<control type="label" id="110">
						<width>335</width>
						<label>$VAR[global_Title.Video]</label>
						<font>smallCaps</font>
						<textcolor>Color1</textcolor>
					</control>
					<control type="label" id="110">
						<posy>20</posy>
						<width>335</width>
						<label>$VAR[global_Info.Video]</label>
						<font>smallCaps</font>
						<textcolor>Color2</textcolor>
						<visible>!SubString(Container.FolderPath,plugin://)</visible>
					</control>
					<control type="label" id="110">
						<posy>20</posy>
						<width>335</width>
						<label>$INFO[ListItem.Label2]</label>
						<font>smallCaps</font>
						<textcolor>Color2</textcolor>
						<visible>SubString(Container.FolderPath,plugin://)</visible>
					</control>
				</control>
				<control type="image">
					<posx>336</posx>
					<posy>184</posy>
					<include>overlay_UnWatched</include>
				</control>
				<control type="image">
					<posx>336</posx>
					<posy>184</posy>
					<include>overlay_Resumable</include>
				</control>
			</focusedlayout>
		</control>
	</include>

<!---SQUARE (ALBUMS)------>
	<include name="view_IconSquare2">
		<control type="panel" id="572">
			<viewtype label="Thumbnails">icons</viewtype>
			<posx>45</posx>
			<posy>95</posy>
			<width>1240</width>
			<height>507</height>
			<onleft>6000</onleft>
			<onright>76</onright>
			<onup>572</onup>
			<ondown>572</ondown>
			<pagecontrol>76</pagecontrol>
			<preloaditems>2</preloaditems>
			<scrolltime tween="Cubic" easing="Out">400</scrolltime>
			<include>transition_Container</include>
			<include>infoDialogHide</include>
			<include>toggle_Menu</include>
			<animation effect="slide" end="0,15" condition="Skin.HasSetting(numitems.enable)">Conditional</animation>
			<visible>Container.Content(albums) | Container.Content(songs)</visible>
			<itemlayout height="169" width="169">
				<control type="image">
					<width>169</width>
					<height>169</height>
					<texture fallback="thumbs/album.png" background="true">$INFO[ListItem.Thumb]</texture>
					<bordertexture border="6" width="169" height="169">frames/frame_Square-small.png</bordertexture>
					<bordersize>6</bordersize>
					<aspectratio>scale</aspectratio>
				</control>
			</itemlayout>											
			<focusedlayout height="169" width="169">
				<control type="image">
					<width>169</width>
					<height>169</height>
					<texture fallback="thumbs/album.png" background="true">$INFO[ListItem.Thumb]</texture>
					<bordertexture border="6" width="169" height="169">frames/frame_Square-small.png</bordertexture>
					<bordersize>6</bordersize>
					<aspectratio>scale</aspectratio>
					<include>focus_Thumbs</include>
				</control>
			</focusedlayout>
		</control>
	</include>
	

<!---SQUARE (ADDONS)------>
	<include name="view_IconSquare3">
		<control type="panel" id="576">
			<viewtype label="Thumbnails">icons</viewtype>
			<posx>75</posx>
			<posy>115</posy>
			<width>1240</width>
			<height>528</height>
			<onleft>6000</onleft>
			<onright>76</onright>
			<onup>576</onup>
			<ondown>576</ondown>
			<pagecontrol>76</pagecontrol>
			<preloaditems>2</preloaditems>
			<scrolltime tween="Cubic" easing="Out">400</scrolltime>
			<include>transition_Container</include>
			<include>infoDialogHide</include>
			<include>toggle_Menu</include>
			<animation effect="slide" end="0,15" condition="Skin.HasSetting(numitems.enable)">Conditional</animation>
			<visible>Container.Content(addons)</visible>
			<itemlayout height="264" width="224">
				<control type="image">
					<posx>4</posx>
					<posy>4</posy>
					<width>196</width>
					<height>196</height>
					<texture fallback="thumbs/album.png" background="true">$INFO[ListItem.Thumb]</texture>
					<bordertexture border="6" width="172" height="172">frames/frame_Square-small.png</bordertexture>
					<bordersize>6</bordersize>
					<aspectratio>scale</aspectratio>
				</control>
				<control type="label">
					<posx>104</posx>
					<posy>210</posy>
					<width>176</width>
					<label>$INFO[ListItem.Label]</label>
					<align>center</align>
					<font>smallerCaps</font>
					<textcolor>Color1</textcolor>
				</control>
			</itemlayout>											
			<focusedlayout height="264" width="224">
				<control type="image">
					<posx>0</posx>
					<posy>0</posy>
					<width>204</width>
					<height>204</height>
					<texture border="10">views/list-focus-bigAlt.png</texture>
				</control>
				<control type="image">
					<posx>4</posx>
					<posy>4</posy>
					<width>196</width>
					<height>196</height>
					<texture fallback="thumbs/album.png" background="true">$INFO[ListItem.Thumb]</texture>
					<bordersize>6</bordersize>
					<aspectratio>scale</aspectratio>
				</control>
				<control type="label">
					<posx>104</posx>
					<posy>210</posy>
					<width>176</width>
					<label>$INFO[ListItem.Label]</label>
					<align>center</align>
					<font>smallerCaps</font>
					<textcolor>Color1</textcolor>
				</control>
			</focusedlayout>
		</control>
	</include>
</includes>