﻿<window id="115">
	<defaultcontrol>901</defaultcontrol>
	<visible>Window.IsActive(fullscreenvideo) + ![Window.IsVisible(script-XBMC-Subtitles-main.xml) | Window.IsActive(101) | Window.IsActive(2901)] + [Player.Caching | Player.Seeking | Player.DisplayAfterSeek | Player.Paused | Player.Forwarding | Player.Rewinding]</visible>

	<controls>
		<include>clock</include>
		<control type="group" id="213">
			<posy>635</posy>
			<animation type="WindowOpen">
				<effect type="slide" start="0,100" end="0,0" tween="Cubic" center="auto" easing="Out" time="400" />
			</animation>
			<animation type="WindowClose">
				<effect type="slide" start="0,0" end="0,100" tween="Cubic" center="auto" easing="Out" time="400" />
			</animation>
			
			<control type="image" id="1">
				<include>screenwidth</include>
				<height>230</height>
				<texture flipy="false">OSD/fullscreenInfo.png</texture>
			</control>

			<control type="progress" id="1">
				<description>Progressbar</description>
				<posx>255</posx>
				<posy>47</posy>
				<width>770</width>
				<height>22</height>
				<info>Player.CacheLevel</info>
				<texturebg border="10">dialogs/cacheBackground.png</texturebg>
				<lefttexture>-</lefttexture>
				<midtexture border="10.5">dialogs/cacheSlider.png</midtexture>
				<righttexture>-</righttexture>
				<overlaytexture>-</overlaytexture>
			</control>
			<control type="progress" id="1">
				<posx>255</posx>
				<posy>47</posy>
				<width>770</width>
				<height>22</height>
				<texturebg border="10">dialogs/progressBackground.png</texturebg>
				<info>Player.Progress</info>
			</control>

			<control type="group" id="901">
				<posx>250</posx>
				<posy>37</posy>
				<include>fadeinout</include>
				<control type="label">
					<align>right</align>
					<width>250</width>
					<label>$LOCALIZE[773] $INFO[Player.SeekOffset]</label>
					<include>dialogLabelAlt</include>
					<visible>Player.DisplayAfterSeek + ![Player.Forwarding | Player.Rewinding]</visible>
				</control>
				<control type="label">
					<description>buffering</description>
					<align>right</align>
					<width>250</width>
					<label>$LOCALIZE[15107] $INFO[Player.CacheLevel]%</label>
					<include>dialogLabelAlt</include>
					<visible>[Player.Paused + Player.Caching] + !Player.Seeking</visible>
				</control>
				<control type="label">
					<description>paused</description>
					<align>right</align>
					<width>250</width>
					<label>$LOCALIZE[112]</label>
					<include>dialogLabelAlt</include>
					<visible>[Player.Paused + !Player.Caching] + !Player.Seeking + !Player.DisplayAfterSeek</visible>
				</control>
				<control type="label">
					<align>right</align>
					<width>250</width>
					<label>$LOCALIZE[31041]</label>
					<visible>Player.Forwarding2x</visible>
					<include>dialogLabelAlt</include>
				</control>
				<control type="label">
					<align>right</align>
					<width>250</width>
					<label>$LOCALIZE[31042]</label>
					<visible>Player.Forwarding4x</visible>
					<include>dialogLabelAlt</include>
				</control>
				<control type="label" id="0">
					<align>right</align>
					<width>250</width>
					<label>$LOCALIZE[31043]</label>
					<visible>Player.Forwarding8x</visible>
					<include>dialogLabelAlt</include>
				</control>
				<control type="label" id="0">
					<align>right</align>
					<width>250</width>
					<label>$LOCALIZE[31044]</label>
					<visible>Player.Forwarding16x</visible>
					<include>dialogLabelAlt</include>
				</control>
				<control type="label" id="0">
					<align>right</align>
					<width>250</width>
					<label>$LOCALIZE[31045]</label>
					<visible>Player.Forwarding32x</visible>
					<include>dialogLabelAlt</include>
				</control>
				<control type="label" id="0">
					<align>right</align>
					<width>250</width>
					<label>$LOCALIZE[31046]</label>
					<visible>Player.Rewinding2x</visible>
					<include>dialogLabelAlt</include>
				</control>
				<control type="label" id="0">
					<align>right</align>
					<width>250</width>
					<label>$LOCALIZE[31047]</label>
					<visible>Player.Rewinding4x</visible>
					<include>dialogLabelAlt</include>
				</control>
				<control type="label" id="0">
					<align>right</align>
					<width>250</width>
					<label>$LOCALIZE[31048]</label>
					<visible>Player.Rewinding8x</visible>
					<include>dialogLabelAlt</include>
				</control>
				<control type="label" id="0">
					<align>right</align>
					<width>250</width>
					<label>$LOCALIZE[31049]</label>
					<visible>Player.Rewinding16x</visible>
					<include>dialogLabelAlt</include>
				</control>
				<control type="label" id="0">
					<align>right</align>
					<width>250</width>
					<label>$LOCALIZE[31050]</label>
					<visible>Player.Rewinding32x</visible>
					<include>dialogLabelAlt</include>
				</control>
			</control>
			<control type="group" id="901">
				<posx>250r</posx>
				<posy>37</posy>
				<include>fadeinout</include>
				<control type="label" id="22">
					<width>250</width>
					<align>left</align>
					<label>[B]$INFO[Player.Time][/B] / $INFO[Player.Duration]</label>
					<include>dialogLabelAlt</include>
				</control>
			</control>
		</control>
	</controls>
</window>