﻿<window id="138">
	<defaultcontrol always="true">99</defaultcontrol>
	<coordinates>
		<system>1</system>
		<posx>30</posx>
		<posy>8</posy>
	</coordinates>
	<include>fadeinout</include>
	<controls>
		<control type="group">
			<control type="image">
				<width>48</width>
				<height>48</height>
				<texture>busy/busy.png</texture>
				<aspectratio>keep</aspectratio>
				<animation effect="rotate" start="360" end="0" center="24,24" time="1200" loop="true" condition="true">conditional</animation>
			</control>
			<control type="button" id="99">
				<label>SHOULD NOT SEE ME</label>
				<width>500</width>
				<visible allowhiddenfocus="true">false</visible>
			</control>
		</control>
	</controls>
</window>
