﻿<includes>
	<include name="HomeMenu">
		<control type="list" id="9000">
			<posy>20</posy>
			<width>1100</width>
			<height>700</height>
			<onup>9000</onup>
			<ondown>9000</ondown>
			<onright>8001</onright>
			<onleft>9000</onleft>
			<orientation>vertical</orientation>
			<scrolltime>150</scrolltime>
			<visible allowhiddenfocus="true">![ControlGroup(1100).HasFocus() | ControlGroup(4000).HasFocus() | ControlGroup(2100).HasFocus()]</visible>		
			<include>transition_HomeMenu</include>
			<include>homeMenusLayout</include>
			<content>
				<item id="1">
					<label>$LOCALIZE[157]</label>
					<onclick>SetFocus(1110)</onclick>
				</item>
				<item id="2">
					<label>$LOCALIZE[2]</label>
					<onclick>SetFocus(1120)</onclick>
					<visible>!Skin.HasSetting(homemenu.music)</visible>
				</item>
				<item id="3">
					<label>$LOCALIZE[31090]</label>
					<onclick>SetFocus(1170)</onclick>
					<visible>system.getbool(pvrmanager.enabled)</visible>
				</item>
				<item id="4">
					<label>$LOCALIZE[1]</label>
					<onclick>SetFocus(1130)</onclick>
					<visible>!Skin.HasSetting(homemenu.pictures)</visible>
				</item>
				<item id="5">
					<label>$LOCALIZE[0]</label>
					<onclick>ActivateWindow(programs,addons, return)</onclick>
					<visible>!Skin.HasSetting(homemenu.programs)</visible>
				</item>
				<item id="6">
					<label>$LOCALIZE[31006]</label>
					<onclick>SetFocus(1140)</onclick>
					<visible>!Skin.HasSetting(homemenu.accessories)</visible>
				</item>
				<item id="7">
					<label>$LOCALIZE[5]</label>
					<onclick>ActivateWindow(4)</onclick>
					<visible>Skin.HasSetting(homemenu.settings)</visible>
				</item>
				<item id="8">
					<label>$LOCALIZE[5]</label>
					<onclick>SetFocus(1150)</onclick>
					<visible>!Skin.HasSetting(homemenu.settings)</visible>
				</item>
				<item id="9">
					<label>$LOCALIZE[8]</label>
					<label2>$INFO[Weather.Conditions], $INFO[Weather.Temperature]</label2>
					<onclick>ActivateWindow(weather)</onclick>
					<visible>Skin.HasSetting(homemenu.weather) + Weather.IsFetched</visible>
				</item>
				<item id="11">
					<label>$LOCALIZE[1036]</label>
					<onclick>ActivateWindow(Favourites)</onclick>
					<visible>Skin.HasSetting(homemenu.favourites)</visible>
				</item>
				<item id="12">
					<label>$LOCALIZE[427]</label>
					<onclick>SetFocus(1180)</onclick>
					<visible>System.HasMediadvd</visible>
				</item>
				<item id="13">
					<label>$LOCALIZE[31013]</label>
					<onclick>SetFocus(1160)</onclick>
					<visible>!Skin.HasSetting(homemenu.exit)</visible>
				</item>
				<item id="14">
					<label>$LOCALIZE[13350]</label>
					<onclick>ActivateWindow(musicplaylist)</onclick>
					<label2>$INFO[MusicPlayer.Artist]-$INFO[MusicPlayer.Title]</label2>
					<visible>Player.HasAudio + Skin.HasSetting(homemenu.playing)</visible>
				</item>
				<item id="15">
					<label>$LOCALIZE[13350]</label>
					<onclick>ActivateWindow(videoplaylist)</onclick>
					<visible>Player.HasVideo + Skin.HasSetting(homemenu.playing)</visible>
					<label2>$INFO[VideoPlayer.TVShowTitle,,: ]$INFO[VideoPlayer.Artist,, - ]$INFO[VideoPlayer.Title]</label2>
				</item>
			</content>
		</control>
		<include>homeSubMenu</include>
	</include>
</includes>