﻿<window id="500">
	<defaultcontrol always="true">50</defaultcontrol>
	<allowoverlay>yes</allowoverlay>
	<views>50</views>
	<controls>
		<include>themeBackground2</include>
		<include>allscreens</include>
		<control type="label">
			<label>$LOCALIZE[2] [COLOR=Color2]$LOCALIZE[559][/COLOR]</label>
			<include>PageLabel</include>
			<visible>!Window.IsActive(2001)</visible>
		</control>
		<include>LibraryPlaylistMenu</include>
		<include>view_ListMusic</include>
		<include>info_MusicList</include>
		<include>PageControls</include>
		<include>nav_Indicator</include>
	</controls>
</window>
