﻿<window id="123">
	<defaultcontrol>5</defaultcontrol>
	<include>dialogOpen</include>
	<coordinates>
		<system>1</system>
		<posx>340</posx>
		<posy>100</posy>
	</coordinates>

	<controls>
		<control type="group">
			<visible>!Window.IsActive(145)</visible>
			<control type="image" id="1">
				<include>dialogWindow</include>
				<width>600</width>
				<height>520</height>
			</control>	
			<control type="label" id="2">
				<description>heading label</description>
				<width>532</width>
				<include>dialogHeading</include>
			</control>
			<control type="image">
				<posx>19</posx>
				<posy>75</posy>
				<width>563</width>
				<include>dialogSeparator</include>
			</control>

			<control type="grouplist" id="5">
				<description>control area</description>
				<posx>19</posx>
				<posy>75</posy>
				<width>563</width>
				<height>400</height>
				<itemgap>0</itemgap>
				<pagecontrol>60</pagecontrol>
				<onleft>5</onleft>
				<onright>5</onright>
				<onup>5</onup>
				<ondown>5</ondown>
			</control>
	
			<control type="sliderex" id="10">
				<include>dialogSlider</include>
			</control>
			<control type="button" id="7">
				<include>dialogListButton</include>
			</control>
			<control type="radiobutton" id="8">
				<include>dialogRadio</include>
			</control>
			<control type="spincontrolex" id="9">
				<include>dialogSpin</include>
			</control>
		</control>
	</controls>
</window>