﻿<includes>
	<include name="ListViewAddons">
		<control type="group">
			<visible>Control.IsVisible(50)</visible>
			<control type="list" id="50">
				<viewtype label="$LOCALIZE[31033]">list</viewtype>
				<posy>90</posy>
				<width>625</width>
				<height>605</height>
				<onleft>6000</onleft>
				<onright>50</onright>
				<onup>50</onup>
				<ondown>50</ondown>
				<pagecontrol>23</pagecontrol>
				<preloaditems>4</preloaditems>
				<scrolltime>150</scrolltime>
				<include>transition_Container</include>
				<include>infoDialogHide</include>
				<include>toggle_Menu</include>
				<itemlayout width="560" height="40">
					<control type="label">
						<posx>40</posx>
						<width>700</width>
						<label>$INFO[ListItem.Label,, ][COLOR=Color2]($INFO[ListItem.Property(Addon.Status)])[/COLOR]</label>
						<include>listMenu</include>
						<visible>!IsEmpty(ListItem.Property(Addon.Status))</visible>
					</control>
					<control type="label">
						<posx>40</posx>
						<width>700</width>
						<label>$INFO[ListItem.Label]</label>
						<include>listMenu</include>
						<visible>IsEmpty(ListItem.Property(Addon.Status))</visible>
					</control>
				</itemlayout>
				<focusedlayout width="560" height="40">
					<control type="image">
						<posy>-28</posy>
						<width>570</width>
						<height>100</height>
						<include>focus_ListScrollAlt</include>
						<texture border="0,30,0,30">views/list-focus.png</texture>
					</control>
					<control type="label">
						<posx>40</posx>
						<width>540</width>
						<label>$INFO[ListItem.Label,, ]($INFO[ListItem.Property(Addon.Status)])</label>
						<include>listMenuFocus</include>
						<visible>!IsEmpty(ListItem.Property(Addon.Status))</visible>
					</control>
					<control type="label">
						<posx>40</posx>
						<width>700</width>
						<label>$INFO[ListItem.Label]</label>
						<include>listMenuFocus</include>
						<visible>IsEmpty(ListItem.Property(Addon.Status))</visible>
					</control>
				</focusedlayout>
			</control>
		</control>
	</include>

	<include name="view_Addons">
		<control type="panel" id="574">
			<viewtype label="Thumbnails">bigicons</viewtype>
			<posx>35</posx>
			<posy>115</posy>
			<width>760</width>
			<height>540</height>
			<onleft>6000</onleft>
			<onright>78</onright>
			<onup>574</onup>
			<ondown>574</ondown>
			<preloaditems>4</preloaditems>
			<scrolltime>150</scrolltime>
			<pagecontrol>78</pagecontrol>
			<include>transition_Container</include>
			<include>infoDialogHide</include>
			<include>toggle_Menu</include>	
			<visible>[substring(Container.FolderPath,addons://) | substring(Container.FolderPath,plugin://)] + !IsEmpty(Container.FolderPath) + !stringcompare(container.folderpath,plugin://plugin.video.apple.movie.trailers.lite/)</visible>
			<itemlayout height="180" width="180">
				<control type="image">
					<width>176</width>
					<height>176</height>
					<texture fallback="thumbs/addon.png" background="true">$INFO[ListItem.Thumb]</texture>
					<bordertexture border="6" width="200" height="150">frames/frame_Square-small.png</bordertexture>
					<bordersize>6</bordersize>
					<aspectratio>stretch</aspectratio>
					<include>fadeinout</include>
				</control>
			</itemlayout>											
			<focusedlayout height="180" width="180">
				<control type="image">
					<width>176</width>
					<height>176</height>
					<texture fallback="thumbs/addon.png" background="true">$INFO[ListItem.Thumb]</texture>
					<bordertexture border="6" width="200" height="150">frames/frame_Square-small.png</bordertexture>
					<bordersize>6</bordersize>
					<aspectratio>stretch</aspectratio>
					<include>focus_Thumbs</include>
				</control>
			</focusedlayout>
		</control>
	</include>

	<include name="view_ThumbsSmall">
		<control type="panel" id="578">
			<viewtype label="Thumbnails">icons</viewtype>
			<posx>35</posx>
			<posy>100</posy>
			<width>760</width>
			<height>570</height>
			<onleft>6000</onleft>
			<onright>78</onright>
			<onup>574</onup>
			<ondown>574</ondown>
			<preloaditems>4</preloaditems>
			<scrolltime>150</scrolltime>
			<pagecontrol>78</pagecontrol>
			<include>transition_Container</include>
			<include>infoDialogHide</include>
			<include>toggle_Menu</include>	
			<itemlayout height="190" width="190">
				<control type="image">
					<width>180</width>
					<height>180</height>
					<texture border="25">frames/addonFrame.png</texture>
					<aspectratio>stretch</aspectratio>
				</control>
				<control type="largeimage">
					<posx>8</posx>
					<posy>7</posy>
					<width>164</width>
					<height>164</height>
					<aspectratio scalediffuse="false" align="center">stretch</aspectratio>
					<texture background="true" diffuse="frames/addonFrameMask.png" fallback="thumbs/addon.png">$INFO[ListItem.Thumb]</texture>
				</control>
			</itemlayout>											
			<focusedlayout height="190" width="190">
				<control type="image">
					<width>180</width>
					<height>180</height>
					<texture border="25">frames/addonFrame.png</texture>
					<aspectratio>stretch</aspectratio>
					<include>focus_Thumbs</include>
				</control>
				<control type="largeimage">
					<posx>8</posx>
					<posy>7</posy>
					<width>164</width>
					<height>164</height>
					<aspectratio scalediffuse="false" align="center">stretch</aspectratio>
					<texture background="true" diffuse="frames/addonFrameMask.png" fallback="thumbs/addon.png">$INFO[ListItem.Thumb]</texture>
					<include>focus_Thumbs</include>
				</control>
			</focusedlayout>
		</control>
	</include>
</includes>