﻿<includes>
	<include name="view_List">
		<control type="list" id="50">
			<viewtype label="535">List</viewtype>
			<posy>90</posy>
			<width>625</width>
			<height>605</height>
			<onleft>6000</onleft>
			<onright>70</onright>
			<onup>50</onup>
			<ondown>50</ondown>
			<preloaditems>4</preloaditems>
			<scrolltime>150</scrolltime>	
			<pagecontrol>70</pagecontrol>
			<include>transition_Container</include>
			<include>infoDialogHide</include>
			<include>toggle_Menu</include>
			
			<itemlayout condition="[Window.IsActive(addonbrowser) | Window.IsActive(programs)] + Container.HasFiles | substring(container.folderpath,addons://sources/)" width="625" height="67">
				<control type="label">
					<posx>40</posx>
					<width>440</width>
					<label>$INFO[ListItem.Label]</label>
					<font>listBig</font>
					<include>listMenu</include>
					<visible>IsEmpty(ListItem.Property(Addon.Name))</visible>
				</control>
				<control type="label">
					<posx>40</posx>
					<width>440</width>
					<label>$INFO[ListItem.Property(Addon.Name)]</label>
					<font>listBig</font>
					<include>listMenu</include>
				</control>
				<control type="label">
					<posx>40</posx>
					<posy>28</posy>
					<width>560</width>
					<label>$LOCALIZE[24051] $INFO[ListItem.Property(Addon.Version)]$INFO[ListItem.Property(Addon.Status), • ]</label>
					<font>listInfo</font>
					<textcolor>Color2</textcolor>
					<include>listMenu</include>
					<visible>!IsEmpty(ListItem.Property(Addon.Name)) + Window.IsActive(addonbrowser)</visible>
				</control>
				<control type="label">
					<posx>40</posx>
					<posy>28</posy>
					<width>560</width>
					<label>$INFO[ListItem.Property(Addon.Summary)]</label>
					<font>listInfo</font>
					<textcolor>Color2</textcolor>
					<include>listMenu</include>
					<visible>!IsEmpty(ListItem.Property(Addon.Name)) + substring(container.folderpath,addons://sources/)</visible>
				</control>
				<control type="label">
					<posx>40</posx>
					<posy>28</posy>
					<width>560</width>
					<label>$INFO[Container.Property(reponame)]</label>
					<font>listInfo</font>
					<textcolor>Color2</textcolor>
					<include>listMenu</include>
				</control>
				<control type="image">
					<posx>475</posx>
					<posy>12</posy>
					<width>128</width>
					<height>22</height>
					<texture>$INFO[ListItem.Property(Addon.StarRating)]</texture>
					<colordiffuse>Color7</colordiffuse>
					<aspectratio align="right">keep</aspectratio>
					<animation effect="fade" end="30" time="0" condition="true">Conditional</animation>
				</control>
			</itemlayout>
			<focusedlayout condition="[Window.IsActive(addonbrowser) | Window.IsActive(programs)] + Container.HasFiles | substring(container.folderpath,addons://sources/)" width="625" height="67">
				<control type="image">
					<posy>-30</posy>
					<width>650</width>
					<height>128</height>
					<texture border="0,30,0,30">views/list-focus.png</texture>
					<include>focus_ListScroll</include>
					<visible>!ControlGroup(6000).HasFocus</visible>
				</control>
				<control type="label">
					<posx>40</posx>
					<width>440</width>
					<label>$INFO[ListItem.Label]</label>
					<font>listBig</font>
					<include>listMenuFocus</include>
					<visible>IsEmpty(ListItem.Property(Addon.Name))</visible>
				</control>
				<control type="label">
					<posx>40</posx>
					<width>440</width>
					<label>$INFO[ListItem.Property(Addon.Name)]</label>
					<font>listBig</font>
					<include>listMenuFocus</include>
				</control>
				<control type="label">
					<posx>40</posx>
					<posy>28</posy>
					<width>560</width>
					<label>$LOCALIZE[24051] $INFO[ListItem.Property(Addon.Version)]$INFO[ListItem.Property(Addon.Status), • ]</label>
					<font>listInfo</font>
					<include>listMenuFocus</include>
					<visible>!IsEmpty(ListItem.Property(Addon.Name)) + Window.IsActive(addonbrowser)</visible>
				</control>
				<control type="label">
					<posx>40</posx>
					<posy>28</posy>
					<width>560</width>
					<label>$INFO[ListItem.Property(Addon.Summary)]</label>
					<font>listInfo</font>
					<include>listMenuFocus</include>
					<visible>!IsEmpty(ListItem.Property(Addon.Name)) + substring(container.folderpath,addons://sources/)</visible>
				</control>
				<control type="image">
					<posx>475</posx>
					<posy>12</posy>
					<width>128</width>
					<height>22</height>
					<texture>$INFO[ListItem.Property(Addon.StarRating)]</texture>
					<aspectratio align="right">keep</aspectratio>
				</control>
			</focusedlayout>
			
			<itemlayout condition="[[Window.IsActive(addonbrowser) | Window.IsActive(programs)] + !Container.HasFiles] | Window.IsActive(pictures)" width="625" height="40">
				<control type="label">
					<posx>40</posx>
					<width>470</width>
					<label>$INFO[ListItem.Label]</label>
					<include>listMenu</include>
				</control>
				<control type="label">
					<posx>600</posx>
					<width>570</width>
					<align>right</align>
					<label>$INFO[ListItem.Label2]</label>
					<font>smallCaps</font>
					<textcolor>Color2</textcolor>
					<include>listMenu</include>
				</control>
			</itemlayout>
			<focusedlayout condition="[[Window.IsActive(addonbrowser) | Window.IsActive(programs)] + !Container.HasFiles] | Window.IsActive(pictures)" width="625" height="40">
				<control type="image">
					<posy>-28</posy>
					<width>650</width>
					<height>100</height>
					<texture border="0,30,0,30">views/list-focus.png</texture>
					<include>focus_ListScrollAlt</include>
					<visible>!ControlGroup(6000).HasFocus</visible>
				</control>
				<control type="label">
					<posx>40</posx>
					<width>470</width>
					<label>$INFO[ListItem.Label]</label>
					<include>listMenuFocus</include>
				</control>
				<control type="label">
					<posx>600</posx>
					<width>570</width>
					<align>right</align>
					<label>$INFO[ListItem.Label2]</label>
					<font>smallCaps</font>
					<include>listMenuFocus</include>
				</control>
			</focusedlayout>
		</control>
	</include>


<!--- SLIDE VIEW WIDE ---------->
	<include name="view_SlideWide">
		<control type="fixedlist" id="55">
			<viewtype label="WideSlide">wrap</viewtype>
			<posx>-610</posx>
			<posy>130</posy>
			<width>2200</width>
			<height>430</height>
			<onleft>55</onleft>
			<onright>55</onright>
			<onup>6000</onup>
			<ondown>72</ondown>
			<scrolltime>200</scrolltime>
			<pagecontrol>72</pagecontrol>
			<orientation>horizontal</orientation>
			<focusposition>2</focusposition>
			<preloaditems>4</preloaditems>
			<include>transition_Container</include>
			<include>infoDialogHide</include>
			<include>toggle_Menu</include>
			<visible>!substring(Container.FolderPath,plugin://) + [Container.Content(movies) | Container.Content(tvshows) | Container.Content(artists)]</visible>

			<itemlayout width="425" height="300">
				<control type="image">
					<width>450</width>
					<height>277</height>
					<texture fallback="thumbs/movie_landscape.png" background="true">$INFO[ListItem.Property(Fanart_Image)]</texture>
					<bordertexture border="27" width="444" height="250">frames/frame_Landscape.png</bordertexture>
					<bordersize>27</bordersize>
					<aspectratio align="center">scale</aspectratio>
					<visible>Container.Content(movies)</visible>
				</control>
				<control type="image">
					<width>450</width>
					<height>277</height>
					<texture fallback="thumbs/tvshow_landscape.png" background="true">$INFO[ListItem.Property(Fanart_Image)]</texture>
					<bordertexture border="27" width="444" height="250">frames/frame_Landscape.png</bordertexture>
					<bordersize>27</bordersize>
					<aspectratio align="center">scale</aspectratio>
					<visible>Container.Content(tvshows)</visible>
				</control>
				<control type="image">
					<width>450</width>
					<height>277</height>
					<texture fallback="thumbs/artist_landscape.png" background="true">$INFO[ListItem.Property(Fanart_Image)]</texture>
					<bordertexture border="27" width="444" height="250">frames/frame_Landscape.png</bordertexture>
					<bordersize>27</bordersize>
					<aspectratio align="center">scale</aspectratio>
					<visible>Container.Content(artists)</visible>
				</control>
				<control type="image">
					<posx>391</posx>
					<posy>218</posy>
					<include>watchedOverlay</include>
					<visible>!Control.HasFocus(8000) + [Container.Content(overlay.episodes) | Skin.HasSetting(overlay.tvshows) | Container.Content(overlay.movies) | Container.Content(videofiles) + Skin.HasSetting(overlay.files)]</visible>
				</control>
			</itemlayout>
			<focusedlayout width="425" height="300">
				<control type="image">
					<width>450</width>
					<height>277</height>
					<texture fallback="thumbs/movie_landscape.png" background="true">$INFO[ListItem.Property(Fanart_Image)]</texture>
					<bordertexture border="27" width="444" height="250">frames/frame_Landscape.png</bordertexture>
					<bordersize>26</bordersize>
					<aspectratio align="center">scale</aspectratio>
					<visible>Container.Content(movies)</visible>
					<include>focus_SlideWide</include>
				</control>
				<control type="image">
					<width>450</width>
					<height>277</height>
					<texture fallback="thumbs/tvshow_landscape.png" background="true">$INFO[ListItem.Property(Fanart_Image)]</texture>
					<bordertexture border="27" width="444" height="250">frames/frame_Landscape.png</bordertexture>
					<bordersize>26</bordersize>
					<aspectratio align="center">scale</aspectratio>
					<visible>Container.Content(tvshows)</visible>
					<include>focus_SlideWide</include>
				</control>
				<control type="image">
					<width>450</width>
					<height>277</height>
					<texture fallback="thumbs/artist_landscape.png" background="true">$INFO[ListItem.Property(Fanart_Image)]</texture>
					<bordertexture border="27" width="444" height="250">frames/frame_Landscape.png</bordertexture>
					<bordersize>26</bordersize>
					<aspectratio align="center">scale</aspectratio>
					<visible>Container.Content(artists)</visible>
					<include>focus_SlideWide</include>
				</control>
				<control type="image">
					<posx>392</posx>
					<posy>219</posy>
					<include>watchedOverlay</include>
					<include>focus_SlideWide</include>
					<visible>!Control.HasFocus(8000) + [Container.Content(overlay.episodes) | Skin.HasSetting(overlay.tvshows) | Container.Content(overlay.movies) | Container.Content(videofiles) + Skin.HasSetting(overlay.files)]</visible>
				</control>
			</focusedlayout>	
		</control>
	</include>


<!--- THUMBS VIEW ---------->
	<include name="view_ThumbWide">
		<control type="panel" id="573">
			<viewtype label="Thumbnails">bigicons</viewtype>
			<posx>80</posx>
			<posy>104</posy>
			<width>1240</width>
			<height>510</height>
			<onleft>6000</onleft>
			<onright>83</onright>
			<onup>573</onup>
			<ondown>573</ondown>
			<preloaditems>4</preloaditems>
			<scrolltime>150</scrolltime>
			<pagecontrol>83</pagecontrol>
			<include>transition_Container</include>
			<include>infoDialogHide</include>
			<include>toggle_Menu</include>
			<visible>[[Container.Content(artists) | Container.Content(musicvideos) | Window.IsActive(mypictures)] | [Container.Content(files) + Container.HasFiles] | substring(Container.FolderPath,plugin://)] + !substring(Container.FolderPath,addons://) + !substring(Container.FolderPath,special://videoplaylists/)</visible>
			<itemlayout height="170" width="220">
				<control type="image">
					<width>215</width>
					<height>165</height>
					<texture fallback="thumbs/picture_landscape.png" background="true">$INFO[ListItem.Thumb]</texture>
					<bordertexture border="6" width="200" height="150">frames/frame_Square-small.png</bordertexture>
					<bordersize>6</bordersize>
					<aspectratio>scale</aspectratio>
					<visible>Window.IsActive(2)</visible>
				</control>
				<control type="image">
					<width>215</width>
					<height>165</height>
					<texture fallback="thumbs/artist_Landscape.png" background="true">$INFO[ListItem.Thumb]</texture>
					<bordertexture border="6" width="200" height="150">frames/frame_Square-small.png</bordertexture>
					<bordersize>6</bordersize>
					<aspectratio>scale</aspectratio>
					<visible>Container.Content(artists)</visible>
				</control>
				<control type="image">
					<width>215</width>
					<height>165</height>
					<texture fallback="thumbs/music_Landscape.png" background="true">$INFO[ListItem.Thumb]</texture>
					<bordertexture border="6" width="200" height="150">frames/frame_Square-small.png</bordertexture>
					<bordersize>6</bordersize>
					<aspectratio>scale</aspectratio>
					<visible>Container.Content(musicvideos)</visible>
				</control>
				<control type="image">
					<width>215</width>
					<height>165</height>
					<texture fallback="thumbs/addon.png" background="true">$INFO[ListItem.Thumb]</texture>
					<bordertexture border="6" width="200" height="150">frames/frame_Square-small.png</bordertexture>
					<bordersize>6</bordersize>
					<aspectratio>scale</aspectratio>
					<visible>substring(container.folderpath,addons://) | substring(container.folderpath,plugin://)</visible>
				</control>
				<control type="image">
					<width>215</width>
					<height>165</height>
					<texture fallback="thumbs/video_Landscape.png" background="true">$INFO[ListItem.Thumb]</texture>
					<bordertexture border="6" width="200" height="150">frames/frame_Square-small.png</bordertexture>
					<bordersize>6</bordersize>
					<aspectratio>scale</aspectratio>
					<visible>Container.Content(files) + ![substring(container.folderpath,addons://) | substring(container.folderpath,plugin://)]</visible>
				</control>
				<control type="image">
					<posx>177</posx>
					<posy>127</posy>
					<include>watchedOverlay</include>
				</control>
			</itemlayout>											
			<focusedlayout height="170" width="220">
				<control type="image">
					<width>215</width>
					<height>165</height>
					<texture fallback="thumbs/picture_landscape.png" background="true">$INFO[ListItem.Thumb]</texture>
					<bordertexture border="6" width="200" height="150">frames/frame_Square-small.png</bordertexture>
					<bordersize>6</bordersize>
					<aspectratio>scale</aspectratio>
					<include>focus_WideThumbs</include>
					<visible>Window.IsActive(2)</visible>
				</control>
				<control type="image">
					<width>215</width>
					<height>165</height>
					<texture fallback="thumbs/artist_Landscape.png" background="true">$INFO[ListItem.Thumb]</texture>
					<bordertexture border="6" width="200" height="150">frames/frame_Square-small.png</bordertexture>
					<bordersize>6</bordersize>
					<aspectratio>scale</aspectratio>
					<include>focus_WideThumbs</include>
					<visible>Container.Content(artists)</visible>
				</control>
				<control type="image">
					<width>215</width>
					<height>165</height>
					<texture fallback="thumbs/music_Landscape.png" background="true">$INFO[ListItem.Thumb]</texture>
					<bordertexture border="6" width="200" height="150">frames/frame_Square-small.png</bordertexture>
					<bordersize>6</bordersize>
					<aspectratio>scale</aspectratio>
					<include>focus_WideThumbs</include>
					<visible>Container.Content(musicvideos)</visible>
				</control>
				<control type="image">
					<width>215</width>
					<height>165</height>
					<texture fallback="thumbs/addon.png" background="true">$INFO[ListItem.Thumb]</texture>
					<bordertexture border="6" width="200" height="150">frames/frame_Square-small.png</bordertexture>
					<bordersize>6</bordersize>
					<aspectratio>scale</aspectratio>
					<include>focus_WideThumbs</include>
					<visible>substring(container.folderpath,addons://) | substring(container.folderpath,plugin://)</visible>
				</control>
				<control type="image">
					<width>215</width>
					<height>165</height>
					<texture fallback="thumbs/video_Landscape.png" background="true">$INFO[ListItem.Thumb]</texture>
					<bordertexture border="6" width="200" height="150">frames/frame_Square-small.png</bordertexture>
					<bordersize>6</bordersize>
					<aspectratio>scale</aspectratio>
					<include>focus_WideThumbs</include>
					<visible>Container.Content(files) + ![substring(container.folderpath,addons://) | substring(container.folderpath,plugin://)]</visible>
				</control>
				<control type="image">
					<posx>177</posx>
					<posy>127</posy>
					<include>watchedOverlay</include>
					<include>focus_WideThumbs</include>
				</control>
			</focusedlayout>
		</control>
	</include>


<!--- GALLERY VIEW --->	
	<include name="view_Gallery">																					
		<control type="group">
			<visible>Control.IsVisible(53)</visible>
			<include>transition_Container</include>
			<include>toggle_Menu</include>
			<include>infoDialogHide</include>
			<control type="image">
				<posy>106</posy>
				<width>1280</width>
				<height>478</height>
				<aspectratio align="center">stretch</aspectratio>
				<texture border="29">frames/frame_Gallery.png</texture>
				<visible>[Container.Content(movies) | Container.Content(tvshows) | Window.IsActive(2)] + Control.IsVisible(53)</visible>
				<include>transition_Container</include>
				<include>toggle_Menu</include>
				<include>infoDialogHide</include>
			</control>
		</control>
	
		<control type="wraplist" id="53">
			<viewtype label="Gallery">bigwrap</viewtype>
			<posx>-485</posx>
			<posy>135</posy>
			<width>1900</width>
			<height>800</height>
			<onleft>53</onleft>
			<onright>53</onright>
			<onup>6000</onup>
			<ondown>8000</ondown>
			<scrolltime>200</scrolltime>
			<orientation>horizontal</orientation>
			<focusposition>1</focusposition>
			<preloaditems>4</preloaditems>
			<include>transition_Container</include>
			<include>toggle_Menu</include>
			<include>infoDialogHide</include>
			<visible>!substring(Container.FolderPath,plugin://) + !substring(Container.FolderPath,addons://) + !IsEmpty(Container.FolderPath) + [Container.Content(movies) | Container.Content(tvshows) | Window.IsActive(2)]</visible>
			
			<itemlayout height="800" width="749">
				<control type="largeimage">
					<width>750</width>
					<height>422</height>
					<aspectratio>scale</aspectratio>
					<texture background="true" fallback="special://skin/backgrounds/movies.png">$INFO[ListItem.Property(Fanart_Image)]</texture>
					<visible>Container.Content(movies)</visible>
				</control>
				<control type="largeimage">
					<width>750</width>
					<height>422</height>
					<aspectratio>scale</aspectratio>
					<texture background="true" fallback="special://skin/backgrounds/tvshows.png">$INFO[ListItem.Property(Fanart_Image)]</texture>
					<visible>Container.Content(tvshows)</visible>
				</control>
				<control type="image">
					<width>750</width>
					<height>422</height>
					<aspectratio>scale</aspectratio>
					<texture background="true" fallback="special://skin/backgrounds/pictures.png">$INFO[ListItem.FilenameAndPath]</texture>
					<visible>Window.IsActive(2)</visible>
				</control>
				<control type="image">
					<posx>0</posx>
					<posy>300</posy>
					<width>750</width>
					<height>96</height>
					<texture background="true">$INFO[ListItem.path]logo.png</texture>
					<aspectratio align="center">keep</aspectratio>
					<visible>Container.Content(tvshows) + Skin.HasSetting(tvshowlogos.enable)</visible>
				</control>
				<control type="image">
					<posx>718</posx>
					<posy>390</posy>
					<include>watchedOverlay</include>
					<animation effect="fade" start="100" end="50" time="0" condition="true">Conditional</animation>
					<visible>!Control.HasFocus(8000) + [Container.Content(movies) + Skin.HasSetting(overlay.movies) | Container.Content(tvshows) + Skin.HasSetting(overlay.tvshows)]</visible>
				</control>
			</itemlayout>
			<focusedlayout height="800" width="750">
				<control type="largeimage">
					<width>750</width>
					<height>422</height>
					<aspectratio>scale</aspectratio>
					<texture background="true" fallback="special://skin/backgrounds/movies.png">$INFO[ListItem.Property(Fanart_Image)]</texture>
					<visible>Container.Content(movies)</visible>
					<animation effect="zoom" start="100" end="173" time="200" center="362,185" tween="Cubic" condition="Control.HasFocus(8000) + !IsEmpty(ListItem.Title)">Conditional</animation>
				</control>
				<control type="largeimage">
					<width>750</width>
					<height>422</height>
					<aspectratio>scale</aspectratio>
					<texture background="true" fallback="special://skin/backgrounds/tvshows.png">$INFO[ListItem.Property(Fanart_Image)]</texture>
					<visible>Container.Content(tvshows)</visible>
					<animation effect="zoom" start="100" end="173" time="200" center="362,185" tween="Cubic" condition="Control.HasFocus(8000) + !IsEmpty(ListItem.TVShowTitle)">Conditional</animation>
				</control>
				<control type="image">
					<width>750</width>
					<height>422</height>
					<aspectratio>scale</aspectratio>
					<texture background="true" fallback="special://skin/backgrounds/pictures.png">$INFO[ListItem.FilenameAndPath]</texture>
					<visible>Window.IsActive(2)</visible>
					<animation effect="zoom" start="100" end="173" time="200" center="362,185" tween="Cubic" condition="Control.HasFocus(8000)">Conditional</animation>
				</control>
				<control type="image">
					<posx>0</posx>
					<posy>300</posy>
					<width>750</width>
					<height>96</height>
					<texture background="true">$INFO[ListItem.path]logo.png</texture>
					<aspectratio align="center">keep</aspectratio>
					<visible>Container.Content(tvshows) + Skin.HasSetting(tvshowlogos.enable)</visible>
				</control>
				<control type="image">
					<posx>718</posx>
					<posy>390</posy>
					<include>watchedOverlay</include>
					<visible>!Control.HasFocus(8000) + [Container.Content(movies) + Skin.HasSetting(overlay.movies) | Container.Content(tvshows) + Skin.HasSetting(overlay.tvshows)]</visible>
				</control>
			</focusedlayout>
		</control>
	</include>

	<include name="view_GalleryFull">																																																																
		<control type="wraplist" id="56">
			<viewtype label="Gallery">bigicons</viewtype>
			<width>1280</width>
			<height>720</height>
			<onleft>56</onleft>
			<onright>56</onright>
			<onup>6000</onup>
			<ondown>8000</ondown>
			<scrolltime>300</scrolltime>
			<preloaditems>2</preloaditems>
			<orientation>horizontal</orientation>
			<include>transition_Container</include>
			<include>infoDialogHide</include>
			<visible>!substring(Container.FolderPath,plugin://) + !substring(Container.FolderPath,addons://) + !IsEmpty(Container.FolderPath) + [Container.Content(movies) | Container.Content(tvshows) | Window.IsActive(2)]</visible>

			<itemlayout height="720" width="1280">
				<control type="largeimage">
					<include>screentype</include>
					<aspectratio>keep</aspectratio>
					<texture background="true" fallback="special://skin/backgrounds/movies.png">$INFO[ListItem.Property(Fanart_Image)]</texture>
					<visible>Container.Content(movies)</visible>
				</control>
				<control type="largeimage">
					<include>screentype</include>
					<aspectratio>keep</aspectratio>
					<texture background="true" fallback="special://skin/backgrounds/tvshows.png">$INFO[ListItem.Property(Fanart_Image)]</texture>
					<visible>Container.Content(tvshows)</visible>
				</control>
				<control type="image">
					<include>screentype</include>
					<aspectratio>scale</aspectratio>
					<texture background="true" fallback="special://skin/backgrounds/pictures.png">$INFO[ListItem.FilenameAndPath]</texture>
					<visible>Window.IsActive(2)</visible>
				</control>
			</itemlayout>
			<focusedlayout height="720" width="1280">
				<control type="largeimage">
					<include>screentype</include>
					<aspectratio aligny="left">scale</aspectratio>
					<texture background="true" fallback="special://skin/backgrounds/movies.png">$INFO[ListItem.Property(Fanart_Image)]</texture>
					<visible>Container.Content(movies)</visible>
				</control>
				<control type="largeimage">
					<include>screentype</include>
					<aspectratio>keep</aspectratio>
					<texture background="true" fallback="special://skin/backgrounds/tvshows.png">$INFO[ListItem.Property(Fanart_Image)]</texture>
					<visible>Container.Content(tvshows)</visible>
				</control>
				<control type="image">
					<include>screentype</include>
					<aspectratio>scale</aspectratio>
					<texture background="true" fallback="special://skin/backgrounds/pictures.png">$INFO[ListItem.FilenameAndPath]</texture>
					<visible>Window.IsActive(2)</visible>
				</control>
			</focusedlayout>
		</control>
	</include>


	<include name="view_Thumbs">
		<control type="panel" id="572">
			<viewtype label="Thumbnails">icons</viewtype>
			<posx>45</posx>
			<posy>95</posy>
			<width>1240</width>
			<height>507</height>
			<onleft>6000</onleft>
			<onright>76</onright>
			<onup>572</onup>
			<ondown>572</ondown>
			<preloaditems>4</preloaditems>
			<scrolltime>150</scrolltime>
			<pagecontrol>76</pagecontrol>
			<include>transition_Container</include>
			<include>infoDialogHide</include>
			<include>toggle_Menu</include>
			<visible>Container.Content(albums) </visible>
			<animation effect="slide" end="0,15" condition="Skin.HasSetting(numitems.enable)">Conditional</animation>
			<itemlayout height="169" width="169">
				<control type="image">
					<width>169</width>
					<height>169</height>
					<texture fallback="thumbs/album.png" background="true">$INFO[ListItem.Thumb]</texture>
					<bordertexture border="6" width="169" height="169">frames/frame_Square-small.png</bordertexture>
					<bordersize>6</bordersize>
					<aspectratio>scale</aspectratio>
				</control>
			</itemlayout>											
			<focusedlayout height="169" width="169">
				<control type="image">
					<width>169</width>
					<height>169</height>
					<texture fallback="thumbs/album.png" background="true">$INFO[ListItem.Thumb]</texture>
					<bordertexture border="6" width="169" height="169">frames/frame_Square-small.png</bordertexture>
					<bordersize>6</bordersize>
					<aspectratio>scale</aspectratio>
					<include>focus_Thumbs</include>
				</control>
			</focusedlayout>
		</control>
	</include>
</includes>