﻿<window id="63">
	<defaultcontrol>52</defaultcontrol>
	<allowoverlay>yes</allowoverlay>
	<onload>RunScript(script.watchlist,movies=true&amp;episodes=true&amp;limit=25)</onload>
	<controls>
	<!---fanart------>
		<control type="image">
			<include>screen_Dimensions</include>
			<texture background="true">$INFO[Container(60).ListItem.Property(Fanart)]</texture>
			<include>transition_Fanart</include>
			<fadetime>fadetime_Fanart</fadetime>
			<visible>Control.HasFocus(60) + Skin.HasSetting(fanart.global) + !IsEmptyContainer(60).ListItem.Property(Fanart)) + ![Player.HasVideo + Skin.HasSetting(backgroundvideo.global)]</visible>
		</control>
		<control type="image">
			<include>screen_Dimensions</include>
			<texture background="true">$INFO[Container(61).ListItem.Property(Fanart)]</texture>
			<include>transition_Fanart</include>
			<fadetime>fadetime_Fanart</fadetime>
			<visible>Control.HasFocus(61) + Skin.HasSetting(fanart.global) + !IsEmptyContainer(60).ListItem.Property(Fanart)) + ![Player.HasVideo + Skin.HasSetting(backgroundvideo.global)]</visible>
		</control>
	<!---includes------>
		<include>global_Background</include>
		<include>global_Includes</include>
		<include>windowTitle_Video</include>
		<include>PageControls</include>
		<include>nav_Indicator</include>
	<!---window title--->
		<control type="label">
			<label>$LOCALIZE[157] [COLOR=Color2]$LOCALIZE[31086][/COLOR]</label>
			<include>windowTitle</include>
		</control>
	<!---item count------>
		<control type="label">
			<posx>38</posx>
			<posy>58</posy>
			<width>500</width>
			<label>[B]$INFO[Container(52).NumItems][/B] $LOCALIZE[31116]</label>
			<font>smallerCaps</font>
			<textcolor>Color3</textcolor>
			<include>transition_WindowTitle</include>
			<visible>Control.HasFocus(52)</visible>
		</control>
		
		
		
		
		
		
		<control type="fixedlist" id="52">
			<viewtype label="Slide">info</viewtype>
			<posx>-2</posx>
			<posy>90</posy>
			<width>1450</width>
			<height>425</height>
			<onup>6000</onup>
			<ondown>72</ondown>
			<onleft>52</onleft>
			<onright>52</onright>
			<focusposition>1</focusposition>
			<pagecontrol>72</pagecontrol>
			<scrolltime tween="Cubic" easing="Out">400</scrolltime>
			<orientation>horizontal</orientation>
			<include>transition_Container</include>
			<include>infoDialogHide</include>
			<include>toggle_Menu</include>
			<include>SlidePoster_Video</include>
			
			<include>watchlist_Shows</include>
		</control>
		
		
		<!---info--->	
			<control type="group">
				<posx>220</posx>
				<posy>462</posy>
				<control type="label">
					<width>960</width>
					<label>$INFO[Container(52).ListItem(0).Label]</label>
					<include>info_Title</include>
				</control>
				<control type="label">
					<posy>28</posy>
					<width>960</width>
					<label>$INFO[Container(52).ListItem.Property(Episode),, • ]$INFO[Container(52).ListItem(0).Label2]</label>
					<include>info_Sub</include>
				</control>
				<control type="textbox">
					<posy>60</posy>
					<width>960</width>
					<height>163</height>
					<label>$INFO[Container(52).ListItem.Property(Plot)]</label>
					<include>description_Small</include>
				</control>
			</control>
		
		
		
		

	</controls>
</window>