﻿<includes>
<!---NEXTAIRED------>
	<include name="nextaired_Date">
		<posx>75</posx>
		<posy>70</posy>
		<width>150</width>
		<height>20</height>
		<label>$INFO[ListItem.Property(NextDate)]</label>
		<textcolor>Color1</textcolor>
		<font>smallerCaps</font>
		<align>center</align>
	</include>
	<include name="nextaired_Time">
		<posx>75</posx>
		<posy>90</posy>
		<width>150</width>
		<height>20</height>
		<align>center</align>
		<font>smallerCaps</font>
		<textcolor>Color2</textcolor>
		<label>$INFO[ListItem.Property(ShortTime)]</label>
	</include>
	<include name="nextaired_Time-focus">
		<posx>75</posx>
		<posy>90</posy>
		<width>150</width>
		<height>20</height>
		<align>center</align>
		<font>smallerCaps</font>
		<textcolor>Color1</textcolor>
		<label>$INFO[ListItem.Property(ShortTime)]</label>
	</include>
	<include name="nextaired_Frame">
		<width>150</width>
		<height>121</height>
		<colordiffuse>column3</colordiffuse>
		<include>listButton_Alt</include>
	</include>
	<include name="nextaired_Frame-focus">
		<width>150</width>
		<height>121</height>
		<colordiffuse>column1</colordiffuse>
		<include>listButton_Alt</include>
	</include>
	<include name="nextaired_Thumb">
		<posx>11</posx>
		<posy>11</posy>
		<width>128</width>
		<height>55</height>
		<aspectratio>keep</aspectratio>
		<texture background="true">$INFO[ListItem.Thumb]</texture>
		<visible>StringCompare(Window(Home).Property(TVGuide.ThumbType),0)</visible>
	</include>
	<include name="nextaired_Banner">
		<posx>1</posx>
		<posy>7</posy>
		<width>148</width>
		<height>72</height>
		<aspectratio>keep</aspectratio>
		<texture background="true">$INFO[ListItem.Property(Path),,banner.jpg]</texture>
		<visible>StringCompare(Window(Home).Property(TVGuide.ThumbType),1)</visible>
	</include>
	<include name="nextaired_Logo">
		<posx>11</posx>
		<posy>11</posy>
		<width>128</width>
		<height>50</height>
		<aspectratio>keep</aspectratio>
		<texture background="true">$INFO[ListItem.Property(Path),,logo.png]</texture>
		<visible>StringCompare(Window(Home).Property(TVGuide.ThumbType),2)</visible>
	</include>
	<include name="nextaired_InfoImage">
		<width>258</width>
		<height>145</height>
		<aspectratio>stretch</aspectratio>
	</include>
	<include name="nextaired_Fanart">
		<include>screen_Dimensions</include>
		<animation effect="fade" time="600">Visible</animation>
		<animation effect="fade" time="600">Hidden</animation>
	</include>
	<include name="nextaired_MenuToggle">
		<animation type="Conditional" condition="ControlGroup(9000).HasFocus">
			<effect type="zoom" time="250" center="screen_Center" start="100" end="55" />
			<effect type="fade" time="250" center="screen_Center" start="100" end="20" />
		</animation>			
		<animation type="Conditional" condition="!ControlGroup(9000).HasFocus">
			<effect type="zoom" time="250" center="screen_Center" start="140" end="100" />
			<effect type="fade" time="250" center="screen_Center" start="20" end="100" />
		</animation>
	</include>
	<include name="nextaired_Menu">
		<control type="group">
			<control type="grouplist" id="9000">
				<posx>-275</posx>
				<posy>20</posy>
				<width>800</width>
				<height>800</height>
				<onright>9002</onright>
				<onup>9000</onup>
				<ondown>9000</ondown>
				<orientation>vertical</orientation>
				<include>MenuOpen</include>
				<visible allowhiddenfocus="true">ControlGroup(9000).HasFocus</visible>
				<control type="group">
					<width>220</width>
					<height>42</height>
					<control type="button" id="8">
						<label>$LOCALIZE[5]</label>
						<onback>9002</onback>
						<onup>8</onup>
						<ondown>8</ondown>
						<onright>9002</onright>
						<include>button_Menu</include>
						<onright>ClearProperty(TVGuide.MondayList,Home)</onright>
						<onright>ClearProperty(TVGuide.TuesdayList,Home)</onright>
						<onright>ClearProperty(TVGuide.WednesdayList,Home)</onright>
						<onright>ClearProperty(TVGuide.ThursdayList,Home)</onright>
						<onright>ClearProperty(TVGuide.FridayList,Home)</onright>
						<onright>ClearProperty(TVGuide.SaturdayList,Home)</onright>
						<onright>ClearProperty(TVGuide.SundayList,Home)</onright>
					</control>
				</control>
			</control>
		</control>
	</include>
	
<!---WATCHLIST------>	
	<include name="watchlist_Shows">
		<content>
			<item id="0">
				<label>all</label>
				<label2>browse all tv shows in your library</label2>
				<thumb>thumbs/tvshow_portrait.jpg</thumb>
				<property name="ShowThumb">thumbs/tvshow_portrait.jpg</property>
				<onclick>PlayMedia($INFO[Window(Home).Property(WatchList_Episode.1.Path)])</onclick>
				<visible>!IsEmpty(Window(Home).Property(WatchList_Episode.1.Label))</visible>
			</item>
			<item id="0">
				<label>in progress</label>
				<label2>episodes you haven't finished watching</label2>
				<thumb>thumbs/tvshow_portrait.jpg</thumb>
				<property name="ShowThumb">thumbs/tvshow_portrait.jpg</property>
				<onclick>PlayMedia($INFO[Window(Home).Property(WatchList_Episode.1.Path)])</onclick>
				<visible>!IsEmpty(Window(Home).Property(WatchList_Episode.1.Label))</visible>
			</item>
			<item id="1">
				<label>new episodes</label>
				<label2>the 25 most recently added episodes</label2>
				<thumb>thumbs/tvshow_portrait.jpg</thumb>
				<property name="ShowThumb">thumbs/tvshow_portrait.jpg</property>
				<onclick>PlayMedia($INFO[Window(Home).Property(WatchList_Episode.1.Path)])</onclick>
				<visible>!IsEmpty(Window(Home).Property(WatchList_Episode.1.Label))</visible>
			</item>
			<item id="1">
				<label>$INFO[Window(Home).Property(WatchList_Episode.1.TVShowTitle)]</label>
				<label2>$INFO[Window(Home).Property(WatchList_Episode.1.Season),$LOCALIZE[31087] , - ]$INFO[Window(Home).Property(WatchList_Episode.1.Episode),$LOCALIZE[31088] ]</label2>
				<thumb>$INFO[Window(Home).Property(WatchList_Episode.1.SeasonThumb)]</thumb>
				<property name="ShowThumb">$INFO[Window(Home).Property(WatchList_Episode.1.TVSHowThumb)]</property>
				<property name="Fanart">$INFO[Window(Home).Property(WatchList_Episode.1.Fanart)]</property>
				<property name="Plot">$INFO[Window(Home).Property(WatchList_Episode.1.Plot)]</property>
				<property name="Episode">$INFO[Window(Home).Property(WatchList_Episode.1.Label)]</property>
				<property name="Rating">$INFO[Window(Home).Property(WatchList_Episode.1.Rating)]</property>
				<onclick>PlayMedia($INFO[Window(Home).Property(WatchList_Episode.1.Path)])</onclick>
				<visible>!IsEmpty(Window(Home).Property(WatchList_Episode.1.Label))</visible>
			</item>
			<item id="2">
				<label>$INFO[Window(Home).Property(WatchList_Episode.2.TVShowTitle)]</label>
				<label2>$INFO[Window(Home).Property(WatchList_Episode.2.Season),$LOCALIZE[31087] , - ]$INFO[Window(Home).Property(WatchList_Episode.1.Episode),$LOCALIZE[31088] ]</label2>
				<thumb>$INFO[Window(Home).Property(WatchList_Episode.2.SeasonThumb)]</thumb>
				<property name="Fanart">$INFO[Window(Home).Property(WatchList_Episode.2.Fanart)]</property>
				<property name="Plot">$INFO[Window(Home).Property(WatchList_Episode.2.Plot)]</property>
				<property name="Episode">$INFO[Window(Home).Property(WatchList_Episode.2.Label)]</property>
				<onclick>PlayMedia($INFO[Window(Home).Property(WatchList_Episode.2.Path)])</onclick>
				<visible>!IsEmpty(Window(Home).Property(WatchList_Episode.2.Label))</visible>
			</item>
			<item id="3">
				<label>$INFO[Window(Home).Property(WatchList_Episode.3.TVShowTitle)]</label>
				<label2>$INFO[Window(Home).Property(WatchList_Episode.3.Season),$LOCALIZE[31087] , - ]$INFO[Window(Home).Property(WatchList_Episode.1.Episode),$LOCALIZE[31088] ]</label2>
				<thumb>$INFO[Window(Home).Property(WatchList_Episode.3.SeasonThumb)]</thumb>
				<property name="Fanart">$INFO[Window(Home).Property(WatchList_Episode.3.Fanart)]</property>
				<property name="Plot">$INFO[Window(Home).Property(WatchList_Episode.3.Plot)]</property>
				<property name="Episode">$INFO[Window(Home).Property(WatchList_Episode.3.Label)]</property>
				<onclick>PlayMedia($INFO[Window(Home).Property(WatchList_Episode.3.Path)])</onclick>
				<visible>!IsEmpty(Window(Home).Property(WatchList_Episode.3.Label))</visible>
			</item>
			<item id="4">
				<label>$INFO[Window(Home).Property(WatchList_Episode.4.TVShowTitle)]</label>
				<label2>$INFO[Window(Home).Property(WatchList_Episode.4.Season),$LOCALIZE[31087] , - ]$INFO[Window(Home).Property(WatchList_Episode.1.Episode),$LOCALIZE[31088] ]</label2>
				<thumb>$INFO[Window(Home).Property(WatchList_Episode.4.SeasonThumb)]</thumb>
				<property name="Fanart">$INFO[Window(Home).Property(WatchList_Episode.4.Fanart)]</property>
				<property name="Plot">$INFO[Window(Home).Property(WatchList_Episode.4.Plot)]</property>
				<property name="Episode">$INFO[Window(Home).Property(WatchList_Episode.4.Label)]</property>
				<onclick>PlayMedia($INFO[Window(Home).Property(WatchList_Episode.4.Path)])</onclick>
				<visible>!IsEmpty(Window(Home).Property(WatchList_Episode.4.Label))</visible>
			</item>
			<item id="5">
				<label>$INFO[Window(Home).Property(WatchList_Episode.5.TVShowTitle)]</label>
				<label2>$INFO[Window(Home).Property(WatchList_Episode.5.Season),$LOCALIZE[31087] , - ]$INFO[Window(Home).Property(WatchList_Episode.1.Episode),$LOCALIZE[31088] ]</label2>
				<thumb>$INFO[Window(Home).Property(WatchList_Episode.5.SeasonThumb)]</thumb>
				<property name="Fanart">$INFO[Window(Home).Property(WatchList_Episode.5.Fanart)]</property>
				<property name="Plot">$INFO[Window(Home).Property(WatchList_Episode.5.Plot)]</property>
				<property name="Episode">$INFO[Window(Home).Property(WatchList_Episode.5.Label)]</property>
				<onclick>PlayMedia($INFO[Window(Home).Property(WatchList_Episode.5.Path)])</onclick>
				<visible>!IsEmpty(Window(Home).Property(WatchList_Episode.5.Label))</visible>
			</item>
			<item id="6">
				<label>$INFO[Window(Home).Property(WatchList_Episode.6.TVShowTitle)]</label>
				<label2>$INFO[Window(Home).Property(WatchList_Episode.6.Season),$LOCALIZE[31087] , - ]$INFO[Window(Home).Property(WatchList_Episode.1.Episode),$LOCALIZE[31088] ]</label2>
				<thumb>$INFO[Window(Home).Property(WatchList_Episode.6.SeasonThumb)]</thumb>
				<property name="Fanart">$INFO[Window(Home).Property(WatchList_Episode.6.Fanart)]</property>
				<property name="Plot">$INFO[Window(Home).Property(WatchList_Episode.6.Plot)]</property>
				<property name="Episode">$INFO[Window(Home).Property(WatchList_Episode.6.Label)]</property>
				<onclick>PlayMedia($INFO[Window(Home).Property(WatchList_Episode.6.Path)])</onclick>
				<visible>!IsEmpty(Window(Home).Property(WatchList_Episode.6.Label))</visible>
			</item>
			<item id="7">
				<label>$INFO[Window(Home).Property(WatchList_Episode.7.TVShowTitle)]</label>
				<label2>$INFO[Window(Home).Property(WatchList_Episode.7.Season),$LOCALIZE[31087] , - ]$INFO[Window(Home).Property(WatchList_Episode.1.Episode),$LOCALIZE[31088] ]</label2>
				<thumb>$INFO[Window(Home).Property(WatchList_Episode.7.SeasonThumb)]</thumb>
				<property name="Fanart">$INFO[Window(Home).Property(WatchList_Episode.7.Fanart)]</property>
				<property name="Plot">$INFO[Window(Home).Property(WatchList_Episode.7.Plot)]</property>
				<property name="Episode">$INFO[Window(Home).Property(WatchList_Episode.7.Label)]</property>
				<onclick>PlayMedia($INFO[Window(Home).Property(WatchList_Episode.7.Path)])</onclick>
				<visible>!IsEmpty(Window(Home).Property(WatchList_Episode.7.Label))</visible>
			</item>
			<item id="8">
				<label>$INFO[Window(Home).Property(WatchList_Episode.8.TVShowTitle)]</label>
				<label2>$INFO[Window(Home).Property(WatchList_Episode.8.Season),$LOCALIZE[31087] , - ]$INFO[Window(Home).Property(WatchList_Episode.1.Episode),$LOCALIZE[31088] ]</label2>
				<thumb>$INFO[Window(Home).Property(WatchList_Episode.8.SeasonThumb)]</thumb>
				<property name="Fanart">$INFO[Window(Home).Property(WatchList_Episode.8.Fanart)]</property>
				<property name="Plot">$INFO[Window(Home).Property(WatchList_Episode.8.Plot)]</property>
				<property name="Episode">$INFO[Window(Home).Property(WatchList_Episode.8.Label)]</property>
				<onclick>PlayMedia($INFO[Window(Home).Property(WatchList_Episode.8.Path)])</onclick>
				<visible>!IsEmpty(Window(Home).Property(WatchList_Episode.8.Label))</visible>
			</item>
			<item id="9">
				<label>$INFO[Window(Home).Property(WatchList_Episode.9.TVShowTitle)]</label>
				<label2>$INFO[Window(Home).Property(WatchList_Episode.9.Season),$LOCALIZE[31087] , - ]$INFO[Window(Home).Property(WatchList_Episode.1.Episode),$LOCALIZE[31088] ]</label2>
				<thumb>$INFO[Window(Home).Property(WatchList_Episode.9.SeasonThumb)]</thumb>
				<property name="Fanart">$INFO[Window(Home).Property(WatchList_Episode.9.Fanart)]</property>
				<property name="Plot">$INFO[Window(Home).Property(WatchList_Episode.9.Plot)]</property>
				<property name="Episode">$INFO[Window(Home).Property(WatchList_Episode.9.Label)]</property>
				<onclick>PlayMedia($INFO[Window(Home).Property(WatchList_Episode.9.Path)])</onclick>
				<visible>!IsEmpty(Window(Home).Property(WatchList_Episode.9.Label))</visible>
			</item>
			<item id="10">
				<label>$INFO[Window(Home).Property(WatchList_Episode.10.TVShowTitle)]</label>
				<label2>$INFO[Window(Home).Property(WatchList_Episode.10.Season),$LOCALIZE[31087] , - ]$INFO[Window(Home).Property(WatchList_Episode.1.Episode),$LOCALIZE[31088] ]</label2>
				<thumb>$INFO[Window(Home).Property(WatchList_Episode.10.SeasonThumb)]</thumb>
				<property name="Fanart">$INFO[Window(Home).Property(WatchList_Episode.10.Fanart)]</property>
				<property name="Plot">$INFO[Window(Home).Property(WatchList_Episode.10.Plot)]</property>
				<property name="Episode">$INFO[Window(Home).Property(WatchList_Episode.10.Label)]</property>
				<onclick>PlayMedia($INFO[Window(Home).Property(WatchList_Episode.10.Path)])</onclick>
				<visible>!IsEmpty(Window(Home).Property(WatchList_Episode.10.Label))</visible>
			</item>
			<item id="11">
				<label>$INFO[Window(Home).Property(WatchList_EpisodeTVShowTitle)]</label>
				<label2>$INFO[Window(Home).Property(WatchList_Episode.11.Season),$LOCALIZE[31087] , - ]$INFO[Window(Home).Property(WatchList_Episode.1.Episode),$LOCALIZE[31088] ]</label2>
				<thumb>$INFO[Window(Home).Property(WatchList_Episode.11.SeasonThumb)]</thumb>
				<property name="Fanart">$INFO[Window(Home).Property(WatchList_Episode.11.Fanart)]</property>
				<property name="Plot">$INFO[Window(Home).Property(WatchList_Episode.11.Plot)]</property>
				<property name="Episode">$INFO[Window(Home).Property(WatchList_Episode.11.Label)]</property>
				<onclick>PlayMedia($INFO[Window(Home).Property(WatchList_Episode.11.Path)])</onclick>
				<visible>!IsEmpty(Window(Home).Property(WatchList_Episode.11.Label))</visible>
			</item>
			<item id="12">
				<label>$INFO[Window(Home).Property(WatchList_Episode.12.TVShowTitle)]</label>
				<label2>$INFO[Window(Home).Property(WatchList_Episode.12.Season),$LOCALIZE[31087] , - ]$INFO[Window(Home).Property(WatchList_Episode.1.Episode),$LOCALIZE[31088] ]</label2>
				<thumb>$INFO[Window(Home).Property(WatchList_Episode.12.SeasonThumb)]</thumb>
				<property name="Fanart">$INFO[Window(Home).Property(WatchList_Episode.12.Fanart)]</property>
				<property name="Plot">$INFO[Window(Home).Property(WatchList_Episode.12.Plot)]</property>
				<property name="Episode">$INFO[Window(Home).Property(WatchList_Episode.12.Label)]</property>
				<onclick>PlayMedia($INFO[Window(Home).Property(WatchList_Episode.12.Path)])</onclick>
				<visible>!IsEmpty(Window(Home).Property(WatchList_Episode.12.Label))</visible>
			</item>
			<item id="13">
				<label>$INFO[Window(Home).Property(WatchList_Episode.13.TVShowTitle)]</label>
				<label2>$INFO[Window(Home).Property(WatchList_Episode.13.Season),$LOCALIZE[31087] , - ]$INFO[Window(Home).Property(WatchList_Episode.1.Episode),$LOCALIZE[31088] ]</label2>
				<thumb>$INFO[Window(Home).Property(WatchList_Episode.13.SeasonThumb)]</thumb>
				<property name="Fanart">$INFO[Window(Home).Property(WatchList_Episode.13.Fanart)]</property>
				<property name="Plot">$INFO[Window(Home).Property(WatchList_Episode.13.Plot)]</property>
				<property name="Episode">$INFO[Window(Home).Property(WatchList_Episode.13.Label)]</property>
				<onclick>PlayMedia($INFO[Window(Home).Property(WatchList_Episode.13.Path)])</onclick>
				<visible>!IsEmpty(Window(Home).Property(WatchList_Episode.13.Label))</visible>
			</item>
			<item id="14">
				<label>$INFO[Window(Home).Property(WatchList_Episode.14.TVShowTitle)]</label>
				<label2>$INFO[Window(Home).Property(WatchList_Episode.14.Season),$LOCALIZE[31087] , - ]$INFO[Window(Home).Property(WatchList_Episode.1.Episode),$LOCALIZE[31088] ]</label2>
				<thumb>$INFO[Window(Home).Property(WatchList_Episode.14.SeasonThumb)]</thumb>
				<property name="Fanart">$INFO[Window(Home).Property(WatchList_Episode.14.Fanart)]</property>
				<property name="Plot">$INFO[Window(Home).Property(WatchList_Episode.14.Plot)]</property>
				<property name="Episode">$INFO[Window(Home).Property(WatchList_Episode.14.Label)]</property>
				<onclick>PlayMedia($INFO[Window(Home).Property(WatchList_Episode.14.Path)])</onclick>
				<visible>!IsEmpty(Window(Home).Property(WatchList_Episode.14.Label))</visible>
			</item>
			<item id="15">
				<label>$INFO[Window(Home).Property(WatchList_Episode.15.TVShowTitle)]</label>
				<label2>$INFO[Window(Home).Property(WatchList_Episode.15.Season),$LOCALIZE[31087] , - ]$INFO[Window(Home).Property(WatchList_Episode.1.Episode),$LOCALIZE[31088] ]</label2>
				<thumb>$INFO[Window(Home).Property(WatchList_Episode.15.SeasonThumb)]</thumb>
				<property name="Fanart">$INFO[Window(Home).Property(WatchList_Episode.15.Fanart)]</property>
				<property name="Plot">$INFO[Window(Home).Property(WatchList_Episode.15.Plot)]</property>
				<property name="Episode">$INFO[Window(Home).Property(WatchList_Episode.15.Label)]</property>
				<onclick>PlayMedia($INFO[Window(Home).Property(WatchList_Episode.15.Path)])</onclick>
				<visible>!IsEmpty(Window(Home).Property(WatchList_Episode.15.Label))</visible>
			</item>
			<item id="16">
				<label>$INFO[Window(Home).Property(WatchList_Episode.16.TVShowTitle)]</label>
				<label2>$INFO[Window(Home).Property(WatchList_Episode.16.Season),$LOCALIZE[31087] , - ]$INFO[Window(Home).Property(WatchList_Episode.1.Episode),$LOCALIZE[31088] ]</label2>
				<thumb>$INFO[Window(Home).Property(WatchList_Episode.16.SeasonThumb)]</thumb>
				<property name="Fanart">$INFO[Window(Home).Property(WatchList_Episode.16.Fanart)]</property>
				<property name="Plot">$INFO[Window(Home).Property(WatchList_Episode.16.Plot)]</property>
				<property name="Episode">$INFO[Window(Home).Property(WatchList_Episode.16.Label)]</property>
				<onclick>PlayMedia($INFO[Window(Home).Property(WatchList_Episode.16.Path)])</onclick>
				<visible>!IsEmpty(Window(Home).Property(WatchList_Episode.16.Label))</visible>
			</item>
			<item id="17">
				<label>$INFO[Window(Home).Property(WatchList_Episode.17.TVShowTitle)]</label>
				<label2>$INFO[Window(Home).Property(WatchList_Episode.17.Season),$LOCALIZE[31087] , - ]$INFO[Window(Home).Property(WatchList_Episode.1.Episode),$LOCALIZE[31088] ]</label2>
				<thumb>$INFO[Window(Home).Property(WatchList_Episode.17.SeasonThumb)]</thumb>
				<property name="Fanart">$INFO[Window(Home).Property(WatchList_Episode.17.Fanart)]</property>
				<property name="Plot">$INFO[Window(Home).Property(WatchList_Episode.17.Plot)]</property>
				<property name="Episode">$INFO[Window(Home).Property(WatchList_Episode.17.Label)]</property>
				<onclick>PlayMedia($INFO[Window(Home).Property(WatchList_Episode.17.Path)])</onclick>
				<visible>!IsEmpty(Window(Home).Property(WatchList_Episode.17.Label))</visible>
			</item>
			<item id="18">
				<label>$INFO[Window(Home).Property(WatchList_Episode.18.TVShowTitle)]</label>
				<label2>$INFO[Window(Home).Property(WatchList_Episode.18.Season),$LOCALIZE[31087] , - ]$INFO[Window(Home).Property(WatchList_Episode.1.Episode),$LOCALIZE[31088] ]</label2>
				<thumb>$INFO[Window(Home).Property(WatchList_Episode.18.SeasonThumb)]</thumb>
				<property name="Fanart">$INFO[Window(Home).Property(WatchList_Episode.18.Fanart)]</property>
				<property name="Plot">$INFO[Window(Home).Property(WatchList_Episode.18.Plot)]</property>
				<property name="Episode">$INFO[Window(Home).Property(WatchList_Episode.18.Label)]</property>
				<onclick>PlayMedia($INFO[Window(Home).Property(WatchList_Episode.18.Path)])</onclick>
				<visible>!IsEmpty(Window(Home).Property(WatchList_Episode.18.Label))</visible>
			</item>
			<item id="19">
				<label>$INFO[Window(Home).Property(WatchList_Episode.19.TVShowTitle)]</label>
				<label2>$INFO[Window(Home).Property(WatchList_Episode.19.Season),$LOCALIZE[31087] , - ]$INFO[Window(Home).Property(WatchList_Episode.1.Episode),$LOCALIZE[31088] ]</label2>
				<thumb>$INFO[Window(Home).Property(WatchList_Episode.19.SeasonThumb)]</thumb>
				<property name="Fanart">$INFO[Window(Home).Property(WatchList_Episode.19.Fanart)]</property>
				<property name="Plot">$INFO[Window(Home).Property(WatchList_Episode.19.Plot)]</property>
				<property name="Episode">$INFO[Window(Home).Property(WatchList_Episode.19.Label)]</property>
				<onclick>PlayMedia($INFO[Window(Home).Property(WatchList_Episode.19.Path)])</onclick>
				<visible>!IsEmpty(Window(Home).Property(WatchList_Episode.19.Label))</visible>
			</item>
			<item id="20">
				<label>$INFO[Window(Home).Property(WatchList_Episode.20.TVShowTitle)]</label>
				<label2>$INFO[Window(Home).Property(WatchList_Episode.20.Season),$LOCALIZE[31087] , - ]$INFO[Window(Home).Property(WatchList_Episode.1.Episode),$LOCALIZE[31088] ]</label2>
				<thumb>$INFO[Window(Home).Property(WatchList_Episode.20.SeasonThumb)]</thumb>
				<property name="Fanart">$INFO[Window(Home).Property(WatchList_Episode.20.Fanart)]</property>
				<property name="Plot">$INFO[Window(Home).Property(WatchList_Episode.20.Plot)]</property>
				<property name="Episode">$INFO[Window(Home).Property(WatchList_Episode.20.Label)]</property>
				<onclick>PlayMedia($INFO[Window(Home).Property(WatchList_Episode.20.Path)])</onclick>
				<visible>!IsEmpty(Window(Home).Property(WatchList_Episode.20.Label))</visible>
			</item>
			<item id="21">
				<label>$INFO[Window(Home).Property(WatchList_Episode.21.TVShowTitle)]</label>
				<label2>$INFO[Window(Home).Property(WatchList_Episode.21.Season),$LOCALIZE[31087] , - ]$INFO[Window(Home).Property(WatchList_Episode.1.Episode),$LOCALIZE[31088] ]</label2>
				<thumb>$INFO[Window(Home).Property(WatchList_Episode.21.SeasonThumb)]</thumb>
				<property name="Fanart">$INFO[Window(Home).Property(WatchList_Episode.21.Fanart)]</property>
				<property name="Plot">$INFO[Window(Home).Property(WatchList_Episode.21.Plot)]</property>
				<property name="Episode">$INFO[Window(Home).Property(WatchList_Episode.21.Label)]</property>
				<onclick>PlayMedia($INFO[Window(Home).Property(WatchList_Episode.21.Path)])</onclick>
				<visible>!IsEmpty(Window(Home).Property(WatchList_Episode.21.Label))</visible>
			</item>
			<item id="22">
				<label>$INFO[Window(Home).Property(WatchList_Episode.22.TVShowTitle)]</label>
				<label2>$INFO[Window(Home).Property(WatchList_Episode.22.Season),$LOCALIZE[31087] , - ]$INFO[Window(Home).Property(WatchList_Episode.1.Episode),$LOCALIZE[31088] ]</label2>
				<thumb>$INFO[Window(Home).Property(WatchList_Episode.22.SeasonThumb)]</thumb>
				<property name="Fanart">$INFO[Window(Home).Property(WatchList_Episode.22.Fanart)]</property>
				<property name="Plot">$INFO[Window(Home).Property(WatchList_Episode.22.Plot)]</property>
				<property name="Episode">$INFO[Window(Home).Property(WatchList_Episode.22.Label)]</property>
				<onclick>PlayMedia($INFO[Window(Home).Property(WatchList_Episode.22.Path)])</onclick>
				<visible>!IsEmpty(Window(Home).Property(WatchList_Episode.22.Label))</visible>
			</item>
			<item id="23">
				<label>$INFO[Window(Home).Property(WatchList_Episode.23TVShowTitle)]</label>
				<label2>$INFO[Window(Home).Property(WatchList_Episode.23.Season),$LOCALIZE[31087] , - ]$INFO[Window(Home).Property(WatchList_Episode.1.Episode),$LOCALIZE[31088] ]</label2>
				<thumb>$INFO[Window(Home).Property(WatchList_Episode.23.SeasonThumb)]</thumb>
				<property name="Fanart">$INFO[Window(Home).Property(WatchList_Episode.23.Fanart)]</property>
				<property name="Plot">$INFO[Window(Home).Property(WatchList_Episode.23.Plot)]</property>
				<property name="Episode">$INFO[Window(Home).Property(WatchList_Episode.23.Label)]</property>
				<onclick>PlayMedia($INFO[Window(Home).Property(WatchList_Episode.23.Path)])</onclick>
				<visible>!IsEmpty(Window(Home).Property(WatchList_Episode.23.Label))</visible>
			</item>
			<item id="24">
				<label>$INFO[Window(Home).Property(WatchList_Episode.24.TVShowTitle)]</label>
				<label2>$INFO[Window(Home).Property(WatchList_Episode.24.Season),$LOCALIZE[31087] , - ]$INFO[Window(Home).Property(WatchList_Episode.1.Episode),$LOCALIZE[31088] ]</label2>
				<thumb>$INFO[Window(Home).Property(WatchList_Episode.24.SeasonThumb)]</thumb>
				<property name="Fanart">$INFO[Window(Home).Property(WatchList_Episode.24.Fanart)]</property>
				<property name="Plot">$INFO[Window(Home).Property(WatchList_Episode.24.Plot)]</property>
				<property name="Episode">$INFO[Window(Home).Property(WatchList_Episode.24.Label)]</property>
				<onclick>PlayMedia($INFO[Window(Home).Property(WatchList_Episode.24.Path)])</onclick>
				<visible>!IsEmpty(Window(Home).Property(WatchList_Episode.24.Label))</visible>
			</item>
			<item id="25">
				<label>$INFO[Window(Home).Property(WatchList_Episode.25.TVShowTitle)]</label>
				<label2>$INFO[Window(Home).Property(WatchList_Episode.25.Season),$LOCALIZE[31087] , - ]$INFO[Window(Home).Property(WatchList_Episode.1.Episode),$LOCALIZE[31088] ]</label2>
				<thumb>$INFO[Window(Home).Property(WatchList_Episode.25.SeasonThumb)]</thumb>
				<property name="Fanart">$INFO[Window(Home).Property(WatchList_Episode.25.Fanart)]</property>
				<property name="Plot">$INFO[Window(Home).Property(WatchList_Episode.25.Plot)]</property>
				<property name="Episode">$INFO[Window(Home).Property(WatchList_Episode.25.Label)]</property>
				<onclick>PlayMedia($INFO[Window(Home).Property(WatchList_Episode.25.Path)])</onclick>
				<visible>!IsEmpty(Window(Home).Property(WatchList_Episode.25.Label))</visible>
			</item>
		</content>
	</include>

	<include name="watchlist_Movies">
		<content>
			<item id="1">
				<label>$INFO[Window(Home).Property(WatchList_Movie.1.Label)]</label>
				<label2>$INFO[Window(Home).Property(WatchList_Movie.1.Runtime),, $LOCALIZE[12391]]</label2>
				<property name="Fanart">$INFO[Window(Home).Property(WatchList_Movie.1.Fanart)]</property>
				<property name="Plot">$INFO[Window(Home).Property(WatchList_Movie.1.Plot)]</property>
				<property name="Info">$INFO[Window(Home).Property(WatchList_Movie.1.Genre)]</property>
				<thumb>$INFO[Window(Home).Property(WatchList_Movie.1.Thumb)]</thumb>
				<onclick>PlayMedia($INFO[Window.Property(WatchList_Movie.1.Path)])</onclick>
				<visible>!IsEmpty(Window(Home).Property(WatchList_Movie.1.Label))</visible>
			</item>
			<item id="2">
				<label>$INFO[Window(Home).Property(WatchList_Movie.2.Label)]</label>
				<label2>$INFO[Window(Home).Property(WatchList_Movie.2.Runtime),, $LOCALIZE[12391]]</label2>
				<property name="Fanart">$INFO[Window(Home).Property(WatchList_Movie.2.Fanart)]</property>
				<property name="Plot">$INFO[Window(Home).Property(WatchList_Movie.2.Plot)]</property>
				<property name="Info">$INFO[Window(Home).Property(WatchList_Movie.2.Genre)]</property>
				<thumb>$INFO[Window(Home).Property(WatchList_Movie.2.Thumb)]</thumb>
				<onclick>PlayMedia($INFO[Window.Property(WatchList_Movie.2.Path)])</onclick>
				<visible>!IsEmpty(Window(Home).Property(WatchList_Movie.2.Label))</visible>
			</item>
			<item id="3">
				<label>$INFO[Window(Home).Property(WatchList_Movie.3.Label)]</label>
				<label2>$INFO[Window(Home).Property(WatchList_Movie.3.Runtime),, $LOCALIZE[12391]]</label2>
				<property name="Fanart">$INFO[Window(Home).Property(WatchList_Movie.3.Fanart)]</property>
				<property name="Plot">$INFO[Window(Home).Property(WatchList_Movie.3.Plot)]</property>
				<property name="Info">$INFO[Window(Home).Property(WatchList_Movie.3.Genre)]</property>
				<thumb>$INFO[Window(Home).Property(WatchList_Movie.3.Thumb)]</thumb>
				<onclick>PlayMedia($INFO[Window.Property(WatchList_Movie.3.Path)])</onclick>
				<visible>!IsEmpty(Window(Home).Property(WatchList_Movie.3.Label))</visible>
			</item>
			<item id="4">
				<label>$INFO[Window(Home).Property(WatchList_Movie.4.Label)]</label>
				<label2>$INFO[Window(Home).Property(WatchList_Movie.4.Runtime),, $LOCALIZE[12391]]</label2>
				<property name="Fanart">$INFO[Window(Home).Property(WatchList_Movie.4.Fanart)]</property>
				<property name="Plot">$INFO[Window(Home).Property(WatchList_Movie.4.Plot)]</property>
				<property name="Info">$INFO[Window(Home).Property(WatchList_Movie.4.Genre)]</property>
				<thumb>$INFO[Window(Home).Property(WatchList_Movie.4.Thumb)]</thumb>
				<onclick>PlayMedia($INFO[Window.Property(WatchList_Movie.4.Path)])</onclick>
				<visible>!IsEmpty(Window(Home).Property(WatchList_Movie.4.Label))</visible>
			</item>
			<item id="5">
				<label>$INFO[Window(Home).Property(WatchList_Movie.5.Label)]</label>
				<label2>$INFO[Window(Home).Property(WatchList_Movie.5.Runtime),, $LOCALIZE[12391]]</label2>
				<property name="Fanart">$INFO[Window(Home).Property(WatchList_Movie.5.Fanart)]</property>
				<property name="Plot">$INFO[Window(Home).Property(WatchList_Movie.5.Plot)]</property>
				<property name="Info">$INFO[Window(Home).Property(WatchList_Movie.5.Genre)]</property>
				<thumb>$INFO[Window(Home).Property(WatchList_Movie.5.Thumb)]</thumb>
				<onclick>PlayMedia($INFO[Window.Property(WatchList_Movie.5.Path)])</onclick>
				<visible>!IsEmpty(Window(Home).Property(WatchList_Movie.5.Label))</visible>
			</item>
			<item id="6">
				<label>$INFO[Window(Home).Property(WatchList_Movie.6.Label)]</label>
				<label2>$INFO[Window(Home).Property(WatchList_Movie.6.Runtime),, $LOCALIZE[12391]]</label2>
				<property name="Fanart">$INFO[Window(Home).Property(WatchList_Movie.6.Fanart)]</property>
				<property name="Plot">$INFO[Window(Home).Property(WatchList_Movie.6.Plot)]</property>
				<property name="Info">$INFO[Window(Home).Property(WatchList_Movie.6.Genre)]</property>
				<thumb>$INFO[Window(Home).Property(WatchList_Movie.6.Thumb)]</thumb>
				<onclick>PlayMedia($INFO[Window.Property(WatchList_Movie.6.Path)])</onclick>
				<visible>!IsEmpty(Window(Home).Property(WatchList_Movie.6.Label))</visible>
			</item>
			<item id="7">
				<label>$INFO[Window(Home).Property(WatchList_Movie.7.Label)]</label>
				<label2>$INFO[Window(Home).Property(WatchList_Movie.7.Runtime),, $LOCALIZE[12391]]</label2>
				<property name="Fanart">$INFO[Window(Home).Property(WatchList_Movie.7.Fanart)]</property>
				<property name="Plot">$INFO[Window(Home).Property(WatchList_Movie.7.Plot)]</property>
				<property name="Info">$INFO[Window(Home).Property(WatchList_Movie.7.Genre)]</property>
				<thumb>$INFO[Window(Home).Property(WatchList_Movie.7.Thumb)]</thumb>
				<onclick>PlayMedia($INFO[Window.Property(WatchList_Movie.7.Path)])</onclick>
				<visible>!IsEmpty(Window(Home).Property(WatchList_Movie.7.Label))</visible>
			</item>
			<item id="8">
				<label>$INFO[Window(Home).Property(WatchList_Movie.8.Label)]</label>
				<label2>$INFO[Window(Home).Property(WatchList_Movie.8.Runtime),, $LOCALIZE[12391]]</label2>
				<property name="Fanart">$INFO[Window(Home).Property(WatchList_Movie.8.Fanart)]</property>
				<property name="Plot">$INFO[Window(Home).Property(WatchList_Movie.8.Plot)]</property>
				<property name="Info">$INFO[Window(Home).Property(WatchList_Movie.8.Genre)]</property>
				<thumb>$INFO[Window(Home).Property(WatchList_Movie.8.Thumb)]</thumb>
				<onclick>PlayMedia($INFO[Window.Property(WatchList_Movie.8.Path)])</onclick>
				<visible>!IsEmpty(Window(Home).Property(WatchList_Movie.8.Label))</visible>
			</item>
			<item id="9">
				<label>$INFO[Window(Home).Property(WatchList_Movie.9.Label)]</label>
				<label2>$INFO[Window(Home).Property(WatchList_Movie.9.Runtime),, $LOCALIZE[12391]]</label2>
				<property name="Fanart">$INFO[Window(Home).Property(WatchList_Movie.9.Fanart)]</property>
				<property name="Plot">$INFO[Window(Home).Property(WatchList_Movie.9.Plot)]</property>
				<property name="Info">$INFO[Window(Home).Property(WatchList_Movie.9.Genre)]</property>
				<thumb>$INFO[Window(Home).Property(WatchList_Movie.9.Thumb)]</thumb>
				<onclick>PlayMedia($INFO[Window.Property(WatchList_Movie.9.Path)])</onclick>
				<visible>!IsEmpty(Window(Home).Property(WatchList_Movie.9.Label))</visible>
			</item>
			<item id="10">
				<label>$INFO[Window(Home).Property(WatchList_Movie.10.Label)]</label>
				<label2>$INFO[Window(Home).Property(WatchList_Movie.10.Runtime),, $LOCALIZE[12391]]</label2>
				<property name="Fanart">$INFO[Window(Home).Property(WatchList_Movie.10.Fanart)]</property>
				<property name="Plot">$INFO[Window(Home).Property(WatchList_Movie.10.Plot)]</property>
				<property name="Info">$INFO[Window(Home).Property(WatchList_Movie.10.Genre)]</property>
				<thumb>$INFO[Window(Home).Property(WatchList_Movie.10.Thumb)]</thumb>
				<onclick>PlayMedia($INFO[Window.Property(WatchList_Movie.10.Path)])</onclick>
				<visible>!IsEmpty(Window(Home).Property(WatchList_Movie.10.Label))</visible>
			</item>
			<item id="11">
				<label>$INFO[Window(Home).Property(WatchList_Movie.11.Label)]</label>
				<label2>$INFO[Window(Home).Property(WatchList_Movie.11.Runtime),, $LOCALIZE[12391]]</label2>
				<property name="Fanart">$INFO[Window(Home).Property(WatchList_Movie.11.Fanart)]</property>
				<property name="Plot">$INFO[Window(Home).Property(WatchList_Movie.11.Plot)]</property>
				<property name="Info">$INFO[Window(Home).Property(WatchList_Movie.11.Genre)]</property>
				<thumb>$INFO[Window(Home).Property(WatchList_Movie.11.Thumb)]</thumb>
				<onclick>PlayMedia($INFO[Window.Property(WatchList_Movie.11.Path)])</onclick>
				<visible>!IsEmpty(Window(Home).Property(WatchList_Movie.11.Label))</visible>
			</item>
			<item id="12">
				<label>$INFO[Window(Home).Property(WatchList_Movie.12.Label)]</label>
				<label2>$INFO[Window(Home).Property(WatchList_Movie.12.Runtime),, $LOCALIZE[12391]]</label2>
				<property name="Fanart">$INFO[Window(Home).Property(WatchList_Movie.12.Fanart)]</property>
				<property name="Plot">$INFO[Window(Home).Property(WatchList_Movie.12.Plot)]</property>
				<property name="Info">$INFO[Window(Home).Property(WatchList_Movie.12.Genre)]</property>
				<thumb>$INFO[Window(Home).Property(WatchList_Movie.12.Thumb)]</thumb>
				<onclick>PlayMedia($INFO[Window.Property(WatchList_Movie.12.Path)])</onclick>
				<visible>!IsEmpty(Window(Home).Property(WatchList_Movie.12.Label))</visible>
			</item>
			<item id="13">
				<label>$INFO[Window(Home).Property(WatchList_Movie.13.Label)]</label>
				<label2>$INFO[Window(Home).Property(WatchList_Movie.13.Runtime),, $LOCALIZE[12391]]</label2>
				<property name="Fanart">$INFO[Window(Home).Property(WatchList_Movie.13.Fanart)]</property>
				<property name="Plot">$INFO[Window(Home).Property(WatchList_Movie.13.Plot)]</property>
				<property name="Info">$INFO[Window(Home).Property(WatchList_Movie.13.Genre)]</property>
				<thumb>$INFO[Window(Home).Property(WatchList_Movie.13.Thumb)]</thumb>
				<onclick>PlayMedia($INFO[Window.Property(WatchList_Movie.13.Path)])</onclick>
				<visible>!IsEmpty(Window(Home).Property(WatchList_Movie.13.Label))</visible>
			</item>
			<item id="14">
				<label>$INFO[Window(Home).Property(WatchList_Movie.14.Label)]</label>
				<label2>$INFO[Window(Home).Property(WatchList_Movie.14.Runtime),, $LOCALIZE[12391]]</label2>
				<property name="Fanart">$INFO[Window(Home).Property(WatchList_Movie.14.Fanart)]</property>
				<property name="Plot">$INFO[Window(Home).Property(WatchList_Movie.14.Plot)]</property>
				<property name="Info">$INFO[Window(Home).Property(WatchList_Movie.14.Genre)]</property>
				<thumb>$INFO[Window(Home).Property(WatchList_Movie.14.Thumb)]</thumb>
				<onclick>PlayMedia($INFO[Window.Property(WatchList_Movie.14.Path)])</onclick>
				<visible>!IsEmpty(Window(Home).Property(WatchList_Movie.14.Label))</visible>
			</item>
			<item id="15">
				<label>$INFO[Window(Home).Property(WatchList_Movie.15.Label)]</label>
				<label2>$INFO[Window(Home).Property(WatchList_Movie.15.Runtime),, $LOCALIZE[12391]]</label2>
				<property name="Fanart">$INFO[Window(Home).Property(WatchList_Movie.15.Fanart)]</property>
				<property name="Plot">$INFO[Window(Home).Property(WatchList_Movie.15.Plot)]</property>
				<property name="Info">$INFO[Window(Home).Property(WatchList_Movie.15.Genre)]</property>
				<thumb>$INFO[Window(Home).Property(WatchList_Movie.15.Thumb)]</thumb>
				<onclick>PlayMedia($INFO[Window.Property(WatchList_Movie.15.Path)])</onclick>
				<visible>!IsEmpty(Window(Home).Property(WatchList_Movie.15.Label))</visible>
			</item>
			<!--latest-->
			<item id="16">
				<label>$INFO[Window(Home).Property(LatestMovie.1.Title)]</label>
				<label2>$INFO[Window(Home).Property(LatestMovie.1.RunningTime),, $LOCALIZE[12391]]</label2>
				<property name="Fanart">$INFO[Window(Home).Property(LatestMovie.1.Fanart)]</property>
				<property name="Plot">$INFO[Window(Home).Property(LatestMovie.1.Plot)]</property>
				<property name="Info">$INFO[Window(Home).Property(LatestMovie.1.Year)]</property>
				<thumb>$INFO[Window(Home).Property(LatestMovie.1.Thumb)]</thumb>
				<onclick>PlayMedia($INFO[Window.Property(LatestMovie.1.Path)])</onclick>
			</item>
			<item id="17">
				<label>$INFO[Window(Home).Property(LatestMovie.2.Title)]</label>
				<label2>$INFO[Window(Home).Property(LatestMovie.2.RunningTime),, $LOCALIZE[12391]]</label2>
				<property name="Fanart">$INFO[Window(Home).Property(LatestMovie.2.Fanart)]</property>
				<property name="Plot">$INFO[Window(Home).Property(LatestMovie.2.Plot)]</property>
				<property name="Info">$INFO[Window(Home).Property(LatestMovie.2.Year)]</property>
				<thumb>$INFO[Window(Home).Property(LatestMovie.2.Thumb)]</thumb>
				<onclick>PlayMedia($INFO[Window.Property(LatestMovie.2.Path)])</onclick>
			</item>
			<item id="18">
				<label>$INFO[Window(Home).Property(LatestMovie.3.Title)]</label>
				<label2>$INFO[Window(Home).Property(LatestMovie.3.RunningTime),, $LOCALIZE[12391]]</label2>
				<property name="Fanart">$INFO[Window(Home).Property(LatestMovie.3.Fanart)]</property>
				<property name="Plot">$INFO[Window(Home).Property(LatestMovie.3.Plot)]</property>
				<property name="Info">$INFO[Window(Home).Property(LatestMovie.3.Year)]</property>
				<thumb>$INFO[Window(Home).Property(LatestMovie.3.Thumb)]</thumb>
				<onclick>PlayMedia($INFO[Window.Property(LatestMovie.3.Path)])</onclick>
			</item>
			<item id="19">
				<label>$INFO[Window(Home).Property(LatestMovie.4.Title)]</label>
				<label2>$INFO[Window(Home).Property(LatestMovie.4.RunningTime),, $LOCALIZE[12391]]</label2>
				<property name="Fanart">$INFO[Window(Home).Property(LatestMovie.4.Fanart)]</property>
				<property name="Plot">$INFO[Window(Home).Property(LatestMovie.4.Plot)]</property>
				<property name="Info">$INFO[Window(Home).Property(LatestMovie.4.Year)]</property>
				<thumb>$INFO[Window(Home).Property(LatestMovie.4.Thumb)]</thumb>
				<onclick>PlayMedia($INFO[Window.Property(LatestMovie.4.Path)])</onclick>
			</item>
			<item id="20">
				<label>$INFO[Window(Home).Property(LatestMovie.5.Title)]</label>
				<label2>$INFO[Window(Home).Property(LatestMovie.5.RunningTime),, $LOCALIZE[12391]]</label2>
				<property name="Fanart">$INFO[Window(Home).Property(LatestMovie.5.Fanart)]</property>
				<property name="Plot">$INFO[Window(Home).Property(LatestMovie.5.Plot)]</property>
				<property name="Info">$INFO[Window(Home).Property(LatestMovie.5.Year)]</property>
				<thumb>$INFO[Window(Home).Property(LatestMovie.5.Thumb)]</thumb>
				<onclick>PlayMedia($INFO[Window.Property(LatestMovie.5.Path)])</onclick>
			</item>
			<item id="21">
				<label>$INFO[Window(Home).Property(LatestMovie.6.Title)]</label>
				<label2>$INFO[Window(Home).Property(LatestMovie.6.RunningTime),, $LOCALIZE[12391]]</label2>
				<property name="Fanart">$INFO[Window(Home).Property(LatestMovie.6.Fanart)]</property>
				<property name="Plot">$INFO[Window(Home).Property(LatestMovie.6.Plot)]</property>
				<property name="Info">$INFO[Window(Home).Property(LatestMovie.6.Year)]</property>
				<thumb>$INFO[Window(Home).Property(LatestMovie.6.Thumb)]</thumb>
				<onclick>PlayMedia($INFO[Window.Property(LatestMovie.6.Path)])</onclick>
			</item>
			<item id="22">
				<label>$INFO[Window(Home).Property(LatestMovie.7.Title)]</label>
				<label2>$INFO[Window(Home).Property(LatestMovie.7.RunningTime),, $LOCALIZE[12391]]</label2>
				<property name="Fanart">$INFO[Window(Home).Property(LatestMovie.7.Fanart)]</property>
				<property name="Plot">$INFO[Window(Home).Property(LatestMovie.7.Plot)]</property>
				<property name="Info">$INFO[Window(Home).Property(LatestMovie.7.Year)]</property>
				<thumb>$INFO[Window(Home).Property(LatestMovie.7.Thumb)]</thumb>
				<onclick>PlayMedia($INFO[Window.Property(LatestMovie.7.Path)])</onclick>
			</item>
			<item id="23">
				<label>$INFO[Window(Home).Property(LatestMovie.8.Title)]</label>
				<label2>$INFO[Window(Home).Property(LatestMovie.8.RunningTime),, $LOCALIZE[12391]]</label2>
				<property name="Fanart">$INFO[Window(Home).Property(LatestMovie.8.Fanart)]</property>
				<property name="Plot">$INFO[Window(Home).Property(LatestMovie.8.Plot)]</property>
				<property name="Info">$INFO[Window(Home).Property(LatestMovie.8.Year)]</property>
				<thumb>$INFO[Window(Home).Property(LatestMovie.8.Thumb)]</thumb>
				<onclick>PlayMedia($INFO[Window.Property(LatestMovie.8.Path)])</onclick>
			</item>
			<item id="24">
				<label>$INFO[Window(Home).Property(LatestMovie.9.Title)]</label>
				<label2>$INFO[Window(Home).Property(LatestMovie.9.RunningTime),, $LOCALIZE[12391]]</label2>
				<property name="Fanart">$INFO[Window(Home).Property(LatestMovie.9.Fanart)]</property>
				<property name="Plot">$INFO[Window(Home).Property(LatestMovie.9.Plot)]</property>
				<property name="Info">$INFO[Window(Home).Property(LatestMovie.9.Year)]</property>
				<thumb>$INFO[Window(Home).Property(LatestMovie.9.Thumb)]</thumb>
				<onclick>PlayMedia($INFO[Window.Property(LatestMovie.9.Path)])</onclick>
			</item>
			<item id="25">
				<label>$INFO[Window(Home).Property(LatestMovie.10.Title)]</label>
				<label2>$INFO[Window(Home).Property(LatestMovie.10.RunningTime),, $LOCALIZE[12391]]</label2>
				<property name="Fanart">$INFO[Window(Home).Property(LatestMovie.10.Fanart)]</property>
				<property name="Plot">$INFO[Window(Home).Property(LatestMovie.10.Plot)]</property>
				<property name="Info">$INFO[Window(Home).Property(LatestMovie.10.Year)]</property>
				<thumb>$INFO[Window(Home).Property(LatestMovie.10.Thumb)]</thumb>
				<onclick>PlayMedia($INFO[Window.Property(LatestMovie.10.Path)])</onclick>
			</item>
		</content>
	</include>
	<include name="watchlist_Episodes">
		<content>
			<item id="1">
				<label>$INFO[Window(Home).Property(LatestEpisode.1.ShowTitle)]</label>
				<label2>$INFO[Window(Home).Property(LatestEpisode.1.Season),S, - ]$INFO[Window(Home).Property(LatestEpisode.1.Episode),E]</label2>
				<property name="Plot">$INFO[Window(Home).Property(LatestEpisode.1.Plot)]</property>
				<thumb>$INFO[Window(Home).Property(LatestEpisode.1.Thumb)]</thumb>
				<onclick>PlayMedia($INFO[Window.Property(LatestEpisode.1.Path)])</onclick>
			</item>
			<item id="2">
				<label>$INFO[Window(Home).Property(LatestEpisode.2.ShowTitle)]</label>
				<label2>$INFO[Window(Home).Property(LatestEpisode.2.Season),S, - ]$INFO[Window(Home).Property(LatestEpisode.2.Episode),E]</label2>
				<property name="Plot">$INFO[Window(Home).Property(LatestEpisode.2.Plot)]</property>
				<thumb>$INFO[Window(Home).Property(LatestEpisode.2.Thumb)]</thumb>
				<onclick>PlayMedia($INFO[Window.Property(LatestEpisode.2.Path)])</onclick>
			</item>
			<item id="3">
				<label>$INFO[Window(Home).Property(LatestEpisode.3.ShowTitle)]</label>
				<label2>$INFO[Window(Home).Property(WatchList.3.Season),S, - ]$INFO[Window(Home).Property(WatchList.3.Episode),E]</label2>
				<property name="Plot">$INFO[Window(Home).Property(LatestEpisode.3.Plot)]</property>
				<thumb>$INFO[Window(Home).Property(LatestEpisode.3.Thumb)]</thumb>
				<onclick>PlayMedia($INFO[Window.Property(LatestEpisode.3.Path)])</onclick>
			</item>
			<item id="4">
				<label>$INFO[Window(Home).Property(LatestEpisode.4.ShowTitle)]</label>
				<label2>$INFO[Window(Home).Property(WatchList.4.Season),S, - ]$INFO[Window(Home).Property(WatchList.1.Episode),E]</label2>
				<property name="Plot">$INFO[Window(Home).Property(LatestEpisode.4.Plot)]</property>
				<thumb>$INFO[Window(Home).Property(LatestEpisode.4.Thumb)]</thumb>
				<onclick>PlayMedia($INFO[Window.Property(LatestEpisode.4.Path)])</onclick>
			</item>
			<item id="5">
				<label>$INFO[Window(Home).Property(LatestEpisode.5.Title)]</label>
				<label2>$INFO[Window(Home).Property(LatestEpisode.5.RunningTime),, $LOCALIZE[12391]]</label2>
				<property name="Plot">$INFO[Window(Home).Property(LatestEpisode.5.Plot)]</property>
				<thumb>$INFO[Window(Home).Property(LatestEpisode.5.Thumb)]</thumb>
				<onclick>PlayMedia($INFO[Window.Property(LatestEpisode.5.Path)])</onclick>
			</item>
			<item id="6">
				<label>$INFO[Window(Home).Property(LatestEpisode.6.Title)]</label>
				<label2>$INFO[Window(Home).Property(LatestEpisode.6.RunningTime),, $LOCALIZE[12391]]</label2>
				<property name="Plot">$INFO[Window(Home).Property(LatestEpisode.6.Plot)]</property>
				<thumb>$INFO[Window(Home).Property(LatestEpisode.6.Thumb)]</thumb>
				<onclick>PlayMedia($INFO[Window.Property(LatestEpisode.6.Path)])</onclick>
			</item>
			<item id="7">
				<label>$INFO[Window(Home).Property(LatestEpisode.7.Title)]</label>
				<label2>$INFO[Window(Home).Property(LatestEpisode.7.RunningTime),, $LOCALIZE[12391]]</label2>
				<property name="Plot">$INFO[Window(Home).Property(LatestEpisode.7.Plot)]</property>
				<thumb>$INFO[Window(Home).Property(LatestEpisode.7.Thumb)]</thumb>
				<onclick>PlayMedia($INFO[Window.Property(LatestEpisode.7.Path)])</onclick>
			</item>
		</content>
	</include>
</includes>