﻿<includes>
	<include name="PageControls">
	<!---list, banner------>
		<control type="scrollbar" id="70">
			<posx>1245</posx>
			<posy>89</posy>
			<height>601</height>
			<onleft>50</onleft>
			<animation effect="slide" start="0,0" end="0,3" time="0" condition="Control.IsVisible(541)">Conditional</animation>
			<enable>Skin.HasSetting(scrollbar.enable)</enable>
			<visible allowhiddenfocus="true">[[Control.IsVisible(50) + !Window.IsActive(600)] | Control.IsVisible(541)] + [Skin.HasSetting(scrollbar.enable) + !Skin.HasSetting(scrollbar.hide) | Skin.HasSetting(scrollbar.hide) + Control.HasFocus(70)]</visible>
		</control>
<!---big list------>
		<control type="scrollbar" id="71">
			<posx>1245</posx>
			<posy>102</posy>
			<height>582</height>
			<onleft>50</onleft>
			<visible allowhiddenfocus="true">[Control.IsVisible(51)] + [Skin.HasSetting(scrollbar.enable) + !Skin.HasSetting(scrollbar.hide) | Skin.HasSetting(scrollbar.hide) + Control.HasFocus(71)]</visible>
		</control>
<!---slide------>
		<control type="scrollbar" id="72">
			<description></description>
			<posx>30</posx>
			<posy>395</posy>
			<width>1220</width>
			<onup>50</onup>
			<orientation>horizontal</orientation>
			<include>scrollbar_X</include>
			<animation effect="slide" end="0,-34" time="0" condition="[Container.Content(episodes)] + Control.IsVisible(58)">Conditional</animation>
			<animation effect="slide" end="0,8" time="0" condition="[Container.Content(albums) + Control.IsVisible(52)]">Conditional</animation>
			<animation effect="slide" end="0,-12" time="0" condition="[Container.Content(files) | Container.Content(musicvideos)] + Control.IsVisible(58)">Conditional</animation>
			<visible allowhiddenfocus="true">[Control.IsVisible(52) | Control.IsVisible(55) | Control.IsVisible(58) | Control.IsVisible(521)] + [Skin.HasSetting(scrollbar.enable) + !Skin.HasSetting(scrollbar.hide) | Skin.HasSetting(scrollbar.hide) + Control.HasFocus(72)]</visible>
		</control>
<!---thumbnails------>
		<control type="scrollbar" id="83">
			<posx>1245</posx>
			<posy>102</posy>
			<height>498</height>
			<onleft>50</onleft>
			<animation effect="slide" end="0,6" time="0" condition="Window.IsActive(2)">Conditional</animation>
			<visible allowhiddenfocus="true">[Control.IsVisible(57) | Control.IsVisible(573)] + [Skin.HasSetting(scrollbar.enable) + !Skin.HasSetting(scrollbar.hide) | Skin.HasSetting(scrollbar.hide) + Control.HasFocus(83)]</visible>
		</control>
		<control type="scrollbar" id="85">
			<posx>1245</posx>
			<posy>130</posy>
			<height>525</height>
			<onleft>50</onleft>
			<visible allowhiddenfocus="true">Control.IsVisible(575) + [Skin.HasSetting(scrollbar.enable) + !Skin.HasSetting(scrollbar.hide) | Skin.HasSetting(scrollbar.hide) + Control.HasFocus(85)]</visible>
		</control>
<!--thumbnails albums, artists------>
		<control type="scrollbar" id="76">
			<posx>1245</posx>
			<posy>118</posy>
			<height>492</height>
			<onleft>50</onleft>
			<visible allowhiddenfocus="true">[Container.Content(albums) | Container.Content(artists) | Container.Content(songs)] + [Control.IsVisible(573) | Control.IsVisible(572)] + [Skin.HasSetting(scrollbar.enable) + !Skin.HasSetting(scrollbar.hide) | Skin.HasSetting(scrollbar.hide) + Control.HasFocus(76)]</visible>
		</control>
<!---thumbnails small grid------>
		<control type="scrollbar" id="78">
			<description>thumbnails info</description>
			<posx>1245</posx>
			<posy>113</posy>
			<height>552</height>
			<onleft>50</onleft>
			<visible allowhiddenfocus="true">!Control.IsVisible(50) + [Control.IsVisible(571) | Control.IsVisible(574)] + [Skin.HasSetting(scrollbar.enable) + !Skin.HasSetting(scrollbar.hide) | Skin.HasSetting(scrollbar.hide) + Control.HasFocus(78)]</visible>
		</control>
<!---live tv list------>
		<control type="scrollbar" id="79">
			<posx>1245</posx>
			<posy>92</posy>
			<height>580</height>
			<onleft>11</onleft>
			<animation effect="fade" start="100" end="10" time="150" condition="ControlGroup(6000).HasFocus()">Conditional</animation>
			<visible allowhiddenfocus="true">Window.IsActive(600) + [Control.IsVisible(11) | Control.IsVisible(13)] + [Skin.HasSetting(scrollbar.enable) + !Skin.HasSetting(scrollbar.hide) | Skin.HasSetting(scrollbar.hide) + Control.HasFocus(79)]</visible>
		</control>
<!---live tv guide------>
		<control type="scrollbar" id="80">
			<description>live tv guide</description>
			<posx>1245</posx>
			<posy>165</posy>
			<height>350</height>
			<onleft>11</onleft>
			<animation effect="fade" start="100" end="10" time="150" condition="ControlGroup(6000).HasFocus()">Conditional</animation>
			<visible allowhiddenfocus="true">[Window.IsActive(600) + [Control.IsVisible(16)]] + [Skin.HasSetting(scrollbar.enable) + !Skin.HasSetting(scrollbar.hide) | Skin.HasSetting(scrollbar.hide) + Control.HasFocus(80)]</visible>
		</control>
	</include>	
</includes>