﻿<window id="131">
	<defaultcontrol>5</defaultcontrol>
	<include>dialogOpen</include>
	<coordinates>
		<system>1</system>
		<posx>340</posx>
		<posy>120</posy>
	</coordinates>
	<controls>
		<control type="image">
			<width>600</width>
			<height>494</height>
			<include>dialogWindow</include>
		</control>
		<control type="label" id="2">
			<width>532</width>
			<include>dialog_Windowtitle</include>
		</control>
		<control type="group">
			<posx>19</posx>
			<posy>75</posy>
			<control type="image">
				<width>563</width>
				<include>dialog_Separator</include>
			</control>
			<control type="spincontrol" id="60">
				<visible>false</visible>
			</control>
			<!--control area-->
			<control type="grouplist" id="5">
				<width>563</width>
				<height>320</height>
				<itemgap>0</itemgap>
				<pagecontrol>60</pagecontrol>
				<onleft>28</onleft>
				<onright>60</onright>
				<onup>28</onup>
				<ondown>28</ondown>
			</control>
		</control>
	<!---defaults------>
		<control type="button" id="7">
			<include>dialog_Button-list</include>
		</control>
		<control type="radiobutton" id="8">
			<include>dialog_Radio</include>
		</control>
		<control type="spincontrolex" id="9">
			<include>dialog_Spin</include>
		</control>
	<!---dialog controls------>
		<control type="group" id="9001">
			<posx>14</posx>
			<posy>415</posy>
			<!--ok-->
			<control type="button" id="28">
				<posx>302</posx>
				<label>$LOCALIZE[186]</label>
				<onleft>29</onleft>
				<onright>29</onright>
				<onup>5</onup>
				<ondown>5</ondown>
				<include>dialog_Button</include>
			</control>
			<!--cancel-->
			<control type="button" id="29">
				<posx>432</posx>
				<label>$LOCALIZE[222]</label>
				<onleft>28</onleft>
				<onright>28</onright>
				<onup>5</onup>
				<ondown>5</ondown>
				<include>dialog_Button</include>
			</control>
		</control>
	</controls>
</window>