﻿<window id="28">
	<defaultcontrol always="true">50</defaultcontrol>
	<allowoverlay>no</allowoverlay>
	<controls>
		<include>global_Background</include>
		<include>global_Includes</include>
		<include>menu_Playlist</include>
		<include>view_List</include>
		<include>PageControls</include>
		<include>transition_Container</include>
		<include>infoDialogHide</include>
		<include>contextMenuHide</include>
		<include>windowTitle_Playlists</include>
		<include>nav_Indicator</include>

		<control type="group">
			<posx>685</posx>
			<posy>100</posy>
			<include>infoDialogHide</include>
			<include>transition_Container</include>
			<include>contextMenuHide</include>
			<visible>Player.HasVideo</visible>
			<control type="image">
				<width>510</width>
				<height>287</height>
				<texture>black.png</texture>
				<visible>Player.HasVideo</visible>
			</control>
			<control type="videowindow">
				<width>510</width>
				<height>287</height>
				<visible>Player.HasVideo + !ControlGroup(9000).HasFocus(0) + !Window.IsActive(2003)</visible>
			</control>
			<control type="grouplist">
				<posy>310</posy>
				<itemgap>0</itemgap>
				<control type="label" id="1">
					<width>510</width>
					<label>$INFO[VideoPlayer.Title]</label>
					<include>info_Title</include>
				</control>
				<control type="label" id="1">
					<width>510</width>
					<label>$INFO[VideoPlayer.Label]</label>
					<include>info_Title</include>
					<visible>IsEmpty(VideoPlayer.Title)</visible>
				</control>
				<control type="label" id="1">
					<width>510</width>
					<label>$INFO[VideoPlayer.Time(hh:mm:ss),, / ]$INFO[VideoPlayer.Duration(hh:mm:ss),, • ]$LOCALIZE[31068] $INFO[Player.FinishTime]</label>
					<include>info_Sub</include>
				</control>
				<control type="textbox" id="4">
					<width>510</width>
					<height>220</height>
					<aligny>top</aligny>
					<label>$INFO[VideoPlayer.Plot]</label>
					<textcolor>Color7</textcolor>
					<font>descriptionSmall</font>
				</control>
			</control>
		</control>
	</controls>
</window>