﻿<includes>
<!---GLOBAL------>
	<variable name="global_Clock.Formats">
		<value condition="substring(system.time,AM,right)">[B]$INFO[System.Time(h),,:]$INFO[System.Time(mm)][/B]AM</value>
		<value condition="substring(system.time,PM,right)">[B]$INFO[System.Time(h),,:]$INFO[System.Time(mm)][/B]PM</value>
		<value>[B]$INFO[System.Time][/B]</value>
	</variable>
	<variable name="global_Plot.Condition">
		<value condition="Container.Content(artists)">$INFO[ListItem.Property(Artist_Description)]</value>
		<value condition="Container.Content(albums)">$INFO[ListItem.Property(Album_Description)]</value>
		<value condition="Container.Content(seasons) + !IsEmpty(ListItem.Title) + !IsEmpty(ListItem.Property(UnWatchedEpisodes))">$INFO[Container.ShowPlot]</value>
		<value condition="!IsEmpty(ListItem.Plotoutline)">$INFO[ListItem.Plotoutline]</value>
		<value>$INFO[ListItem.Plot]</value>
	</variable>
	<variable name="global_Background.Fallback">
		<value condition="[Container.Content(movies) | Window.IsActive(21) | Window.IsActive(22) | Window.IsActive(23) | Window.IsActive(24) | Window.IsActive(25)]">backgrounds/movies.jpg</value>
		<value condition="[Container.Content(tvshows) | Container.Content(seasons)  | Container.Content(episodes) | stringcompare(container.folderpath,videodb://2/) | stringcompare(container.folderpath,videodb://5/)]">backgrounds/tvshows.jpg</value>
		<value condition="[Window.IsActive(600) | Window.IsActive(tvsettings)]">backgrounds/livetv.jpg</value>
		<value condition="[Window.IsActive(501) | Window.IsActive(502)]">backgrounds/music.jpg</value>
		<value condition="Window.IsActive(2) + !Control.IsVisible(531)">backgrounds/pictures.jpg</value>
		<value condition="Window.IsActive(programs)">backgrounds/programs.jpg</value>
		<value condition="Window.IsActive(weather) + !Skin.HasSetting(fanart.weather)">backgrounds/weather.jpg</value>
		<value condition="[Window.IsActive(picturessettings) | Window.IsActive(appearancesettings) | Window.IsActive(networksettings) | Window.IsActive(videossettings) | Window.IsActive(systemsettings) | Window.IsActive(musicsettings) | Window.IsActive(weathersettings) | Window.IsActive(programssettings) | Window.IsActive(picturessettings) | Window.IsActive(filemanager) | Window.IsActive(settings) | Window.IsActive(systeminfo) | Window.IsActive(profiles)]">backgrounds/settings.jpg</value>
		<value condition="Window.IsActive(59)">backgrounds/skin.jpg</value>
		<value condition="Window.IsActive(addonbrowser)">backgrounds/addons.jpg</value>
		<value condition="!Control.IsVisible(56)">$INFO[ListItem.Property(Fanart_Image)]</value>
	</variable>

<!---VIEWS------>
	<variable name="global_Title.Video">
		<value condition="Container.Content(episodes) + [stringcompare(Container.FolderPath,videodb://5/) | SubString(Container.FolderPath,special://skin/playlists/)] + !IsEmpty(ListItem.Title)">$INFO[ListItem.TVShowTitle]$INFO[ListItem.Title,: ]</value>
		<value condition="Container.Content(episodes) + !IsEmpty(ListItem.Title)">$INFO[ListItem.Title]</value>
		<value>$INFO[ListItem.Label]</value>
	</variable>
	<variable name="global_Info.Video">
		<!--is movie set--><value condition="Container.Content(movies) + ListItem.IsFolder + SubString(Container.FolderPath,videodb) + !IsEmpty(ListItem.Title)">$LOCALIZE[20338] $LOCALIZE[20141]</value>
		<!--movies--><value condition="Container.Content(movies)">$INFO[ListItem.Year,, • ]$INFO[ListItem.Duration,, $LOCALIZE[31100]]$INFO[ListItem.Genre, • ]</value>
		<!--nextaired--><value condition="Container.Content(tvshows) + !IsEmpty(Window(Home).Property(NextAired.Label))">$INFO[ListItem.Property(UnWatchedEpisodes),, $LOCALIZE[16101] $LOCALIZE[20360]]$INFO[Window(Home).Property(NextAired.NextDate), • $LOCALIZE[31069] ]</value>
		<!--tvshows--><value condition="Container.Content(tvshows) + IsEmpty(Window(Home).Property(NextAired.Label))">$INFO[ListItem.Property(UnWatchedEpisodes),, $LOCALIZE[16101] $LOCALIZE[20360]]</value>
		<!--is linked movie--><value condition="[Container.Content(seasons) + IsEmpty(ListItem.Property(UnWatchedEpisodes))] | [Container.Content(episodes) + IsEmpty(ListItem.Episode)] + !IsEmpty(ListItem.Title)">$INFO[ListItem.Genre]</value>
		<!--seasons--><value condition="Container.Content(seasons)">$INFO[ListItem.Property(UnWatchedEpisodes),, $LOCALIZE[16101] $LOCALIZE[20360]]</value>
		<!--episodes--><value condition="Container.Content(episodes)">$INFO[ListItem.Season,$LOCALIZE[20373] , - ]$INFO[ListItem.Episode,$LOCALIZE[20359] ]$INFO[ListItem.Premiered, • ]</value>
		<!--music videos--><value condition="Container.Content(musicvideos)">$INFO[ListItem.Artist]$INFO[ListItem.Album, • ]</value>
		<!--addons--><value condition="Container.Content(addons)">$INFO[ListItem.Property(Addon.Summary)]</value>
		<!--files--><value condition="Container.Content(files) + !SubString(Container.FolderPath,plugin://)">$INFO[ListItem.Date]$INFO[ListItem.Size, • ]$INFO[ListItem.Duration, • ]</value>
		<value>$INFO[ListItem.Label2]</value>
	</variable>

	<variable name="global_Title.Music">
		<value condition="Container.Content(songs) + ![SubString(Container.FolderPath,musicdb://4/) | SubString(Container.FolderPath,musicdb://10/)] + !SubString(ListItem.Icon,default)">$INFO[ListItem.Tracknumber,, - ]$INFO[ListItem.Title]</value>
		<value condition="[SubString(Container.FolderPath,musicdb://4/) | SubString(Container.FolderPath,musicdb://10/)] + !SubString(ListItem.Icon,default)">$INFO[ListItem.Title]</value>
		<value condition="Container.Content(addons) + !IsEmpty(ListItem.Title)">$INFO[ListItem.Property(Addon.Summary)]</value>
		<value>$INFO[ListItem.Label]</value>
	</variable>

	<variable name="global_Info.Addon">
		<!--amt--><value condition="Container.Content(movies) + !IsEmpty(ListItem.Property(ReleaseDate))">$INFO[ListItem.Property(ReleaseDate)]</value>
		<value condition="[Container.Content(movies) | Container.Content(tvshows)] + !IsEmpty(ListItem.Duration)">$INFO[ListItem.Duration,, $LOCALIZE[31100]]$INFO[ListItem.Genre, • ]</value>
		<value condition="[Container.Content(movies) | Container.Content(tvshows)] + IsEmpty(ListItem.Duration) + !IsEmpty(ListItem.Genre)">$INFO[ListItem.Genre]</value>
		<value>$INFO[ListItem.Label2]</value>
	</variable>

	<variable name="tvshow_Info.NextAired">
		<value condition="Container.Content(tvshows) + !IsEmpty(Window(Home).Property(NextAired.Label))">$INFO[Window(Home).Property(NextAired.NextDate),$LOCALIZE[31069] ]</value>
		<value>$LOCALIZE[31089] $INFO[ListItem.Episode] $LOCALIZE[20360]</value>
	</variable>

	<variable name="movie_Info.Date">
		<value condition="Container.Content(movies) + !IsEmpty(ListItem.Property(ReleaseDate))">$INFO[ListItem.Property(ReleaseDate)]</value>
		<value>$INFO[ListItem.Year,, • ]$INFO[ListItem.Duration,, $LOCALIZE[31100]]</value>
	</variable>

	<variable name="global_Info.Music">
		<value condition="Container.Content(artists)">$INFO[ListItem.Property(Artist_Genre)]</value>
		<value condition="Container.Content(albums) | Container.Content(musicvideos)">$INFO[ListItem.Artist]$INFO[ListItem.Year, • ]</value>
		<value condition="Container.Content(songs)">$INFO[ListItem.Artist]$INFO[ListItem.Album, • ]</value>
		<value condition="Container.Content(addons) + !IsEmpty(ListItem.Property(Addon.Summary))">$INFO[ListItem.Property(Addon.Summary)]</value>
		<value>$INFO[ListItem.Label2]</value>
	</variable>
	<variable name="global_Info.Playlist">
		<value condition="IsEmpty(ListItem.Title)">$INFO[ListItem.Date]$INFO[ListItem.Size, • ]</value>
		<value condition="!IsEmpty(ListItem.TVShowTitle) + IsEmpty(ListItem.Artist)">$INFO[ListItem.TVShowTitle,,: ]$INFO[ListItem.Season,$LOCALIZE[20373] , -] $INFO[ListItem.Episode,$LOCALIZE[20359] ]</value>
		<value condition="IsEmpty(ListItem.TVShowTitle) + IsEmpty(ListItem.Artist)">$INFO[ListItem.Genre]</value>
		<value condition="!IsEmpty(ListItem.Artist)">$INFO[ListItem.Artist]</value>
		<value condition="WIsEmpty(ListItem.TVShowTitle) + IsEmpty(ListItem.Artist) + IsEmpty(Listitem.Genre)">$INFO[ListItem.Path]</value>
		<value>$INFO[ListItem.Label2]</value>
	</variable>
	<variable name="global_Info.Files">
		<value condition="Window.IsActive(pictures)">$INFO[ListItem.Date]$INFO[ListItem.PictureResolution, • ]</value>
		<value condition="Window.IsActive(programs)">$INFO[ListItem.Property(Addon.Summary)]</value>
		<value condition="Window.IsActive(addonbrowser)">$INFO[ListItem.Property(Addon.Version),$LOCALIZE[24051] ]$INFO[ListItem.Property(Addon.Status), • ]</value>
		<!--<value condition="!Window.IsActive(addonbrowser) + Substring(Container.FolderPath,addons://)">$INFO[ListItem.Property(Addon.Summary)]</value>-->
		<value>$INFO[ListItem.Label2]</value>
	</variable>

<!---IMAGES------>
	<variable name="thumb_Landscape.Condition">
		<value condition="!IsEmpty(ListItem.Property(Fanart_Image)) + ![Container.Content(episodes) | Container.Content(musicvideos)]">$INFO[ListItem.Property(Fanart_Image)]</value>
		<value condition="IsEmpty(ListItem.Property(Fanart_Image)) + IsEmpty(listItem.Thumb) + Container.Content(movies)">thumbs/movie_landscape.jpg</value>
		<value condition="IsEmpty(ListItem.Property(Fanart_Image)) + IsEmpty(listItem.Thumb) + Container.Content(tvshows)">thumbs/tvshow_landscape.jpg</value>
		<value condition="IsEmpty(ListItem.Property(Fanart_Image)) + IsEmpty(listItem.Thumb) + Container.Content(artists)">thumbs/artist_landscape.png</value>
		<value condition="Container.Content(musicvideos) + IsEmpty(ListItem.Thumb)">thumbs/music_landscape.jpg</value>
		<value condition="Container.Content(episodes) + IsEmpty(ListItem.Thumb)">thumbs/tvshow_landscape.jpg</value>
		<value condition="Window.IsActive(pictures) + IsEmpty(ListItem.Thumb)">thumbs/picture_landscape.jpg</value>
		<value condition="Container.Content(files) + IsEmpty(ListItem.Thumb)">thumbs/video_landscape.png</value>
		<value>$INFO[ListItem.Thumb]</value>
	</variable>	
	<variable name="thumb_Portrait.Condition">
		<value condition="IsEmpty(ListItem.Thumb) + Container.Content(movies)">thumbs/movie_portrait.jpg</value>
		<value condition="IsEmpty(ListItem.Thumb) + [Container.Content(tvshows) | Container.Content(seasons)]">thumbs/tvshow_portrait.jpg</value>
		<value condition="IsEmpty(ListItem.Thumb) + Container.Content(actors)">thumbs/actor_portrait.jpg</value>
		<value>$INFO[ListItem.Thumb]</value>
	</variable>
	<variable name="thumb_Square.Condition">
		<value condition="Container.Content(albums) + IsEmpty(ListItem.Thumb)">thumbs/album.png</value>
		<value condition="Container.Content(artists) + IsEmpty(ListItem.Thumb)">thumbs/artist.png</value>
		<value condition="Container.Content(songs) + IsEmpty(ListItem.Thumb)">thumbs/album.png</value>
		<value condition="[Container.Content(files) | Container.Content(addons)] + IsEmpty(ListItem.Thumb)">thumbs/addon.png</value>
		<value>$INFO[ListItem.Thumb]</value>
	</variable>
	<variable name="view_Banner.Thumb">
		<value condition="!Skin.HasSetting(banners.local)">$INFO[ListItem.Thumb]</value>
		<value>$INFO[ListItem.path]banner.jpg</value>
	</variable>
	<variable name="global_Rating.Condition">
		<value condition="!IsEmpty(ListItem.Artist) | !IsEmpty(ListItem.Title)">$INFO[ListItem.StarRating]</value>
		<value condition="Container.Content(addons) | SubString(Container.FolderPath,addons)">$INFO[ListItem.Property(Addon.StarRating)]</value>
	</variable>

<!---FLAGS------>
	<variable name="flag_Studio">
		<value condition="Container.Content(movies)">$INFO[Listitem.studio,flags/studios/,.png]</value>
		<value condition="Container.Content(tvshows) | Container.Content(seasons) | Container.Content(episodes)">$INFO[Listitem.studio,flags/networks/,.png]</value>
		<value condition="Container.Content(musicvideos)">$INFO[Listitem.studio,flags/labels/,.png]</value>
		<value condition="Window.IsVisible(musiclibrary)">$INFO[Listitem.Property(Album_Label),flags/labels/,.png]</value>
	</variable>
	<variable name="flag_Studio.player">
		<value condition="VideoPlayer.Content(movies)">$INFO[VideoPlayer.studio,flags/studios/,.png]</value>
		<value condition="VideoPlayer.Content(episodes)">$INFO[VideoPlayer.studio,flags/networks/,.png]</value>
		<value condition="VideoPlayer.Content(musicvideos)">$INFO[VideoPlayer.studio,flags/labels/,.png]</value>
		<value condition="VideoPlayer.Content(livetv)">$INFO[VideoPlayer.ChannelName,flags/networks/,.png]</value>
		<value condition="VideoPlayer.Content(files)">$INFO[VideoPlayer.VideoCodec,flags/codec/,.png]</value>
		<value condition="VideoPlayer.Content(files)">$INFO[MusicPlayer.Property(Album_Label),flags/labels/,.png]</value>
	</variable>

<!---WINDOW TITLES------>
	<variable name="window_Title.Video">
		<!--video sources-->
		<value condition="[Container.Content(Files) | SubString(Container.FolderPath,plugin://plugin.video)] + !SubString(Container.FolderPath,plugin://plugin.video.apple) + !StringCompare(Container.FolderPath,special://profile/playlists/video/)">$LOCALIZE[157] [COLOR=Color2]$INFO[Container.FolderName][/COLOR]</value>
		<!--movies, tv shows, music videos sources-->
		<value condition="[Container.Content(movies) | Container.Content(tvshows) | Container.Content(musicvideos) | Container.Content(episodes)] + ![SubString(Container.FolderPath,videodb://) | SubString(Container.FolderPath,special://profile/playlists/video/) | SubString(Container.FolderPath,special://skin) | SubString(Container.FolderPath,plugin)]">$LOCALIZE[157] [COLOR=Color2]$INFO[Container.FolderName][/COLOR]</value>
		<!--movies node-->
		<value condition="stringcompare(Container.FolderPath,videodb://1/)">$LOCALIZE[342]</value>
		<!--tv shows node-->
		<value condition="stringcompare(Container.FolderPath,videodb://2/)">$LOCALIZE[20343]</value>
		<!--music videos node-->
		<value condition="stringcompare(Container.FolderPath,videodb://3/)">$LOCALIZE[20389]</value>
		<!--movies videodb-->
		<value condition="SubString(Container.FolderPath,videodb://1/) + !stringcompare(Container.FolderPath,videodb://1/)">$LOCALIZE[342] [COLOR=Color2]$INFO[Container.FolderName][/COLOR]</value>
		<!--movies videodb new-->
		<value condition="SubString(Container.FolderPath,videodb://4/)">$LOCALIZE[31926]</value>
		<!--unwatched movies-->
		<value condition="SubString(Container.FolderPath,special://skin/playlists/Unwatched Movies.xsp)">$LOCALIZE[342] [COLOR=Color2]$LOCALIZE[16101][/COLOR]</value>
		<!--movies in progress-->
		<value condition="SubString(Container.FolderPath,special://skin/playlists/Movies In Progress.xsp)">$LOCALIZE[342] [COLOR=Color2]$LOCALIZE[575][/COLOR]</value>
		<!--movies trailers-->
		<value condition="SubString(Container.FolderPath,plugin://plugin.video.apple)">$LOCALIZE[20338] [COLOR=Color2]$LOCALIZE[31011][/COLOR]</value>
		<!--tvshows videodb-->
		<value condition="Container.Content(tvshows)">$LOCALIZE[20343] [COLOR=Color2]$INFO[Container.FolderName][/COLOR]</value>

		<!--seasons-->
		<value condition="Container.Content(seasons) + !IsEmpty(Container().ListItem(0).TVShowTitle)">$INFO[ListItem.TVShowTitle] [COLOR=Color2]$LOCALIZE[33054][/COLOR]</value>
		<!--seasons folderback--><value condition="Container.Content(seasons) + IsEmpty(Container().ListItem(0).TVShowTitle)">$INFO[Container().ListItem(1).TVShowTitle]</value>

		<!--episodes videodb-->
		<value condition="Container.Content(episodes) + SubString(Container.FolderPath,videodb) + !IsEmpty(Container().ListItem(0).TVShowTitle) + !StringCompare(Container.FolderName,$LOCALIZE[20366]) + ![stringcompare(Container.FolderPath,videodb://5/) | SubString(Container.FolderPath,special://profile/playlists/video/)]">$INFO[ListItem.TVShowTitle] [COLOR=Color2]$LOCALIZE[20373] $INFO[ListItem.Season][/COLOR]</value>
		<value condition="Container.Content(episodes) + SubString(Container.FolderPath,videodb) + !IsEmpty(Container().ListItem(0).TVShowTitle) + StringCompare(Container.FolderName,$LOCALIZE[20366]) + ![stringcompare(Container.FolderPath,videodb://5/) | SubString(Container.FolderPath,special://profile/playlists/video/)]">$INFO[ListItem.TVShowTitle]</value>
		<!--episodes folderback--><value condition="Container.Content(episodes) + SubString(Container.FolderPath,videodb) + IsEmpty(Container().ListItem(0).TVShowTitle) + ![stringcompare(Container.FolderPath,videodb://5/) | SubString(Container.FolderPath,special://profile/playlists/video/)]">$INFO[Container().ListItem(1).TVShowTitle]</value>
		
		<!--episodes videodb new-->
		<value condition="SubString(Container.FolderPath,videodb://5)">$LOCALIZE[31925]</value>
		<!--unwatched episodes-->
		<value condition="SubString(Container.FolderPath,special://skin/playlists/Unwatched Episodes.xsp)">$LOCALIZE[20360] [COLOR=Color2]$LOCALIZE[16101][/COLOR]</value>
		<!--episodes in progress-->
		<value condition="SubString(Container.FolderPath,special://skin/playlists/Episodes In Progress.xsp)">$LOCALIZE[20360] [COLOR=Color2]$LOCALIZE[575][/COLOR]</value>
		<!--music videos videodb-->
		<value condition="SubString(Container.FolderPath,videodb://3/) + !stringcompare(Container.FolderPath,videodb://3/)">$LOCALIZE[20389] [COLOR=Color2]$INFO[Container.FolderName][/COLOR]</value>
		<!--music videos videodb new-->
		<value condition="SubString(Container.FolderPath,videodb://6/)">$LOCALIZE[31931]</value>
		<!--playlists-->
		<value condition="SubString(Container.FolderPath,special://videoplaylists/)">$LOCALIZE[157] [COLOR=Color2]$LOCALIZE[136][/COLOR]</value>
		<value condition="SubString(Container.FolderPath,special://profile/playlists/video/)">$LOCALIZE[559] [COLOR=Color2]$INFO[Container.FolderName][/COLOR]</value>
		<!--add-ons-->
		<value condition="Container.Content(addons) + !SubString(Container.FolderPath,plugin://plugin.video.apple)">$LOCALIZE[157] [COLOR=Color2]$LOCALIZE[24001][/COLOR]</value>
	</variable>
	<variable name="window_Title.Music">
		<!--music sources-->
		<value condition="Container.Content(Files) | SubString(Container.FolderPath,plugin)">$LOCALIZE[2] [COLOR=Color2]$INFO[Container.FolderName][/COLOR]</value>
		<!--musicdb-->
		<value condition="![SubString(Container.FolderPath,musicdb://6/) | SubString(Container.FolderPath,musicdb://7/)]">$LOCALIZE[2] [COLOR=Color2]$INFO[Container.FolderName][/COLOR]</value>
		<!--new albums-->
		<value condition="SubString(Container.FolderPath,musicdb://6/)">$LOCALIZE[31932]</value>
		<!--recently played albums-->
		<value condition="SubString(Container.FolderPath,musicdb://7/)">$LOCALIZE[31941]</value>
	</variable>
	<variable name="window_Title.System">
		<value condition="Window.IsActive(settings)">xbmc [COLOR=Color2]$LOCALIZE[10004][/COLOR]</value>
		<value condition="Window.IsActive(systeminfo)">$LOCALIZE[31968]</value>
		<value condition="Window.IsActive(profiles)">$LOCALIZE[5] [COLOR=Color2]$LOCALIZE[13200][/COLOR]</value>
		<value condition="Window.IsActive(appearancesettings)">$LOCALIZE[480] [COLOR=Color2]$LOCALIZE[5][/COLOR]</value>
		<value condition="Window.IsActive(videossettings)">$LOCALIZE[157] [COLOR=Color2]$LOCALIZE[5][/COLOR]</value>
		<value condition="Window.IsActive(programssettings)">$LOCALIZE[0] [COLOR=Color2]$LOCALIZE[5][/COLOR]</value>
		<value condition="Window.IsActive(musicsettings)">$LOCALIZE[2] [COLOR=Color2]$LOCALIZE[5][/COLOR]</value>
		<value condition="Window.IsActive(picturessettings)">$LOCALIZE[1] [COLOR=Color2]$LOCALIZE[5][/COLOR]</value>
		<value condition="Window.IsActive(networksettings)">$LOCALIZE[705] [COLOR=Color2]$LOCALIZE[5][/COLOR]</value>
		<value condition="Window.IsActive(weathersettings)">$LOCALIZE[12600] [COLOR=Color2]$LOCALIZE[5][/COLOR]</value>
		<value condition="Window.IsActive(systemsettings)">$LOCALIZE[13000] [COLOR=Color2]$LOCALIZE[5][/COLOR]</value>
		<value condition="Window.IsActive(tvsettings)">$LOCALIZE[19020] [COLOR=Color2]$LOCALIZE[5][/COLOR]</value>
	</variable>
	<variable name="window_Title.Addons">
		<value condition="SubString(Container.FolderPath,addons://enabled/)">$LOCALIZE[24062]</value>
		<value condition="SubString(Container.FolderPath,addons://disabled/)">$LOCALIZE[24039]</value>
		<value condition="SubString(Container.FolderPath,addons://downloading/)">$LOCALIZE[24067]</value>
		<value condition="SubString(Container.FolderPath,addons://outdated/)">$LOCALIZE[24043]</value>
		<value condition="SubString(Container.FolderPath,addons://repos/)">$LOCALIZE[24000] [COLOR=Color2]$LOCALIZE[31121][/COLOR]</value>
		<value condition="SubString(Container.FolderPath,addons://all/)">[COLOR=Color2]$LOCALIZE[593][/COLOR] $LOCALIZE[24001]</value>
		<value condition="SubString(Container.FolderPath,addons://all/) + !stringcompare(Container.FolderPath,addons://all/)">$INFO[Container.Property(addoncategory)]</value>
		<value condition="SubString(Container.FolderPath,addons://search/)">$LOCALIZE[283]</value>
		<value condition="SubString(Container.FolderPath,addons://repo.) | SubString(Container.FolderPath,addons://repository.)">$INFO[Container.Property(reponame)]</value>
		<value>$LOCALIZE[24001]</value>
	</variable>
	<variable name="window_Title.PVR">
		<value condition="Control.IsVisible(10) | Control.IsVisible(15) | Control.IsVisible(16)">$LOCALIZE[19020] [COLOR=Color2]$LOCALIZE[22020][/COLOR]</value>
		<value condition="Control.IsVisible(11)">$LOCALIZE[19020] [COLOR=Color2]$LOCALIZE[19019][/COLOR]</value>
		<value condition="Control.IsVisible(12)">$LOCALIZE[19021] [COLOR=Color2]$LOCALIZE[19019][/COLOR]</value>
		<value condition="Control.IsVisible(13)">$LOCALIZE[19163]</value>
		<value condition="Control.IsVisible(14)">$LOCALIZE[31085]</value>
		<value condition="Control.IsVisible(17)">$LOCALIZE[137]</value>
	</variable>
	<variable name="window_Title.Pictures">
		<value condition="!SubString(Container.FolderPath,plugin)">$LOCALIZE[1]</value>
		<value condition="SubString(Container.FolderPath,plugin)">$INFO[Container.FolderName]</value>
	</variable>
	<variable name="window_Title.Playlists">
		<value condition="Window.IsVisible(videoplaylist) + !Window.IsActive(2003)">$LOCALIZE[157] [COLOR=Color2]$LOCALIZE[559][/COLOR]</value>
		<value condition="Window.IsVisible(musicplaylist) + !Window.IsActive(2001)">$LOCALIZE[2] [COLOR=Color2]$LOCALIZE[559][/COLOR]</value>
	</variable>

<!---INFO------>
	<variable name="videoInfo.Header">
		<value condition="Container.Content(movies) + !IsEmpty(ListItem.Property(ReleaseDate))">$INFO[ListItem.Property(ReleaseDate)]</value>
		<value condition="Container.Content(movies) + !IsEmpty(ListItem.Tagline)">$INFO[ListItem.Tagline]</value>		
		<value condition="Container.Content(movies) + IsEmpty(ListItem.Tagline)">$INFO[ListItem.Genre]</value>
		<value condition="Container.Content(tvshows)">$INFO[Window(Home).Property(NextAired.AirTime)]</value>
		<value condition="Container.Content(episodes)">$INFO[ListItem.TVShowTitle] • $INFO[ListItem.Season,$LOCALIZE[20373] , - ]$INFO[ListItem.Episode,$LOCALIZE[20359] ]</value>
		<value condition="Container.Content(musicvideos) + !Window.IsActive(videofiles)">$INFO[ListItem.Artist]</value>
		<value condition="ListItem.IsFolder + Substring(Container.FolderPath,videodb) + !IsEmpty(ListItem.Title)">$LOCALIZE[20338] $LOCALIZE[20141]</value>
	</variable>
	<variable name="videoInfo.Cast">
		<value condition="Container.Content(musicvideos)">$LOCALIZE[133]</value>
		<value>$LOCALIZE[206]</value>
	</variable>
	<variable name="osdInfo.Info">
		<value condition="VideoPlayer.Content(files) | [!VideoPlayer.Content(files) + Substring(Player.Filenameandpath,http)]">$INFO[Player.Filenameandpath]</value>
		<value condition="VideoPlayer.Content(movies)">$INFO[VideoPlayer.Genre,, • ]$INFO[VideoPlayer.Year]</value>
		<value condition="VideoPlayer.Content(episodes)">$INFO[VideoPlayer.TVShowTitle,,: ]$INFO[VideoPlayer.Season,$LOCALIZE[20373] , -] $INFO[VideoPlayer.Episode,$LOCALIZE[20359] ]</value>
		<value condition="VideoPlayer.Content(livetv)">$INFO[VideoPlayer.ChannelName]</value>
	</variable>

<!---OSD------>
	<variable name="player_Plot.Condition">
		<value condition="!IsEmpty(VideoPlayer.Plotoutline)">$INFO[VideoPlayer.Plotoutline]</value>
		<value condition="IsEmpty(VideoPlayer.Plotoutline)">$INFO[VideoPlayer.Plot]</value>
		<value condition="!IsEmpty(VideoPlayer.Plotoutline)">$INFO[VideoPlayer.Plotoutline]</value>
	</variable>
</includes>