﻿<includes>
	<include name="36hour">
		<control type="label">
			<posx>38</posx>
			<posy>58</posy>
			<label>$LOCALIZE[33034]</label>
			<font>smallerCaps</font>
			<textcolor>Color3</textcolor>
			<include>transition_PageLabel</include>
			<visible>StringCompare(Window.Property(Weather.CurrentView),36hour)</visible>
		</control>
		<control type="button" id="99">
			<onleft>6000</onleft>
			<visible allowhiddenfocus="true">false</visible>
		</control>

		<control type="group" id="70">
			<posx>115</posx>
			<posy>200</posy>
			<include>transition_Container</include>
			<include>toggle_Menu</include>
			<animation effect="slide" start="0,0" end="0,-70" time="0" condition="!Skin.HasSetting(fanart.weather)">Conditional</animation>
			<visible>StringCompare(Window.Property(Weather.CurrentView),36hour)</visible>
			<!--today-->
			<control type="group">	
				<visible>!IsEmpty(Window.Property(Weekend.IsFetched))</visible>
				<!--date-->
				<control type="image">
					<width>330</width>
					<height>50</height>
					<texture border="8">views/column_Top.png</texture>
					<colordiffuse>column3</colordiffuse>
				</control>
				<control type="image">
					<posy>51</posy>
					<width>330</width>
					<height>420</height>
					<texture border="8">views/column_Bottom.png</texture>
					<colordiffuse>column2</colordiffuse>
				</control>
				<control type="label">	
					<posx>15</posx>
					<posy>10</posy>
					<width>300</width>
					<font>title</font>
					<textcolor>Color1</textcolor>
					<align>left</align>
					<label>$INFO[Window.Property(36Hour.1.Heading)]</label>
				</control>
				<!--temps-->
				<control type="image">
					<posy>65</posy>
					<width>330</width>
					<height>112</height>
					<aspectratio>keep</aspectratio>
					<texture>$INFO[Window.Property(36Hour.1.OutlookIcon)]</texture>
				</control>
				<control type="label">
					<posx>15</posx>
					<posy>195</posy>
					<height>58</height>
					<width>300</width>
					<font>titleSmaller</font>
					<textcolor>Color1</textcolor>
					<align>center</align>
					<label>$INFO[Window.Property(36Hour.1.TemperatureHeading)] [B]$INFO[Window.Property(36Hour.1.Temperature),]$INFO[System.TemperatureUnits][/B] $LOCALIZE[391] [B]$INFO[Window.Property(36Hour.1.Temperature),]$INFO[System.TemperatureUnits][/B]</label>
				</control>
				<control type="label">
					<posx>155</posx>
					<posy>113</posy>
					<width>210</width>
					<height>58</height>
					<font>titleSmall</font>
					<textcolor>Color1</textcolor>
					<align>center</align>
					<label></label>
				</control>
				<!--outlook-->
				<control type="label">
					<posx>15</posx>
					<posy>180</posy>
					<width>300</width>
					<font>titleAlt</font>
					<align>center</align>
					<textcolor>Color1</textcolor>
					<label>$INFO[Window.Property(36Hour.1.Outlook)]</label>
				</control>
				<!--stats-->
				<control type="grouplist">
					<posx>20</posx>
					<posy>260</posy>
					<itemgap>1</itemgap>
					<control type="label">
						<width>300</width>
						<include>w+Label</include>
						<label>$LOCALIZE[33021]:</label>
					</control>
					<control type="label">
						<width>300</width>
						<include>w+Label</include>
						<label>$INFO[Window.Property(36Hour.1.DaylightTitle)]</label>
					</control>
				</control>
				<control type="grouplist">
					<posx>10</posx>
					<posy>260</posy>
					<itemgap>1</itemgap>
					<control type="label">
						<width>300</width>
						<align>right</align>
						<include>w+Label</include>
						<label>$INFO[Window.Property(36Hour.1.Precipitation),,%]</label>
					</control>
					<control type="label">
						<width>300</width>
						<align>right</align>
						<include>w+Label</include>
						<label>$INFO[Window.Property(36Hour.1.DaylightTime)]</label>
					</control>
				</control>
				<!--forecast-->
				<control type="textbox">
					<posx>15</posx>
					<posy>350</posy>
					<width>300</width>
					<height>112</height>
					<align>center</align>
					<label>$INFO[Window.Property(36Hour.1.Forecast)]</label>
					<include>w+Description</include>
					<include>autoscroll-plot</include>
				</control>
			</control>

			<!--tonight-->
			<control type="group">
				<posx>360</posx>		
				<visible>!IsEmpty(Window.Property(Weekend.IsFetched))</visible>
				<!--date-->
				<control type="image">
					<width>330</width>
					<height>50</height>
					<texture border="8">views/column_Top.png</texture>
					<colordiffuse>column3</colordiffuse>
				</control>
				<control type="label">	
					<posx>15</posx>
					<posy>10</posy>
					<width>300</width>
					<font>title</font>
					<textcolor>Color1</textcolor>
					<align>left</align>
					<label>$INFO[Window.Property(36Hour.2.Heading)]</label>
				</control>
				<!--temps-->
				<control type="image">
					<posy>51</posy>
					<width>330</width>
					<height>420</height>
					<texture border="8">views/column_Bottom.png</texture>
					<colordiffuse>column2</colordiffuse>
				</control>
				<control type="image">
					<posy>65</posy>
					<width>330</width>
					<height>112</height>
					<aspectratio>keep</aspectratio>
					<texture>$INFO[Window.Property(36Hour.2.OutlookIcon)]</texture>
				</control>
				<control type="label">
					<posx>15</posx>
					<posy>195</posy>
					<height>58</height>
					<width>300</width>
					<font>titleSmaller</font>
					<textcolor>Color1</textcolor>
					<align>center</align>
					<label>$INFO[Window.Property(36Hour.2.TemperatureHeading)] [B]$INFO[Window.Property(36Hour.2.Temperature),]$INFO[System.TemperatureUnits][/B] $LOCALIZE[391] [B]$INFO[Window.Property(36Hour.2.Temperature),]$INFO[System.TemperatureUnits][/B]</label>
				</control>
				<control type="label">
					<posx>155</posx>
					<posy>113</posy>
					<width>210</width>
					<height>58</height>
					<font>titleSmall</font>
					<textcolor>Color1</textcolor>
					<align>center</align>
					<label></label>
				</control>
				<!--outlook-->
				<control type="label">
					<posx>15</posx>
					<posy>180</posy>
					<width>300</width>
					<font>titleAlt</font>
					<align>center</align>
					<textcolor>Color1</textcolor>
					<label>$INFO[Window.Property(36Hour.2.Outlook)]</label>
				</control>
				<!--stats-->
				<control type="grouplist">
					<posx>20</posx>
					<posy>260</posy>
					<itemgap>1</itemgap>
					<control type="label">
						<width>300</width>
						<include>w+Label</include>
						<label>$LOCALIZE[33021]:</label>
					</control>
					<control type="label">
						<width>300</width>
						<include>w+Label</include>
						<label>$INFO[Window.Property(36Hour.2.DaylightTitle)]</label>
					</control>
				</control>
				<control type="grouplist">
					<posx>10</posx>
					<posy>260</posy>
					<itemgap>1</itemgap>
					<control type="label">
						<width>300</width>
						<align>right</align>
						<include>w+Label</include>
						<label>$INFO[Window.Property(36Hour.2.Precipitation),,%]</label>
					</control>
					<control type="label">
						<width>300</width>
						<align>right</align>
						<include>w+Label</include>
						<label>$INFO[Window.Property(36Hour.2.DaylightTime)]</label>
					</control>
				</control>
				<!--forecast-->
				<control type="textbox">
					<posx>15</posx>
					<posy>350</posy>
					<width>300</width>
					<height>120</height>
					<align>center</align>
					<label>$INFO[Window.Property(36Hour.2.Forecast)]</label>
					<include>w+Description</include>
					<include>autoscroll-plot</include>
				</control>
			</control>

			<!--tomorrow night-->
			<control type="group">
				<posx>720</posx>		
				<visible>!IsEmpty(Window.Property(Weekend.IsFetched))</visible>
				<!--date-->
				<control type="image">
					<width>330</width>
					<height>50</height>
					<texture border="8">views/column_Top.png</texture>
					<colordiffuse>column3</colordiffuse>
				</control>
				<control type="label">	
					<posx>15</posx>
					<posy>10</posy>
					<width>300</width>
					<font>title</font>
					<textcolor>Color1</textcolor>
					<align>left</align>
					<label>$INFO[Window.Property(36Hour.3.Heading)]</label>
				</control>
				<!--temps-->
				<control type="image">
					<posy>51</posy>
					<width>330</width>
					<height>420</height>
					<texture border="8">views/column_Bottom.png</texture>
					<colordiffuse>column2</colordiffuse>
				</control>
				<control type="image">
					<posy>65</posy>
					<width>330</width>
					<height>112</height>
					<aspectratio>keep</aspectratio>
					<texture>$INFO[Window.Property(36Hour.3.OutlookIcon)]</texture>
				</control>
				<control type="label">
					<posx>15</posx>
					<posy>195</posy>
					<height>58</height>
					<width>300</width>
					<font>titleSmaller</font>
					<textcolor>Color1</textcolor>
					<align>center</align>
					<label>$INFO[Window.Property(36Hour.3.TemperatureHeading)] [B]$INFO[Window.Property(36Hour.3.Temperature),]$INFO[System.TemperatureUnits][/B] $LOCALIZE[391] [B]$INFO[Window.Property(36Hour.3.Temperature),]$INFO[System.TemperatureUnits][/B]</label>
				</control>
				<control type="label">
					<posx>155</posx>
					<posy>113</posy>
					<width>210</width>
					<height>58</height>
					<font>titleSmall</font>
					<textcolor>Color1</textcolor>
					<align>center</align>
					<label></label>
				</control>
				<!--outlook-->
				<control type="label">
					<posx>15</posx>
					<posy>180</posy>
					<width>300</width>
					<font>titleAlt</font>
					<align>center</align>
					<textcolor>Color1</textcolor>
					<label>$INFO[Window.Property(36Hour.3.Outlook)]</label>
				</control>
				<!--stats-->
				<control type="grouplist">
					<posx>20</posx>
					<posy>260</posy>
					<itemgap>1</itemgap>
					<control type="label">
						<width>300</width>
						<include>w+Label</include>
						<label>$LOCALIZE[33021]:</label>
					</control>
					<control type="label">
						<width>300</width>
						<include>w+Label</include>
						<label>$INFO[Window.Property(36Hour.3.DaylightTitle)]</label>
					</control>
				</control>
				<control type="grouplist">
					<posx>10</posx>
					<posy>260</posy>
					<itemgap>1</itemgap>
					<control type="label">
						<width>300</width>
						<align>right</align>
						<include>w+Label</include>
						<label>$INFO[Window.Property(36Hour.3.Precipitation),,%]</label>
					</control>
					<control type="label">
						<width>300</width>
						<align>right</align>
						<include>w+Label</include>
						<label>$INFO[Window.Property(36Hour.3.DaylightTime)]</label>
					</control>
				</control>
				<!--forecast-->
				<control type="textbox">
					<posx>15</posx>
					<posy>350</posy>
					<width>300</width>
					<height>120</height>
					<align>center</align>
					<label>$INFO[Window.Property(36Hour.3.Forecast)]</label>
					<include>w+Description</include>
					<include>autoscroll-plot</include>
				</control>
			</control>
		</control>
	</include>
</includes>
