﻿<window id="3">
	<defaultcontrol always="true">20</defaultcontrol>
	<allowoverlay>yes</allowoverlay>
	
	<controls>
		<include>themeBackground2</include>
		<include>allscreens</include>

		<control type="group">
			<include>pageslide</include>
			<include>viewsmenucontext</include>
			<control type="label">
				<include>PageLabel</include>
				<label>$LOCALIZE[31969]</label>
			</control>
			
			<control type="label">
				<posx>38</posx>
				<posy>58</posy>
				<width>500</width>
				<label>$INFO[Container(20).NumItems] $LOCALIZE[31116]</label>
				<font>smallerCaps</font>
				<textcolor>Color3</textcolor>
				<include>transition_PageLabel</include>
				<visible>Control.HasFocus(20)</visible>
			</control>
			<control type="label">
				<posx>38</posx>
				<posy>58</posy>
				<width>500</width>
				<label>$INFO[Container(21).NumItems] $LOCALIZE[31116]</label>
				<font>smallerCaps</font>
				<textcolor>Color3</textcolor>
				<include>transition_PageLabel</include>
				<visible>Control.HasFocus(21)</visible>
			</control>
			
			<control type="label" id="101">
				<description>left column label</description>
				<posy>110</posy>
				<posx>85</posx>
				<width>550</width>
				<font>titleLow</font>
				<textcolor>Color2</textcolor>
				<include>transition_Container</include>
			</control>	
			<control type="label" id="102">
				<description>right column label</description>
				<posy>110</posy>
				<posx>655</posx>
				<width>550</width>
				<font>titleLow</font>
				<textcolor>Color2</textcolor>
				<include>transition_Container</include>
			</control>

			<control type="list" id="20">
				<posx>70</posx>
				<posy>145</posy>
				<width>568</width>
				<height>528</height>
				<onleft>21</onleft>
				<onright>21</onright>
				<onup>20</onup>
				<ondown>20</ondown>
				<scrolltime>1</scrolltime>
				<animation effect="fade" start="100" end="60" time="200" condition="Control.HasFocus(21)">Conditional</animation>
				<include>transition_Container</include>
				<itemlayout height="44">
					<control type="image">
						<posx>0</posx>
						<width>568</width>
						<height>42</height>
						<texture border="4">epg/column_focus.png</texture>
						<colordiffuse>tv3</colordiffuse>
					</control>
					<control type="label">
						<posx>15</posx>
						<width>400</width>
						<height>38</height>
						<font>normalAlt</font>
						<align>left</align>
						<textcolor>Color1</textcolor>
						<selectedcolor>Selected</selectedcolor>
						<label>$INFO[ListItem.Label]</label>
					</control>
					<control type="label">
						<posx>550</posx>
						<width>400</width>
						<height>38</height>
						<font>normalAlt</font>
						<align>right</align>
						<textcolor>Color3</textcolor>
						<selectedcolor>Selected</selectedcolor>
						<label>$INFO[ListItem.Label2]</label>
					</control>
				</itemlayout>
				<focusedlayout width="550" height="44">
					<control type="image">
						<posx>0</posx>
						<width>568</width>
						<height>42</height>
						<texture border="4">epg/column_focus.png</texture>
						<colordiffuse>tv1</colordiffuse>
					</control>
					<control type="label">
						<posx>15</posx>
						<width>400</width>
						<height>38</height>
						<font>normalAlt</font>
						<align>left</align>
						<textcolor>Focused</textcolor>
						<selectedcolor>Selected</selectedcolor>
						<label>$INFO[ListItem.Label]</label>
					</control>
					<control type="label">
						<posx>550</posx>
						<width>400</width>
						<height>38</height>
						<font>normalAlt</font>
						<align>right</align>
						<textcolor>Focused</textcolor>
						<selectedcolor>Selected</selectedcolor>
						<label>$INFO[ListItem.Label2]</label>
					</control>
				</focusedlayout>
			</control>
			
			<control type="list" id="21">
				<posx>642</posx>
				<posy>145</posy>
				<width>568</width>
				<height>528</height>
				<onleft>20</onleft>
				<onright>20</onright>
				<onup>21</onup>
				<ondown>21</ondown>
				<scrolltime>1</scrolltime>
				<include>transition_Container</include>
				<animation effect="fade" start="100" end="60" time="200" condition="Control.HasFocus(20)">Conditional</animation>
				<itemlayout height="44">
					<control type="image">
						<posx>0</posx>
						<width>568</width>
						<height>42</height>
						<texture border="4">epg/column_focus.png</texture>
						<colordiffuse>tv3</colordiffuse>
					</control>
					<control type="label">
						<posx>15</posx>
						<width>400</width>
						<height>38</height>
						<font>normalAlt</font>
						<align>left</align>
						<textcolor>Color1</textcolor>
						<selectedcolor>Selected</selectedcolor>
						<label>$INFO[ListItem.Label]</label>
					</control>
					<control type="label">
						<posx>550</posx>
						<width>400</width>
						<height>38</height>
						<font>normalAlt</font>
						<align>right</align>
						<textcolor>Color3</textcolor>
						<selectedcolor>Selected</selectedcolor>
						<label>$INFO[ListItem.Label2]</label>
					</control>
				</itemlayout>
				<focusedlayout width="550" height="44">
					<control type="image">
						<posx>0</posx>
						<width>568</width>
						<height>42</height>
						<texture border="4">epg/column_focus.png</texture>
						<colordiffuse>tv1</colordiffuse>
					</control>
					<control type="label">
						<posx>15</posx>
						<width>400</width>
						<height>38</height>
						<font>normalAlt</font>
						<align>left</align>
						<textcolor>Focused</textcolor>
						<selectedcolor>Selected</selectedcolor>
						<label>$INFO[ListItem.Label]</label>
					</control>
					<control type="label">
						<posx>550</posx>
						<width>400</width>
						<height>38</height>
						<font>normalAlt</font>
						<align>right</align>
						<textcolor>Focused</textcolor>
						<selectedcolor>Selected</selectedcolor>
						<label>$INFO[ListItem.Label2]</label>
					</control>
				</focusedlayout>
			</control>
		</control>
	</controls>
</window>
