﻿<window id="131">
	<defaultcontrol>5</defaultcontrol>
	<include>dialogOpen</include>
	<coordinates>
		<system>1</system>
		<posx>340</posx>
		<posy>120</posy>
	</coordinates>

	<controls>
		<control type="image">
			<width>600</width>
			<height>494</height>
			<include>dialogWindow</include>
		</control>
		<control type="label" id="2">
			<description>heading label</description>
			<width>532</width>
			<include>dialogHeading</include>
		</control>
		<control type="image">
			<posx>19</posx>
			<posy>75</posy>
			<width>563</width>
			<include>dialogSeparator</include>
		</control>

		<control type="spincontrol" id="60">
			<visible>false</visible>
		</control>

		<control type="grouplist" id="5">
			<description>control area</description>
			<posx>19</posx>
			<posy>75</posy>
			<width>563</width>
			<height>320</height>
			<itemgap>0</itemgap>
			<pagecontrol>60</pagecontrol>
			<onleft>28</onleft>
			<onright>60</onright>
			<onup>28</onup>
			<ondown>28</ondown>
		</control>

		<control type="button" id="7">
			<description>Default Button</description>
			<include>dialogListButton</include>
		</control>
		<control type="radiobutton" id="8">
			<include>dialogRadio</include>
		</control>
		<control type="spincontrolex" id="9">
			<include>dialogSpin</include>
		</control>

		<control type="group" id="9001">
			<posx>14</posx>
			<posy>415</posy>
			<control type="button" id="28">
				<description>Ok button</description>
				<posx>302</posx>
				<label>186</label>
				<onleft>29</onleft>
				<onright>29</onright>
				<onup>5</onup>
				<ondown>5</ondown>
				<include>dialogConfirmButton</include>
			</control>
			<control type="button" id="29">
				<description>Cancel button</description>
				<posx>432</posx>
				<label>222</label>
				<onleft>28</onleft>
				<onright>28</onright>
				<onup>5</onup>
				<ondown>5</ondown>
				<include>dialogConfirmButton</include>
			</control>
		</control>
	</controls>
</window>