﻿<includes>
<!--- LISTVIEW ---------->
	<include name="view_ListVideo">
		<control type="list" id="50">
			<viewtype label="535">list</viewtype> 	
			<posy>90</posy>
			<width>625</width>
			<height>608</height>
			<onup>50</onup>
			<ondown>50</ondown>
			<onleft>6000</onleft>
			<onright>70</onright>
			<pagecontrol>70</pagecontrol>
			<preloaditems>4</preloaditems>
			<scrolltime>150</scrolltime>
			<orientation>vertical</orientation>
			<include>transition_Container</include>
			<include>infoDialogHide</include>
			<include>toggle_Menu</include>

			<itemlayout condition="substring(container.folderpath,sources://) | stringcompare(container.folderpath,special://videoplaylists/)" width="625" height="40">
				<control type="label">
					<posx>40</posx>
					<width>500</width>
					<label>$INFO[ListItem.Label]</label>
					<include>listMenu</include>
				</control>
				<control type="label">
					<posx>600</posx>
					<width>500</width>
					<label>$INFO[ListItem.Date]</label>
					<align>right</align>
					<textcolor>Color2</textcolor>
					<include>listMenu</include>
					<visible>Window.IsActive(videofiles)</visible>
				</control>
			</itemlayout>
			<focusedlayout condition="substring(container.folderpath,sources://) | stringcompare(container.folderpath,special://videoplaylists/)" width="625" height="40">
				<control type="image">
					<posy>-28</posy>
					<width>650</width>
					<height>100</height>
					<texture border="0,30,0,30">views/list-focus.png</texture>
					<include>focus_ListScrollAlt</include>
					<visible>!ControlGroup(6000).HasFocus</visible>
				</control>
				<control type="label">
					<posx>40</posx>
					<width>500</width>
					<label>$INFO[ListItem.Label]</label>
					<include>listMenuFocus</include>
				</control>
				<control type="label">
					<posx>600</posx>
					<width>500</width>
					<label>$INFO[ListItem.Date]</label>
					<align>right</align>
					<include>listMenuFocus</include>
					<visible>Window.IsActive(videofiles)</visible>
				</control>
			</focusedlayout>

			<itemlayout condition="[substring(Container.FolderPath,addons://) | [Container.Content(files) + Container.HasFiles]] + !substring(Container.FolderPath,plugin://)" width="625" height="67">
				<control type="label">
					<posx>40</posx>
					<width>580</width>
					<label>$INFO[ListItem.Label]</label>
					<font>listBig</font>
					<include>listMenu</include>
					<visible>IsEmpty(ListItem.Property(Addon.Name))</visible>
				</control>
				<control type="label">
					<posx>40</posx>
					<width>440</width>
					<label>$INFO[ListItem.Property(Addon.Name)]</label>
					<font>listBig</font>
					<include>listMenu</include>
				</control>
				<control type="label">
					<posx>40</posx>
					<posy>28</posy>
					<width>560</width>
					<label>$INFO[ListItem.Property(Addon.Summary)]</label>
					<font>listInfo</font>
					<textcolor>Color2</textcolor>
					<include>listMenu</include>
				</control>
				<control type="label">
					<posx>40</posx>
					<posy>28</posy>
					<width>560</width>
					<label fallback="20334">$INFO[ListItem.Date]$INFO[ListItem.Size, • ]</label>
					<font>listInfo</font>
					<textcolor>Color2</textcolor>
					<include>listMenu</include>
					<visible>Container.Content(files) + !IsEmpty(ListItem.Size)</visible>
				</control>
				<control type="label">
					<posx>40</posx>
					<posy>28</posy>
					<width>560</width>
					<label>$LOCALIZE[20334]</label>
					<font>listInfo</font>
					<textcolor>Color2</textcolor>
					<include>listMenu</include>
					<visible>Container.Content(files) + IsEmpty(ListItem.Size) + !SubString(ListItem.Icon,DefaultFolderBack.png,Left)</visible>
				</control>
				<control type="image">
					<posx>475</posx>
					<posy>12</posy>
					<width>128</width>
					<height>22</height>
					<texture>$INFO[ListItem.Property(Addon.StarRating)]</texture>
					<colordiffuse>Color7</colordiffuse>
					<aspectratio align="right">keep</aspectratio>
					<animation effect="fade" end="30" time="0" condition="true">Conditional</animation>
				</control>
			</itemlayout>
			<focusedlayout condition="[substring(Container.FolderPath,addons://) | [Container.Content(files) + Container.HasFiles]] + !substring(Container.FolderPath,plugin://)" width="625" height="67">
				<control type="image">
					<posy>-30</posy>
					<width>650</width>
					<height>128</height>
					<texture border="0,30,0,30">views/list-focus.png</texture>
					<include>focus_ListScroll</include>
					<visible>!ControlGroup(6000).HasFocus</visible>
				</control>
				<control type="label">
					<posx>40</posx>
					<width>580</width>
					<label>$INFO[ListItem.Label]</label>
					<font>listBig</font>
					<include>listMenuFocus</include>
					<visible>IsEmpty(ListItem.Property(Addon.Name))</visible>
				</control>
				<control type="label">
					<posx>40</posx>
					<width>440</width>
					<label>$INFO[ListItem.Property(Addon.Name)]</label>
					<font>listBig</font>
					<include>listMenuFocus</include>
				</control>
				<control type="label">
					<posx>40</posx>
					<posy>28</posy>
					<width>560</width>
					<label>$INFO[ListItem.Property(Addon.Summary)]</label>
					<font>listInfo</font>
					<include>listMenuFocus</include>
				</control>
				<control type="label">
					<posx>40</posx>
					<posy>28</posy>
					<width>560</width>
					<label fallback="20334">$INFO[ListItem.Date]$INFO[ListItem.Size, • ]</label>
					<font>listInfo</font>
					<include>listMenuFocus</include>
					<visible>Container.Content(files) + !IsEmpty(ListItem.Size)</visible>
				</control>
				<control type="label">
					<posx>40</posx>
					<posy>28</posy>
					<width>560</width>
					<label>$LOCALIZE[20334]</label>
					<font>listInfo</font>
					<include>listMenuFocus</include>
					<visible>Container.Content(files) + IsEmpty(ListItem.Size) + !SubString(ListItem.Icon,DefaultFolderBack.png,Left)</visible>
				</control>
				<control type="image">
					<posx>475</posx>
					<posy>12</posy>
					<width>128</width>
					<height>22</height>
					<texture>$INFO[ListItem.Property(Addon.StarRating)]</texture>
					<aspectratio align="right">keep</aspectratio>
				</control>
			</focusedlayout>

			<itemlayout condition="[Container.Content(movies) + !substring(container.folderpath,plugin://)] | stringcompare(container.folderpath,plugin://plugin.video.apple.movie.trailers.lite/)" width="560" height="67">
				<control type="label">
					<posx>40</posx>
					<width>440</width>
					<label>$INFO[ListItem.Title]</label>
					<font>listBig</font>
					<include>listMenu</include>
				</control>
				<control type="label">
					<posx>40</posx>
					<posy>28</posy>
					<width>560</width>
					<label fallback="416">$INFO[ListItem.Genre]</label>
					<!--<label fallback="416">$INFO[ListItem.Year,, • ]$INFO[ListItem.Duration] $LOCALIZE[31100] • $INFO[ListItem.MPAA]</label>-->
					<font>listInfo</font>
					<textcolor>Color2</textcolor>
					<include>listMenu</include>
					<visible>!IsEmpty(ListItem.Title) + IsEmpty(ListItem.Property(ReleaseDate))</visible>
				</control>
				<control type="label">
					<posx>40</posx>
					<posy>28</posy>
					<width>560</width>
					<label>$INFO[ListItem.Property(ReleaseDate)]</label>
					<font>listInfo</font>
					<textcolor>Color2</textcolor>
					<include>listMenu</include>
				</control>
				<control type="label">
					<posx>40</posx>
					<width>440</width>
					<label>$INFO[ListItem.Label]</label>
					<visible>IsEmpty(ListItem.Title)</visible>
					<include>listMenu</include>
				</control>
				<control type="image">
					<posx>475</posx>
					<posy>13</posy>
					<width>128</width>
					<height>22</height>
					<info>ListItem.StarRating</info>
					<colordiffuse>Color7</colordiffuse>
					<aspectratio align="right">keep</aspectratio>
					<animation effect="fade" end="30" time="0" condition="true">Conditional</animation>
					<visible>!IsEmpty(ListItem.Title)</visible>
				</control>
			</itemlayout>
			<focusedlayout condition="[Container.Content(movies) + !substring(container.folderpath,plugin://)] | stringcompare(container.folderpath,plugin://plugin.video.apple.movie.trailers.lite/)" width="560" height="67">
				<control type="image">
					<posy>-30</posy>
					<width>650</width>
					<height>128</height>
					<texture border="0,30,0,30">views/list-focus.png</texture>
					<visible>!ControlGroup(6000).HasFocus</visible>
					<include>focus_ListScroll</include>
				</control>
				<control type="label">
					<posx>40</posx>
					<width>440</width>
					<label>$INFO[ListItem.Title]</label>
					<font>listBig</font>
					<include>listMenuFocus</include>
				</control>
				<control type="label">
					<posx>40</posx>
					<posy>27</posy>
					<width>560</width>
					<label fallback="416">$INFO[ListItem.Duration]$LOCALIZE[31100]$INFO[ListItem.Genre, • ]</label>
					<font>listInfo</font>
					<include>listMenuFocus</include>
					<visible>!IsEmpty(ListItem.Title) + IsEmpty(ListItem.Property(ReleaseDate))</visible>
				</control>
				<control type="label">
					<posx>40</posx>
					<posy>27</posy>
					<width>560</width>
					<label fallback="416">$INFO[ListItem.Property(ReleaseDate)]$INFO[ListItem.Genre, • ]</label>
					<font>listInfo</font>
					<include>listMenuFocus</include>
					<visible>!IsEmpty(ListItem.Title) + !IsEmpty(ListItem.Property(ReleaseDate))</visible>
				</control>
				<control type="label">
					<posx>40</posx>
					<width>440</width>
					<label>$INFO[ListItem.Label]</label>
					<visible>IsEmpty(ListItem.Title)</visible>
					<include>listMenuFocus</include>
				</control>
				<control type="image">
					<posx>475</posx>
					<posy>13</posy>
					<width>128</width>
					<height>22</height>
					<info>ListItem.StarRating</info>
					<aspectratio align="right">keep</aspectratio>
					<visible>!IsEmpty(ListItem.Title)</visible>
				</control>
			</focusedlayout>

			<itemlayout condition="Container.Content(tvshows)" width="560" height="67">
				<control type="label">
					<posx>40</posx>
					<width>440</width>
					<label>$INFO[ListItem.Title]</label>
					<font>listBig</font>
					<include>listMenu</include>
				</control>
				<control type="label">
					<posx>40</posx>
					<width>440</width>
					<label>$INFO[ListItem.Label]</label>
					<font>listBig</font>
					<include>listMenu</include>
					<visible>IsEmpty(ListItem.Title)</visible>
				</control>
				<control type="label">
					<posx>40</posx>
					<posy>25</posy>
					<width>560</width>
					<label>$INFO[ListItem.Property(UnWatchedEpisodes),, $LOCALIZE[16101] $LOCALIZE[20360]]$INFO[ListItem.Property(TotalSeasons), • ] $LOCALIZE[33054]</label>
					<font>listInfo</font>
					<textcolor>Color2</textcolor>
					<include>listMenu</include>
					<visible>!stringcompare(ListItem.Property(TotalSeasons),1) + !IsEmpty(ListItem.Property(TotalSeasons))</visible>
				</control>
				<control type="label">
					<posx>40</posx>
					<posy>25</posy>
					<width>560</width>
					<label>$INFO[ListItem.Property(UnWatchedEpisodes),, $LOCALIZE[16101] $LOCALIZE[20360]]$INFO[ListItem.Property(TotalSeasons), • ] $LOCALIZE[20373]</label>
					<font>listInfo</font>
					<textcolor>Color2</textcolor>
					<include>listMenu</include>
					<visible>stringcompare(ListItem.Property(TotalSeasons),1) + !IsEmpty(ListItem.Property(TotalSeasons))</visible>
				</control>
				<control type="image">
					<posx>475</posx>
					<posy>13</posy>
					<width>128</width>
					<height>22</height>
					<info>ListItem.StarRating</info>
					<aspectratio align="right">keep</aspectratio>
					<animation effect="fade" end="30" time="0" condition="true">Conditional</animation>
					<visible>!IsEmpty(ListItem.Title)</visible>
				</control>
			</itemlayout>
			<focusedlayout condition="Container.Content(tvshows)" width="560" height="67">
				<control type="image">
					<posx>0</posx>
					<posy>-30</posy>
					<width>650</width>
					<height>128</height>
					<texture border="0,30,0,30">views/list-focus.png</texture>
					<include>focus_ListScroll</include>
					<visible>!ControlGroup(6000).HasFocus</visible>
				</control>
				<control type="label">
					<posx>40</posx>
					<width>440</width>
					<label>$INFO[ListItem.Title]</label>
					<font>listBig</font>
					<include>listMenuFocus</include>
				</control>
				<control type="label">
					<posx>40</posx>
					<width>440</width>
					<label>$INFO[ListItem.Label]</label>
					<font>listBig</font>
					<include>listMenuFocus</include>
					<visible>IsEmpty(ListItem.Title)</visible>
				</control>
				<control type="label">
					<posx>40</posx>
					<posy>25</posy>
					<width>560</width>
					<label>$INFO[ListItem.Property(UnWatchedEpisodes),, $LOCALIZE[16101] $LOCALIZE[20360]]$INFO[ListItem.Property(TotalSeasons), • ] $LOCALIZE[33054]</label>
					<font>listInfo</font>
					<include>listMenuFocus</include>
					<visible>!stringcompare(ListItem.Property(TotalSeasons),1) + !IsEmpty(ListItem.Property(TotalSeasons))</visible>
				</control>
				<control type="label">
					<posx>40</posx>
					<posy>25</posy>
					<width>560</width>
					<label>$INFO[ListItem.Property(UnWatchedEpisodes),, $LOCALIZE[16101] $LOCALIZE[20360]]$INFO[ListItem.Property(TotalSeasons), • ] $LOCALIZE[20373]</label>
					<font>listInfo</font>
					<include>listMenuFocus</include>
					<visible>stringcompare(ListItem.Property(TotalSeasons),1) + !IsEmpty(ListItem.Property(TotalSeasons))</visible>
				</control>
				<control type="image">
					<posx>475</posx>
					<posy>13</posy>
					<width>128</width>
					<height>22</height>
					<info>ListItem.StarRating</info>
					<aspectratio align="right">keep</aspectratio>
					<visible>!IsEmpty(ListItem.Title)</visible>
				</control>
			</focusedlayout>

			<itemlayout condition="Container.Content(seasons)" width="560" height="67">
				<control type="label">
					<posx>40</posx>
					<width>540</width>
					<label>$INFO[ListItem.Label]</label>
					<font>listBig</font>
					<include>listMenu</include>
				</control>
				<control type="label">
					<posx>40</posx>
					<posy>25</posy>
					<width>540</width>
					<label>$INFO[ListItem.Property(UnWatchedEpisodes),, $LOCALIZE[16101] $LOCALIZE[20360]]</label>
					<font>listInfo</font>
					<textcolor>Color2</textcolor>
					<include>listMenu</include>
				</control>
			</itemlayout>
			<focusedlayout condition="Container.Content(seasons)" width="560" height="67">
				<control type="image">
					<posy>-28</posy>
					<width>650</width>
					<height>122</height>
					<texture border="0,30,0,30">views/list-focus.png</texture>
					<include>focus_ListScroll</include>
					<visible>!ControlGroup(6000).HasFocus</visible>
				</control>
				<control type="label">
					<posx>40</posx>
					<width>540</width>
					<label>$INFO[ListItem.Label]</label>
					<font>listBig</font>
					<include>listMenuFocus</include>
				</control>
				<control type="label">
					<posx>40</posx>
					<posy>25</posy>
					<width>540</width>
					<label>$INFO[ListItem.Property(UnWatchedEpisodes),, $LOCALIZE[16101] $LOCALIZE[20360]]</label>
					<font>listInfo</font>
					<include>listMenuFocus</include>
				</control>
			</focusedlayout>

			<itemlayout condition="Container.Content(episodes)" width="560" height="67">
				<control type="label">
					<posx>40</posx>
					<width>440</width>
					<label>$INFO[ListItem.Title]</label>
					<font>listBig</font>
					<include>listMenu</include>
					<visible>![stringcompare(container.folderpath,videodb://5/) | substring(Container.FolderPath,special://profile/playlists/video/)]</visible>
				</control>
				<control type="label">
					<posx>40</posx>
					<width>440</width>
					<label>$INFO[ListItem.TVShowTitle,,: ]$INFO[ListItem.Title]</label>
					<font>listBig</font>
					<include>listMenu</include>
					<visible>stringcompare(container.folderpath,videodb://5/) | substring(Container.FolderPath,special://profile/playlists/video/)</visible>
				</control> 
				<control type="label">
					<posx>40</posx>
					<width>440</width>
					<label>$INFO[ListItem.Label]</label>
					<font>listBig</font>
					<include>listMenu</include>
					<visible>IsEmpty(ListItem.Title)</visible>
				</control>
				<control type="label">
					<posx>40</posx>
					<posy>27</posy>
					<width>540</width>
					<label>$INFO[ListItem.Season,$LOCALIZE[20373] , - ]$INFO[ListItem.Episode,$LOCALIZE[20359] ]</label>
					<font>listInfo</font>
					<textcolor>Color2</textcolor>
					<include>listMenu</include>
					<visible>!IsEmpty(ListItem.Season)</visible>
				</control>
				<!--addon workaround-->
				<control type="label">
					<posx>40</posx>
					<posy>27</posy>
					<width>560</width>
					<label>$INFO[ListItem.TVShowTitle]</label>
					<font>listInfo</font>
					<textcolor>Color2</textcolor>
					<include>listMenu</include>
					<visible>IsEmpty(ListItem.Season)</visible>
				</control>
				<!--addon workaround-->
				<control type="image">
					<posx>475</posx>
					<posy>13</posy>
					<width>128</width>
					<height>22</height>
					<info>ListItem.StarRating</info>
					<aspectratio align="right">keep</aspectratio>
					<animation effect="fade" end="30" time="0" condition="true">Conditional</animation>
					<visible>!IsEmpty(ListItem.Title)</visible>
				</control>
			</itemlayout>
			<focusedlayout condition="Container.Content(episodes)" width="560" height="67">
				<control type="image">
					<posx>0</posx>
					<posy>-26</posy>
					<width>650</width>
					<height>122</height>
					<texture border="0,30,0,30">views/list-focus.png</texture>
					<include>focus_ListScroll</include>
					<visible>!ControlGroup(6000).HasFocus</visible>
				</control>
				<control type="label">
					<posx>40</posx>
					<width>440</width>
					<label>$INFO[ListItem.Title]</label>
					<font>listBig</font>
					<include>listMenuFocus</include>
					<visible>![stringcompare(container.folderpath,videodb://5/) | substring(Container.FolderPath,special://profile/playlists/video/)]</visible>
				</control>
				<control type="label">
					<posx>40</posx>
					<width>440</width>
					<label>$INFO[ListItem.TVShowTitle,,: ]$INFO[ListItem.Title]</label>
					<font>listBig</font>
					<include>listMenuFocus</include>
					<visible>stringcompare(container.folderpath,videodb://5/) | substring(Container.FolderPath,special://profile/playlists/video/)</visible>
				</control>
				<control type="label">
					<posx>40</posx>
					<width>440</width>
					<label>$INFO[ListItem.Label]</label>
					<font>listBig</font>
					<include>listMenuFocus</include>
					<visible>IsEmpty(ListItem.Title)</visible>
				</control>
				<control type="label">
					<posx>40</posx>
					<posy>27</posy>
					<width>560</width>
					<label>$INFO[ListItem.Season,$LOCALIZE[20373] , - ]$INFO[ListItem.Episode,$LOCALIZE[20359] ]$INFO[ListItem.Premiered, • ]</label>
					<font>listInfo</font>
					<include>listMenuFocus</include>
					<visible>!IsEmpty(ListItem.Season)</visible>
				</control>
				<!--addon workaround-->
				<control type="label">
					<posx>40</posx>
					<posy>27</posy>
					<width>560</width>
					<label>$INFO[ListItem.TVShowTitle]</label>
					<font>listInfo</font>
					<include>listMenuFocus</include>
					<visible>IsEmpty(ListItem.Season)</visible>
				</control>
				<!--addon workaround-->
				<control type="image">
					<posx>475</posx>
					<posy>13</posy>
					<width>128</width>
					<height>22</height>
					<info>ListItem.StarRating</info>
					<aspectratio align="right">keep</aspectratio>
					<visible>!IsEmpty(ListItem.Title)</visible>
				</control>
			</focusedlayout>

			<itemlayout condition="Container.Content(musicvideos)" width="560" height="67">
				<control type="label">
					<posx>40</posx>
					<posy>6</posy>
					<width>540</width>
					<label>$INFO[ListItem.Title]</label>
					<font>listBig</font>
					<include>listMenu</include>
				</control>
				<control type="label">
					<posx>40</posx>
					<posy>6</posy>
					<width>540</width>
					<label>$INFO[ListItem.Label]</label>
					<font>listBig</font>
					<include>listMenu</include>
					<visible>IsEmpty(ListItem.Title)</visible>
				</control>
				<control type="label">
					<posx>40</posx>
					<posy>34</posy>
					<width>540</width>
					<label>$INFO[ListItem.Artist]</label>
					<font>listInfo</font>
					<textcolor>Color2</textcolor>
					<include>listMenu</include>
				</control>
			</itemlayout>
			<focusedlayout condition="Container.Content(musicvideos)" width="560" height="67">
				<control type="image">
					<posy>-20</posy>
					<width>650</width>
					<height>122</height>
					<texture border="0,30,0,30">views/list-focus.png</texture>
					<include>focus_ListScroll</include>
					<visible>!ControlGroup(6000).HasFocus</visible>
				</control>
				<control type="label">
					<posx>40</posx>
					<posy>6</posy>
					<width>540</width>
					<label>$INFO[ListItem.Title]</label>
					<font>listBig</font>
					<include>listMenuFocus</include>
				</control>
				<control type="label">
					<posx>40</posx>
					<posy>6</posy>
					<width>540</width>
					<label>$INFO[ListItem.Label]</label>
					<font>listBig</font>
					<include>listMenuFocus</include>
					<visible>IsEmpty(ListItem.Title)</visible>
				</control>
				<control type="label">
					<posx>40</posx>
					<posy>34</posy>
					<width>540</width>
					<label>$INFO[ListItem.Artist]</label>
					<textcolor>Color5</textcolor>
					<font>listInfo</font>
					<include>listMenuFocus</include>
				</control>
			</focusedlayout>

			<itemlayout condition="Container.Content(albums)" width="560" height="67">
				<control type="label">
					<posx>40</posx>
					<width>540</width>
					<label>$INFO[ListItem.Album]</label>
					<font>listBig</font>
					<include>listMenu</include>
				</control>
				<control type="label">
					<posx>40</posx>
					<width>540</width>
					<label>$INFO[ListItem.Label]</label>
					<font>listBig</font>
					<include>listMenu</include>
					<visible>IsEmpty(ListItem.Album)</visible>
				</control>
				<control type="label">
					<posx>40</posx>
					<posy>25</posy>
					<width>540</width>
					<label>$INFO[ListItem.Artist]</label>
					<font>listInfo</font>
					<textcolor>Color2</textcolor>
					<include>listMenu</include>
				</control>
			</itemlayout>
			<focusedlayout condition="Container.Content(albums)" width="560" height="67">
				<control type="image">
					<posx>0</posx>
					<posy>-30</posy>
					<width>650</width>
					<height>128</height>
					<texture border="0,30,0,30">views/list-focus.png</texture>
					<include>focus_ListScroll</include>
					<visible>!ControlGroup(6000).HasFocus</visible>
				</control>
				<control type="label">
					<posx>40</posx>
					<width>540</width>
					<label>$INFO[ListItem.Album]</label>
					<font>listBig</font>
					<include>listMenuFocus</include>
				</control>
				<control type="label">
					<posx>40</posx>
					<width>540</width>
					<label>$INFO[ListItem.Label]</label>
					<font>listBig</font>
					<include>listMenuFocus</include>
					<visible>IsEmpty(ListItem.Album)</visible>
				</control>
				<control type="label">
					<posx>40</posx>
					<posy>25</posy>
					<width>540</width>
					<label>$INFO[ListItem.Artist]</label>
					<textcolor>Color5</textcolor>
					<font>listInfo</font>
					<include>listMenuFocus</include>
				</control>
			</focusedlayout>

			<itemlayout condition="Window.IsActive(videoplaylist)" width="625" height="67">
				<control type="label">
					<posx>40</posx>
					<width>580</width>
					<label>$INFO[ListItem.Label]</label>
					<font>listBig</font>
					<include>listMenu</include>
					<visible>IsEmpty(ListItem.Title)</visible>
				</control>
				<control type="label">
					<posx>40</posx>
					<width>580</width>
					<label>$INFO[ListItem.TVShowTitle,,: ]$INFO[ListItem.Title]</label>
					<font>listBig</font>
					<include>listMenu</include>
					<visible>!IsEmpty(ListItem.TVShowTitle)</visible>
				</control>
				<control type="label">
					<posx>40</posx>
					<width>580</width>
					<label>$INFO[ListItem.Title]</label>
					<font>listBig</font>
					<include>listMenu</include>
					<visible>IsEmpty(ListItem.TVShowTitle)</visible>
				</control>
				<control type="label">
					<posx>40</posx>
					<posy>27</posy>
					<width>580</width>
					<label>$INFO[ListItem.Season,$LOCALIZE[20373] , -] $INFO[ListItem.Episode,$LOCALIZE[20359] ]</label>
					<font>listInfo</font>
					<textcolor>Color2</textcolor>
					<include>listMenu</include>
					<visible>!IsEmpty(ListItem.TVShowTitle) + IsEmpty(ListItem.Artist)</visible>
				</control>
				<control type="label">
					<posx>40</posx>
					<posy>27</posy>
					<width>580</width>
					<label>$INFO[ListItem.Genre]</label>
					<font>listInfo</font>
					<textcolor>Color2</textcolor>
					<include>listMenu</include>
					<visible>IsEmpty(ListItem.TVShowTitle) + IsEmpty(ListItem.Artist)</visible>
				</control>
				<control type="label">
					<posx>40</posx>
					<posy>27</posy>
					<width>580</width>
					<label>$INFO[ListItem.Artist]</label>
					<font>listInfo</font>
					<textcolor>Color2</textcolor>
					<include>listMenu</include>
				</control>
				<control type="label">
					<posx>40</posx>
					<posy>27</posy>
					<width>580</width>
					<label>$INFO[ListItem.Path]</label>
					<font>listInfo</font>
					<textcolor>Color2</textcolor>
					<include>listMenu</include>
					<visible>IsEmpty(ListItem.TVShowTitle) + IsEmpty(ListItem.Artist) + IsEmpty(Listitem.Genre)</visible>
				</control>
			</itemlayout>
			<focusedlayout condition="Window.IsActive(videoplaylist)" width="625" height="67">
				<control type="image">
					<posx>0</posx>
					<posy>-26</posy>
					<width>650</width>
					<height>122</height>
					<texture border="0,30,0,30">views/list-focus.png</texture>
					<include>focus_ListScroll</include>
					<visible>!ControlGroup(6000).HasFocus</visible>
				</control>
				<control type="label">
					<posx>40</posx>
					<width>580</width>
					<label>$INFO[ListItem.Label]</label>
					<font>listBig</font>
					<include>listMenuFocus</include>
					<visible>IsEmpty(ListItem.Title)</visible>
				</control>
				<control type="label">
					<posx>40</posx>
					<width>580</width>
					<label>$INFO[ListItem.TVShowTitle,,: ]$INFO[ListItem.Title]</label>
					<font>listBig</font>
					<include>listMenuFocus</include>
					<visible>!IsEmpty(ListItem.TVShowTitle)</visible>
				</control>
				<control type="label">
					<posx>40</posx>
					<width>580</width>
					<label>$INFO[ListItem.Title]</label>
					<font>listBig</font>
					<include>listMenuFocus</include>
					<visible>IsEmpty(ListItem.TVShowTitle)</visible>
				</control>
				<control type="label">
					<posx>40</posx>
					<posy>27</posy>
					<width>580</width>
					<label>$INFO[ListItem.Season,$LOCALIZE[20373] , -] $INFO[ListItem.Episode,$LOCALIZE[20359] ]</label>
					<font>listInfo</font>
					<include>listMenuFocus</include>
					<visible>!IsEmpty(ListItem.TVShowTitle) + IsEmpty(ListItem.Artist)</visible>
				</control>
				<control type="label">
					<posx>40</posx>
					<posy>27</posy>
					<width>580</width>
					<label>$INFO[ListItem.Genre]</label>
					<font>listInfo</font>
					<include>listMenuFocus</include>
					<visible>IsEmpty(ListItem.TVShowTitle) + IsEmpty(ListItem.Artist)</visible>
				</control>
				<control type="label">
					<posx>40</posx>
					<posy>27</posy>
					<width>540</width>
					<label>$INFO[ListItem.Artist]</label>
					<include>listMenuFocus</include>
				</control>
				<control type="label">
					<posx>40</posx>
					<posy>27</posy>
					<width>580</width>
					<label>$INFO[ListItem.Path]</label>
					<font>listInfo</font>
					<include>listMenuFocus</include>
					<visible>IsEmpty(ListItem.TVShowTitle) + IsEmpty(ListItem.Artist) + IsEmpty(Listitem.Genre)</visible>
				</control>
			</focusedlayout>
		</control>
	</include>


<!--- BIG LIST ---------->
	<include name="view_BigList">
		<control type="fixedlist" id="51">
			<viewtype label="537">biglist</viewtype> 
			<posx>30</posx>
			<posy>88</posy>
			<width>1400</width>
			<height>598</height>
			<onleft>6000</onleft>
			<onright>71</onright>
			<onup>51</onup>
			<ondown>51</ondown>
			<scrolltime>150</scrolltime>
			<preloaditems>4</preloaditems>
			<pagecontrol>71</pagecontrol>
			<orientation>vertical</orientation>
			<focusposition>1</focusposition>
			<include>transition_Container</include>
			<include>infoDialogHide</include>
			<include>toggle_Menu</include>
			<visible>!substring(Container.FolderPath,plugin://) + [Container.Content(movies) | Container.Content(tvshows) | Container.Content(episodes)]</visible>
			
			<animation effect="slide" start="0,0" end="0,8" time="0" condition="Skin.HasSetting(numitems.enable)">Conditional</animation>

			<itemlayout condition="Container.Content(episodes) | [!Skin.HasSetting(biglist.posters) + [Container.Content(tvshows) | Container.Content(movies)]]"width="625" height="150">
				<control type="image">
					<width>256</width>
					<height>144</height>
					<texture fallback="thumbs/movie_landscape.png" background="true">$INFO[ListItem.Property(Fanart_Image)]</texture>
					<bordertexture border="6" width="384" height="384">frames/frame_Square-small.png</bordertexture>
					<bordersize>6</bordersize>
					<aspectratio>stretch</aspectratio>
					<visible>Container.Content(movies)</visible>
				</control>
				<control type="image">
					<width>256</width>
					<height>144</height>
					<texture fallback="thumbs/tvshow_landscape.png" background="true">$INFO[ListItem.Property(Fanart_Image)]</texture>
					<bordertexture border="6" width="384" height="384">frames/frame_Square-small.png</bordertexture>
					<bordersize>6</bordersize>
					<aspectratio>stretch</aspectratio>
					<visible>Container.Content(tvshows)</visible>
				</control>
				<control type="image">
					<width>256</width>
					<height>144</height>
					<texture fallback="thumbs/tvshow_landscape.png" background="true">$INFO[ListItem.Thumb]</texture>
					<bordertexture border="6" width="384" height="384">frames/frame_Square-small.png</bordertexture>
					<bordersize>6</bordersize>
					<aspectratio>scale</aspectratio>
					<visible>Container.Content(episodes)</visible>
				</control>
				<control type="image">
					<posx>218</posx>
					<posy>106</posy>
					<width>32</width>
					<height>32</height>
					<include>watchedOverlay</include>
				</control>
				<control type="image">
					<posx>6</posx>
					<posy>113</posy>
					<width>39</width>
					<height>24</height>
					<texture>views/HD.png</texture>
					<aspectratio align="right">keep</aspectratio>
					<visible>[stringcompare(Listitem.VideoResolution,720) | stringcompare(Listitem.VideoResolution,1080)]</visible>
				</control>
				<control type="label" id="1">
					<posx>270</posx>
					<posy>12</posy>
					<width>770</width>
					<label>$INFO[ListItem.TVShowTitle]</label>
					<font>listBig</font>
					<textcolor>Color1</textcolor>
					<visible>Container.Content(tvshows)</visible>
				</control>
				<control type="label" id="1">
					<posx>270</posx>
					<posy>12</posy>
					<width>770</width>
					<label>$INFO[ListItem.Title]</label>
					<font>listBig</font>
					<textcolor>Color1</textcolor>
					<visible></visible>
					<visible>Container.Content(movies) | [Container.Content(episodes) + ![stringcompare(container.folderpath,videodb://5/) | substring(Container.FolderPath,special://profile/playlists/video/)]]</visible>
				</control>
				<control type="label" id="1">
					<posx>270</posx>
					<posy>12</posy>
					<width>770</width>
					<label>$INFO[ListItem.TVShowTitle,,: ]$INFO[ListItem.Title]</label>
					<font>listBig</font>
					<textcolor>Color1</textcolor>
					<visible>Container.Content(episodes) + [stringcompare(container.folderpath,videodb://5/) | substring(Container.FolderPath,special://profile/playlists/video/)]</visible>
				</control>
				<control type="label" id="1">
					<posx>270</posx>
					<posy>12</posy>
					<width>770</width>
					<label>$INFO[ListItem.Label]</label>
					<font>listBig</font>
					<textcolor>Color1</textcolor>
					<visible>IsEmpty(ListItem.TVShowTitle) + IsEmpty(ListItem.Title)</visible>
				</control>
				<control type="label" id="1">
					<posx>270</posx>
					<posy>40</posy>
					<width>770</width>
					<label>$INFO[ListItem.Year,, • ]$INFO[ListItem.Duration,, ]$LOCALIZE[31100]$INFO[ListItem.Genre, • ]</label>
					<font>smallCaps</font>
					<textcolor>Color2</textcolor>
					<visible>Container.Content(movies) + !IsEmpty(ListItem.Title)</visible>
				</control>
				<control type="label" id="1">
					<posx>270</posx>
					<posy>40</posy>
					<width>770</width>
					<label>$INFO[ListItem.Property(UnWatchedEpisodes),, $LOCALIZE[16101] $LOCALIZE[20360]]$INFO[ListItem.Property(TotalSeasons), • ] $LOCALIZE[33054]</label>
					<font>smallCaps</font>
					<textcolor>Color2</textcolor>
					<visible>Container.Content(tvshows) + !IsEmpty(ListItem.TVShowTitle) + !stringcompare(ListItem.Property(TotalSeasons),1)</visible>
				</control>
				<control type="label" id="1">
					<posx>270</posx>
					<posy>40</posy>
					<width>770</width>
					<label>$INFO[ListItem.Property(UnWatchedEpisodes),, $LOCALIZE[16101] $LOCALIZE[20360]]$INFO[ListItem.Property(TotalSeasons), • ] $LOCALIZE[20373]</label>
					<font>smallCaps</font>
					<textcolor>Color2</textcolor>
					<visible>Container.Content(tvshows) + !IsEmpty(ListItem.TVShowTitle) + stringcompare(ListItem.Property(TotalSeasons),1)</visible>
				</control>
				<control type="label" id="1">
					<posx>270</posx>
					<posy>40</posy>
					<width>770</width>
					<label>$INFO[ListItem.Season,$LOCALIZE[20373] , - ]$INFO[ListItem.Episode,$LOCALIZE[20359] ]$INFO[ListItem.Premiered, • ]</label>
					<font>smallCaps</font>
					<textcolor>Color2</textcolor>
					<visible>Container.Content(episodes)</visible>
				</control>
				<control type="image">
					<posx>1060</posx>
					<posy>35</posy>
					<width>128</width>
					<height>32</height>
					<info>ListItem.StarRating</info>
					<aspectratio align="right">keep</aspectratio>
					<visible>!IsEmpty(ListItem.Title)</visible>
				</control>
				<control type="textbox" id="4">
					<posx>270</posx>
					<posy>65</posy>
					<width>920</width>
					<height>60</height>
					<label>$INFO[ListItem.Plot]</label>
					<autoscroll delay="300000" time="1000">!Control.HasFocus(13)</autoscroll>
					<font>descriptionSmall</font>
				</control>
			</itemlayout>
			<focusedlayout condition="Container.Content(episodes) | [!Skin.HasSetting(biglist.posters) + [Container.Content(tvshows) | Container.Content(movies)]]" width="625" height="150">
				<control type="image">
					<width>256</width>
					<height>144</height>
					<texture fallback="thumbs/movie_landscape.png" background="true">$INFO[ListItem.Property(Fanart_Image)]</texture>
					<bordersize>6</bordersize>
					<aspectratio>scale</aspectratio>
					<visible>Container.Content(movies)</visible>
				</control>
				<control type="image">
					<width>256</width>
					<height>144</height>
					<texture fallback="thumbs/tvshow_landscape.png" background="true">$INFO[ListItem.Property(Fanart_Image)]</texture>
					<bordersize>6</bordersize>
					<aspectratio>scale</aspectratio>
					<visible>Container.Content(tvshows)</visible>
				</control>
				<control type="image">
					<width>256</width>
					<height>144</height>
					<texture fallback="thumbs/tvshow_landscape.png" background="true">$INFO[ListItem.Thumb]</texture>
					<bordersize>6</bordersize>
					<aspectratio>scale</aspectratio>
					<visible>Container.Content(episodes)</visible>
				</control>
				<control type="image">
					<posx>218</posx>
					<posy>106</posy>
					<width>32</width>
					<height>32</height>
					<include>watchedOverlay</include>
				</control>
				<control type="image">
					<posx>6</posx>
					<posy>113</posy>
					<width>39</width>
					<height>24</height>
					<texture>views/HD.png</texture>
					<aspectratio align="right">keep</aspectratio>
					<visible>[stringcompare(Listitem.VideoResolution,720) | stringcompare(Listitem.VideoResolution,1080)]</visible>
				</control>
				<control type="label" id="1">
					<posx>270</posx>
					<posy>12</posy>
					<width>770</width>
					<label>$INFO[ListItem.TVShowTitle]</label>
					<font>listBig</font>
					<textcolor>Focused</textcolor>
					<visible>Container.Content(tvshows)</visible>
				</control>
				<control type="label" id="1">
					<posx>270</posx>
					<posy>12</posy>
					<width>770</width>
					<label>$INFO[ListItem.Title]</label>
					<font>listBig</font>
					<textcolor>Focused</textcolor>
					<visible>Container.Content(movies) | [Container.Content(episodes) + ![stringcompare(container.folderpath,videodb://5/) | substring(Container.FolderPath,special://profile/playlists/video/)]]</visible>
				</control>
				<control type="label" id="1">
					<posx>270</posx>
					<posy>12</posy>
					<width>770</width>
					<label>$INFO[ListItem.TVShowTitle,,: ]$INFO[ListItem.Title]</label>
					<font>listBig</font>
					<textcolor>Focused</textcolor>
					<visible>Container.Content(episodes) + [stringcompare(container.folderpath,videodb://5/) | substring(Container.FolderPath,special://profile/playlists/video/)]</visible>
				</control>
				<control type="label" id="1">
					<posx>270</posx>
					<posy>12</posy>
					<width>770</width>
					<label>$INFO[ListItem.Label]</label>
					<font>listBig</font>
					<textcolor>Focused</textcolor>
					<visible>IsEmpty(ListItem.TVShowTitle) + IsEmpty(ListItem.Title)</visible>
				</control>
				<control type="label" id="1">
					<posx>270</posx>
					<posy>40</posy>
					<width>770</width>
					<label>$INFO[ListItem.Property(UnWatchedEpisodes),, $LOCALIZE[16101] $LOCALIZE[20360]]$INFO[ListItem.Property(TotalSeasons), • ] $LOCALIZE[33054]</label>
					<font>smallCaps</font>
					<textcolor>Focused</textcolor>
					<visible>Container.Content(tvshows) + !IsEmpty(ListItem.TVShowTitle) + !stringcompare(ListItem.Property(TotalSeasons),1)</visible>
				</control>
				<control type="label" id="1">
					<posx>270</posx>
					<posy>40</posy>
					<width>770</width>
					<label>$INFO[ListItem.Property(UnWatchedEpisodes),, $LOCALIZE[16101] $LOCALIZE[20360]]$INFO[ListItem.Property(TotalSeasons), • ] $LOCALIZE[20373]</label>
					<font>smallCaps</font>
					<textcolor>Focused</textcolor>
					<visible>Container.Content(tvshows) + !IsEmpty(ListItem.TVShowTitle) + stringcompare(ListItem.Property(TotalSeasons),1)</visible>
				</control>
				<control type="label" id="1">
					<posx>270</posx>
					<posy>40</posy>
					<width>770</width>
					<label>$INFO[ListItem.Year,, • ]$INFO[ListItem.Duration,, ]$LOCALIZE[31100]$INFO[ListItem.Genre, • ]</label>
					<font>smallCaps</font>
					<textcolor>Focused</textcolor>
					<visible>Container.Content(movies) + !IsEmpty(ListItem.Title)</visible>
				</control>
				<control type="label" id="1">
					<posx>270</posx>
					<posy>40</posy>
					<width>770</width>
					<label>$INFO[ListItem.Season,$LOCALIZE[20373] , - ]$INFO[ListItem.Episode,$LOCALIZE[20359] ]$INFO[ListItem.Premiered, • ]</label>
					<font>smallCaps</font>
					<textcolor>Focused</textcolor>
					<visible>Container.Content(episodes)</visible>
				</control>
				<control type="image">
					<posx>1060</posx>
					<posy>35</posy>
					<width>128</width>
					<height>32</height>
					<info>ListItem.StarRating</info>
					<aspectratio align="right">keep</aspectratio>
					<visible>!IsEmpty(ListItem.Title)</visible>
				</control>
				<control type="textbox" id="4">
					<posx>270</posx>
					<posy>65</posy>
					<width>920</width>
					<height>60</height>
					<label>$INFO[ListItem.Plot]</label>
					<autoscroll delay="300000" time="1000">!Control.HasFocus(13)</autoscroll>
					<font>descriptionSmall</font>
					<textcolor>Focused</textcolor>
				</control>
			</focusedlayout>

			<itemlayout condition="Container.Content(episodes) | [Skin.HasSetting(biglist.posters) + [Container.Content(tvshows) | Container.Content(movies)]]"width="625" height="150">
				<control type="image">
					<width>100</width>
					<height>144</height>
					<texture fallback="thumbs/movie_portrait" background="true">$INFO[ListItem.Thumb]</texture>
					<bordertexture border="6" width="384" height="384">frames/frame_Square-small.png</bordertexture>
					<bordersize>6</bordersize>
					<aspectratio>scale</aspectratio>
					<visible>Container.Content(movies)</visible>
				</control>
				<control type="image">
					<width>100</width>
					<height>144</height>
					<texture fallback="thumbs/tvshow_portrait.png" background="true">$INFO[ListItem.Thumb]</texture>
					<bordertexture border="6" width="384" height="384">frames/frame_Square-small.png</bordertexture>
					<bordersize>6</bordersize>
					<aspectratio>scale</aspectratio>
					<visible>Container.Content(tvshows)</visible>
				</control>
				<control type="image">
					<posx>62</posx>
					<posy>106</posy>
					<include>watchedOverlay</include>
				</control>
				<control type="image">
					<posx>6</posx>
					<posy>113</posy>
					<width>39</width>
					<height>24</height>
					<texture>views/HD.png</texture>
					<aspectratio align="right">keep</aspectratio>
					<visible>[stringcompare(Listitem.VideoResolution,720) | stringcompare(Listitem.VideoResolution,1080)]</visible>
				</control>
				<control type="label" id="1">
					<posx>120</posx>
					<posy>12</posy>
					<width>770</width>
					<label>$INFO[ListItem.TVShowTitle]</label>
					<font>listBig</font>
					<textcolor>Color1</textcolor>
					<visible>Container.Content(tvshows)</visible>
				</control>
				<control type="label" id="1">
					<posx>120</posx>
					<posy>12</posy>
					<width>770</width>
					<label>$INFO[ListItem.Title]</label>
					<font>listBig</font>
					<textcolor>Color1</textcolor>
					<visible></visible>
					<visible>Container.Content(movies) | [Container.Content(episodes) + ![stringcompare(container.folderpath,videodb://5/) | substring(Container.FolderPath,special://profile/playlists/video/)]]</visible>
				</control>
				<control type="label" id="1">
					<posx>120</posx>
					<posy>12</posy>
					<width>770</width>
					<label>$INFO[ListItem.Label]</label>
					<font>listBig</font>
					<textcolor>Color1</textcolor>
					<visible>IsEmpty(ListItem.TVShowTitle) + IsEmpty(ListItem.Title)</visible>
				</control>
				<control type="label" id="1">
					<posx>120</posx>
					<posy>40</posy>
					<width>900</width>
					<label>$INFO[ListItem.Year,, • ]$INFO[ListItem.Duration,, ]$LOCALIZE[31100]$INFO[ListItem.Genre, • ]</label>
					<font>smallCaps</font>
					<textcolor>Color2</textcolor>
					<visible>Container.Content(movies) + !IsEmpty(ListItem.Title)</visible>
				</control>
				<control type="label" id="1">
					<posx>120</posx>
					<posy>40</posy>
					<width>975</width>
					<label>$INFO[ListItem.Property(UnWatchedEpisodes),, $LOCALIZE[16101] $LOCALIZE[20360]]</label>
					<font>smallCaps</font>
					<textcolor>Color2</textcolor>
					<visible>Container.Content(tvshows)</visible>
				</control>
				<control type="image">
					<posx>1060</posx>
					<posy>35</posy>
					<width>128</width>
					<height>32</height>
					<info>ListItem.StarRating</info>
					<aspectratio align="right">keep</aspectratio>
					<visible>!IsEmpty(ListItem.Title)</visible>
				</control>
				<control type="textbox" id="4">
					<posx>120</posx>
					<posy>65</posy>
					<width>1070</width>
					<height>60</height>
					<label>$INFO[ListItem.Plot]</label>
					<autoscroll delay="300000" time="1000">!Control.HasFocus(13)</autoscroll>
					<font>descriptionSmall</font>
				</control>
			</itemlayout>
			<focusedlayout condition="Container.Content(episodes) | [Skin.HasSetting(biglist.posters) + [Container.Content(tvshows) | Container.Content(movies)]]" width="625" height="150">
				<control type="image">
					<width>100</width>
					<height>144</height>
					<texture fallback="thumbs/movie_portrait.png" background="true">$INFO[ListItem.Thumb]</texture>
					<bordersize>6</bordersize>
					<aspectratio>scale</aspectratio>
					<visible>Container.Content(movies)</visible>
				</control>
				<control type="image">
					<width>100</width>
					<height>144</height>
					<texture fallback="thumbs/tvshow_portrait.png" background="true">$INFO[ListItem.Thumb]</texture>
					<bordersize>6</bordersize>
					<aspectratio>scale</aspectratio>
					<visible>Container.Content(tvshows)</visible>
				</control>
				<control type="image">
					<width>256</width>
					<height>144</height>
					<texture fallback="thumbs/tvshow_portrait.png" background="true">$INFO[ListItem.Thumb]</texture>
					<bordersize>6</bordersize>
					<aspectratio>scale</aspectratio>
					<visible>Container.Content(episodes)</visible>
				</control>
				<control type="image">
					<posx>62</posx>
					<posy>106</posy>
					<include>watchedOverlay</include>
				</control>
				<control type="image">
					<posx>6</posx>
					<posy>113</posy>
					<width>39</width>
					<height>24</height>
					<texture>views/HD.png</texture>
					<aspectratio align="right">keep</aspectratio>
					<visible>[stringcompare(Listitem.VideoResolution,720) | stringcompare(Listitem.VideoResolution,1080)]</visible>
				</control>
				<control type="label" id="1">
					<posx>120</posx>
					<posy>12</posy>
					<width>770</width>
					<label>$INFO[ListItem.TVShowTitle]</label>
					<font>listBig</font>
					<textcolor>Focused</textcolor>
					<visible>Container.Content(tvshows)</visible>
				</control>
				<control type="label" id="1">
					<posx>120</posx>
					<posy>12</posy>
					<width>770</width>
					<label>$INFO[ListItem.Title]</label>
					<font>listBig</font>
					<textcolor>Focused</textcolor>
					<visible>Container.Content(movies) | [Container.Content(episodes) + ![stringcompare(container.folderpath,videodb://5/) | substring(Container.FolderPath,special://profile/playlists/video/)]]</visible>
				</control>
				<control type="label" id="1">
					<posx>120</posx>
					<posy>12</posy>
					<width>770</width>
					<label>$INFO[ListItem.Label]</label>
					<font>listBig</font>
					<textcolor>Focused</textcolor>
					<visible>IsEmpty(ListItem.TVShowTitle) + IsEmpty(ListItem.Title)</visible>
				</control>
				<control type="label" id="1">
					<posx>120</posx>
					<posy>40</posy>
					<width>975</width>
					<label>$INFO[ListItem.Property(UnWatchedEpisodes),, $LOCALIZE[16101] $LOCALIZE[20360]]</label>
					<font>smallCaps</font>
					<textcolor>Focused</textcolor>
					<visible>Container.Content(tvshows)</visible>
				</control>
				<control type="label" id="1">
					<posx>120</posx>
					<posy>40</posy>
					<width>900</width>
					<label>$INFO[ListItem.Year,, • ]$INFO[ListItem.Duration,, ]$LOCALIZE[31100]$INFO[ListItem.Genre, • ]</label>
					<font>smallCaps</font>
					<textcolor>Focused</textcolor>
					<visible>Container.Content(movies) + !IsEmpty(ListItem.Title)</visible>
				</control>
				<control type="image">
					<posx>1060</posx>
					<posy>35</posy>
					<width>128</width>
					<height>32</height>
					<info>ListItem.StarRating</info>
					<aspectratio align="right">keep</aspectratio>
					<visible>!IsEmpty(ListItem.Title)</visible>
				</control>
				<control type="textbox" id="4">
					<posx>120</posx>
					<posy>65</posy>
					<width>1070</width>
					<height>60</height>
					<label>$INFO[ListItem.Plot]</label>
					<autoscroll delay="300000" time="1000">!Control.HasFocus(13)</autoscroll>
					<font>descriptionSmall</font>
					<textcolor>Focused</textcolor>
				</control>
			</focusedlayout>
		</control>
	</include>

<!--- SLIDE VIEW POSTER ---------->
	<include name="view_SlidePoster">
		<control type="fixedlist" id="52">
			<viewtype label="Slide">wrap</viewtype>
			<posx>-2</posx>
			<posy>90</posy>
			<width>1450</width>
			<height>425</height>
			<onup>6000</onup>
			<ondown>72</ondown>
			<onleft>52</onleft>
			<onright>52</onright>
			<orientation>horizontal</orientation>
			<focusposition>1</focusposition>
			<pagecontrol>72</pagecontrol>
			<scrolltime>200</scrolltime>
			<preloaditems>4</preloaditems>
			<include>transition_Container</include>
			<include>infoDialogHide</include>
			<include>toggle_Menu</include>
			<visible>stringcompare(container.folderpath,plugin://plugin.video.apple.movie.trailers.lite/) | [Container.Content(movies) | Container.Content(tvshows) | Container.Content(seasons)] + !substring(Container.FolderPath,plugin://)</visible>
			<itemlayout height="400" width="205">
				<control type="image">
					<width>228</width>
					<height>316</height>
					<texture fallback="thumbs/movie_portrait.png" background="true">$INFO[ListItem.Thumb]</texture>
					<bordertexture border="40">frames/frame_Square.png</bordertexture>
					<bordersize>22</bordersize>
					<aspectratio align="center">stretch</aspectratio>
					<visible>Container.Content(movies)</visible>
				</control>
				<control type="image">
					<width>228</width>
					<height>316</height>
					<texture fallback="thumbs/tvshow_portrait.png" background="true">$INFO[ListItem.Thumb]</texture>
					<bordertexture border="40">frames/frame_Square.png</bordertexture>
					<bordersize>22</bordersize>
					<aspectratio align="center">stretch</aspectratio>
					<visible>Container.Content(tvshows) | Container.Content(seasons)</visible>
				</control>
				<control type="image">
					<posx>174</posx>
					<posy>262</posy>
					<include>watchedOverlay</include>
					<visible>!Control.HasFocus(8000) + [Container.Content(movies) + Skin.HasSetting(overlay.movies) | Container.Content(tvshows) + Skin.HasSetting(overlay.tvshows)]</visible>
				</control>
			</itemlayout>
			<focusedlayout height="400" width="205">
				<control type="image">
					<width>228</width>
					<height>316</height>
					<texture fallback="thumbs/movie_portrait.png" background="true">$INFO[ListItem.Thumb]</texture>
					<bordertexture border="40">frames/frame_Square.png</bordertexture>
					<bordersize>22</bordersize>
					<aspectratio align="center">stretch</aspectratio>
					<include>focus_SlidePoster</include>
					<visible>Container.Content(movies)</visible>
				</control>
				<control type="image">
					<width>228</width>
					<height>316</height>
					<texture fallback="thumbs/tvshow_portrait.png" background="true">$INFO[ListItem.Thumb]</texture>
					<bordertexture border="40">frames/frame_Square.png</bordertexture>
					<bordersize>22</bordersize>
					<aspectratio align="center">stretch</aspectratio>
					<include>focus_SlidePoster</include>
					<visible>Container.Content(tvshows) | Container.Content(seasons)</visible>
				</control>
				<control type="image">
					<posx>174</posx>
					<posy>262</posy>
					<include>watchedOverlay</include>
					<include>focus_SlidePoster</include>
					<visible>!Control.HasFocus(8000) + [Container.Content(movies) + Skin.HasSetting(overlay.movies) | Container.Content(tvshows) + Skin.HasSetting(overlay.tvshows)]</visible>
				</control>
			</focusedlayout>
		</control>	
	</include>


<!--- SLIDE VIEW EPISODES ---------->
	<include name="view_SlideEpisode">
		<control type="fixedlist" id="58">
			<viewtype label="Slide">wrap</viewtype>
			<posx>-560</posx>
			<posy>110</posy>
			<width>2060</width>
			<height>430</height>
			<onleft>58</onleft>
			<onright>58</onright>
			<wraparound>true</wraparound>
			<onup>6000</onup>
			<ondown>72</ondown>
			<pagecontrol>72</pagecontrol>
			<preloaditems>4</preloaditems>
			<scrolltime>200</scrolltime>
			<orientation>horizontal</orientation>
			<focusposition>2</focusposition>
			<include>transition_Container</include>
			<include>infoDialogHide</include>
			<include>toggle_Menu</include>
			<animation effect="slide" start="0,0" end="0,22" time="0" condition="Container.Content(files) | Container.Content(musicvideos)">Conditional</animation>
			<visible>[[Container.Content(episodes) | Container.Content(musicvideos)] | [Container.Content(files) + Container(58).HasFiles]] + !substring(Container.FolderPath,plugin://) + !substring(Container.FolderPath,special://videoplaylists/)</visible>			
			<itemlayout width="390" height="300">
				<control type="image">
					<width>427</width>
					<height>264</height>
					<texture fallback="thumbs/tvshow_landscape.png" background="true">$INFO[ListItem.Thumb]</texture>
					<bordertexture border="28">frames/frame_Landscape.png</bordertexture>
					<bordersize>27</bordersize>
					<aspectratio>stretch</aspectratio>
					<visible>Container.Content(episodes)</visible>
				</control>
				<control type="image">
					<width>427</width>
					<height>264</height>
					<texture fallback="thumbs/music_landscape.png" background="true">$INFO[ListItem.Thumb]</texture>
					<bordertexture border="28">frames/frame_Landscape.png</bordertexture>
					<bordersize>27</bordersize>
					<aspectratio>stretch</aspectratio>
					<visible>Container.Content(musicvideos)</visible>
				</control>
				<control type="image">
					<width>427</width>
					<height>264</height>
					<texture fallback="thumbs/movie_landscape.png" background="true">$INFO[ListItem.Thumb]</texture>
					<bordertexture border="28" width="400" height="225">frames/frame_Landscape.png</bordertexture>
					<bordersize>27</bordersize>
					<aspectratio>stretch</aspectratio>
					<visible>Container.Content(files)</visible>
				</control>
				<control type="image">
					<posx>368</posx>
					<posy>205</posy>
					<include>watchedOverlay</include>
					<visible>Skin.HasSetting(overlay.episodes)</visible>
				</control>
			</itemlayout>
			<focusedlayout width="390" height="300">
				<control type="image">
					<width>427</width>
					<height>264</height>
					<texture fallback="thumbs/tvshow_landscape.png" background="true">$INFO[ListItem.Thumb]</texture>
					<bordertexture border="28">frames/frame_Landscape.png</bordertexture>
					<bordersize>27</bordersize>
					<aspectratio>stretch</aspectratio>
					<visible>Container.Content(episodes)</visible>
					<include>focus_SlideEpisode</include>
				</control>
				<control type="image">
					<width>427</width>
					<height>264</height>
					<texture fallback="thumbs/music_landscape.png" background="true">$INFO[ListItem.Thumb]</texture>
					<bordertexture border="28">frames/frame_Landscape.png</bordertexture>
					<bordersize>27</bordersize>
					<aspectratio>stretch</aspectratio>
					<visible>Container.Content(musicvideos)</visible>
					<include>focus_SlideEpisode</include>
				</control>
				<control type="image">
					<width>427</width>
					<height>264</height>
					<texture fallback="thumbs/movie_landscape.png" background="true">$INFO[ListItem.Thumb]</texture>
					<bordertexture border="28">frames/frame_Landscape.png</bordertexture>
					<bordersize>27</bordersize>
					<aspectratio>stretch</aspectratio>
					<visible>Container.Content(files)</visible>
					<include>focus_SlideEpisode</include>
				</control>
				<control type="image">
					<posx>368</posx>
					<posy>205</posy>
					<include>watchedOverlay</include>
					<include>focus_SlideEpisode</include>
					<visible>Skin.HasSetting(overlay.episodes)</visible>
				</control>
			</focusedlayout>
		</control>
	</include>


<!--- POSTER VIEW ----------> 
	<include name="view_Poster">
		<control type="panel" id="57">
			<viewtype label="31009">bigicon</viewtype>	
			<posx>75</posx>
			<posy>90</posy>
			<width>1200</width>
			<height>521</height>
			<onleft>6000</onleft>
			<onright>83</onright>
			<onup>57</onup>
			<ondown>57</ondown>
			<scrolltime>150</scrolltime>
			<pagecontrol>83</pagecontrol>
			<orientation>vertical</orientation>
			<preloaditems>6</preloaditems>
			<visible>[Container.Content(movies) | Container.Content(tvshows) | Container.Content(seasons)]</visible>
			<include>transition_Container</include>
			<include>toggle_Menu</include>
			<include>infoDialogHide</include>

			<itemlayout height="260" width="186">
				<control type="image">
					<width>177</width>
					<height>250</height>
					<texture fallback="thumbs/movie_portrait.png" background="true">$INFO[ListItem.Thumb]</texture>
					<bordertexture border="6" width="177" height="250">frames/frame_Square-small.png</bordertexture>
					<bordersize>6</bordersize>
					<aspectratio>stretch</aspectratio>
					<visible>Container.Content(movies)</visible>
				</control>
				<control type="image">
					<width>177</width>
					<height>250</height>
					<texture fallback="thumbs/tvshow_portrait.png" background="true">$INFO[ListItem.Thumb]</texture>
					<bordertexture border="6" width="177" height="250">frames/frame_Square-small.png</bordertexture>
					<bordersize>6</bordersize>
					<aspectratio>stretch</aspectratio>
					<visible>Container.Content(tvshows) | Container.Content(seasons)</visible>
				</control>
				<control type="image">
					<posx>139</posx>
					<posy>213</posy>
					<width>32</width>
					<height>32</height>
					<include>watchedOverlay</include>
					<visible>[Container.Content(movies) + Skin.HasSetting(overlay.movies)] | [Container.Content(tvshows) + Skin.HasSetting(overlay.tvshows)]</visible>
				</control>
			</itemlayout>											
			<focusedlayout height="260" width="186">
				<control type="image">
					<width>177</width>
					<height>250</height>
					<texture fallback="thumbs/movie_portrait.png" background="true">$INFO[ListItem.Thumb]</texture>
					<bordertexture border="6" width="177" height="250">frames/frame_Square-small.png</bordertexture>
					<bordersize>6</bordersize>
					<aspectratio>stretch</aspectratio>
					<include>focus_ThumbPoster</include>
					<visible>Container.Content(movies)</visible>
				</control>
				<control type="image">
					<width>177</width>
					<height>250</height>
					<texture fallback="thumbs/tvshow_portrait.png" background="true">$INFO[ListItem.Thumb]</texture>
					<bordertexture border="6" width="177" height="250">frames/frame_Square-small.png</bordertexture>
					<bordersize>6</bordersize>
					<aspectratio>stretch</aspectratio>
					<include>focus_ThumbPoster</include>
					<visible>Container.Content(tvshows) | Container.Content(seasons)</visible>
				</control>
				<control type="image">
					<posx>139</posx>
					<posy>212</posy>
					<width>32</width>
					<height>32</height>
					<include>watchedOverlay</include>
					<visible>[Container.Content(movies) + Skin.HasSetting(overlay.movies)] | [Container.Content(tvshows) + Skin.HasSetting(overlay.tvshows)]</visible>
					<include>focus_ThumbPoster</include>
				</control>
			</focusedlayout>
		</control>
	</include>

	<include name="view_PosterInfo">
		<control type="panel" id="571">
			<viewtype label="31009">icon</viewtype>	
			<posx>55</posx>
			<posy>105</posy>
			<width>700</width>
			<height>572</height>
			<onleft>6000</onleft>
			<onright>78</onright>
			<onup>571</onup>
			<ondown>571</ondown>
			<scrolltime>150</scrolltime>
			<pagecontrol>78</pagecontrol>
			<orientation>vertical</orientation>
			<preloaditems>4</preloaditems>
			<visible>!Window.IsActive(progressdialog) + [Container.Content(movies) | Container.Content(tvshows)]</visible>
			<include>transition_Container</include>
			<include>toggle_Menu</include>
			<include>infoDialogHide</include>
			<!--<animation effect="slide" end="-30" time="150" condition="Container(57).OnNext">Conditional</animation>-->	

			<itemlayout height="190" width="133">
				<control type="image">
					<width>131</width>
					<height>188</height>
					<texture border="48">frames/frame_PortraitAlt.png</texture>
					<aspectratio>stretch</aspectratio>
					<include>fadeinout</include>
				</control>
				<control type="image">
					<posx>9</posx>
					<posy>9</posy>
					<width>113</width>
					<height>170</height>
					<aspectratio scalediffuse="false" align="center">stretch</aspectratio>
					<texture background="true" fallback="thumbs/tvshow_portrait.png">$INFO[ListItem.Thumb]</texture>
					<visible>Container.Content(tvshows)</visible>
				</control>
				<control type="image">
					<posx>9</posx>
					<posy>9</posy>
					<width>113</width>
					<height>170</height>
					<aspectratio scalediffuse="false" align="center">stretch</aspectratio>
					<texture background="true" fallback="thumbs/movie_portrait.png">$INFO[ListItem.Thumb]</texture>
					<visible>Container.Content(movies)</visible>
				</control>
				<control type="image">
					<posx>90</posx>
					<posy>147</posy>
					<width>32</width>
					<height>32</height>
					<include>watchedOverlay</include>
					<visible>[Container.Content(movies) + Skin.HasSetting(overlay.movies)] | [Container.Content(tvshows) + Skin.HasSetting(overlay.tvshows)]</visible>
				</control>
			</itemlayout>											
			<focusedlayout height="190" width="133">
				<control type="image">
					<width>131</width>
					<height>188</height>
					<texture border="48">frames/frame_PortraitAlt.png</texture>
					<aspectratio>stretch</aspectratio>
					<include>focus_ThumbPosterInfo</include>
				</control>
				<control type="image">
					<posx>9</posx>
					<posy>9</posy>
					<width>113</width>
					<height>170</height>
					<aspectratio scalediffuse="false" align="center">stretch</aspectratio>
					<texture background="true" fallback="thumbs/tvshow_portrait.png">$INFO[ListItem.Thumb]</texture>
					<include>focus_ThumbPosterInfo</include>
					<visible>Container.Content(tvshows)</visible>
				</control>
				<control type="image">
					<posx>9</posx>
					<posy>9</posy>
					<width>113</width>
					<height>170</height>
					<aspectratio scalediffuse="false" align="center">stretch</aspectratio>
					<texture background="true" fallback="thumbs/movie_portrait.png">$INFO[ListItem.Thumb]</texture>
					<include>focus_ThumbPosterInfo</include>
					<visible>Container.Content(movies)</visible>
				</control>
				<control type="image">
					<posx>90</posx>
					<posy>147</posy>
					<width>32</width>
					<height>32</height>
					<include>watchedOverlay</include>
					<include>focus_ThumbPosterInfo</include>
					<visible>[Container.Content(movies) + Skin.HasSetting(overlay.movies)] | [Container.Content(tvshows) + Skin.HasSetting(overlay.tvshows)]</visible>
				</control>
			</focusedlayout>
		</control>
	</include>
	
	
	<include name="view_ThumbHigh">
		<control type="panel" id="575">
			<viewtype label="Thumbnails">bigicons</viewtype>
			<posx>55</posx>
			<posy>120</posy>
			<width>1240</width>
			<height>580</height>
			<onleft>6000</onleft>
			<onright>85</onright>
			<onup>575</onup>
			<ondown>575</ondown>
			<preloaditems>4</preloaditems>
			<scrolltime>150</scrolltime>
			<pagecontrol>85</pagecontrol>
			<include>transition_Container</include>
			<include>infoDialogHide</include>
			<include>toggle_Menu</include>
			<visible>Container.Content(episodes) + ![substring(Container.FolderPath,plugin://) | substring(Container.FolderPath,addons://)]</visible>
			<itemlayout height="290" width="400">
				<control type="image">
					<width>355</width>
					<height>208</height>
					<texture border="48">frames/frame_PortraitAlt.png</texture>
					<aspectratio>stretch</aspectratio>
					<include>fadeinout</include>
				</control>
				<control type="image">
					<posx>10</posx>
					<posy>10</posy>
					<width>335</width>
					<height>188</height>
					<texture fallback="thumbs/tvshow_landscape.png" background="true">$INFO[ListItem.Thumb]</texture>
					<aspectratio align="left">stretch</aspectratio> 
				</control>
				<control type="image">
					<posx>313</posx>
					<posy>166</posy>
					<include>watchedOverlay</include>
				</control>
				<control type="label" id="110">
					<posx>10</posx>
					<posy>205</posy>
					<width>335</width>
					<label>$INFO[ListItem.Label]</label>
					<font>smallCaps</font>
					<textcolor>Color1</textcolor>
					<visible>IsEmpty(ListItem.Title)</visible>
				</control>
				<control type="label" id="110">
					<posx>10</posx>
					<posy>205</posy>
					<width>335</width>
					<label>$INFO[ListItem.Title]</label>
					<font>smallCaps</font>
					<textcolor>Color1</textcolor>
					<visible>![stringcompare(container.folderpath,videodb://5/) | substring(container.folderpath,special://profile/playlists/)]</visible>
				</control>
				<control type="label" id="110">
					<posx>10</posx>
					<posy>205</posy>
					<width>335</width>
					<label>$INFO[ListItem.TVShowTitle,,: ]$INFO[ListItem.Title]</label>
					<font>smallCaps</font>
					<textcolor>Color1</textcolor>
					<visible>stringcompare(container.folderpath,videodb://5/) | substring(container.folderpath,special://profile/playlists/)</visible>
				</control>
				<control type="label" id="110">
					<posx>10</posx>
					<posy>225</posy>
					<width>335</width>
					<label>$INFO[ListItem.Season,$LOCALIZE[20373] , - ]$INFO[ListItem.Episode,$LOCALIZE[20359] ]</label>
					<font>smallCaps</font>
					<textcolor>Color2</textcolor>
				</control>
			</itemlayout>											
			<focusedlayout height="290" width="400">
				<control type="image">
					<posx>0</posx>
					<width>355</width>
					<height>208</height>
					<texture border="10">views/list-focus-bigAlt.png</texture>
				</control>
				<control type="image">
					<posx>10</posx>
					<posy>10</posy>
					<width>335</width>
					<height>188</height>
					<texture fallback="thumbs/tvshow_landscape.png" background="true">$INFO[ListItem.Thumb]</texture>
					<aspectratio align="left">stretch</aspectratio> 
				</control>
				<control type="image">
					<posx>313</posx>
					<posy>166</posy>
					<include>watchedOverlay</include>
				</control>
				<control type="label" id="110">
					<posx>10</posx>
					<posy>205</posy>
					<width>335</width>
					<label>$INFO[ListItem.Label]</label>
					<font>smallCaps</font>
					<textcolor>Color1</textcolor>
					<visible>IsEmpty(ListItem.Title)</visible>
				</control>
				<control type="label" id="110">
					<posx>10</posx>
					<posy>205</posy>
					<width>335</width>
					<label>$INFO[ListItem.Title]</label>
					<font>smallCaps</font>
					<textcolor>Color1</textcolor>
					<visible>![stringcompare(container.folderpath,videodb://5/) | substring(container.folderpath,special://profile/playlists/)]</visible>
				</control>
				<control type="label" id="110">
					<posx>10</posx>
					<posy>205</posy>
					<width>335</width>
					<label>$INFO[ListItem.TVShowTitle,,: ]$INFO[ListItem.Title]</label>
					<font>smallCaps</font>
					<textcolor>Color1</textcolor>
					<visible>stringcompare(container.folderpath,videodb://5/) | substring(container.folderpath,special://profile/playlists/)</visible>
				</control>
				<control type="label" id="110">
					<posx>10</posx>
					<posy>225</posy>
					<width>335</width>
					<label>$INFO[ListItem.Season,$LOCALIZE[20373] , - ]$INFO[ListItem.Episode,$LOCALIZE[20359] ]</label>
					<font>smallCaps</font>
					<textcolor>Color2</textcolor>
				</control>
			</focusedlayout>
		</control>
	</include>


<!--- BANNER VIEW ---------->
	<include name="view_Banner">
		<control type="fixedlist" id="54">
			<viewtype label="535">List</viewtype> 	
			<posx>225</posx>
			<posy>76</posy>
			<width>900</width>
			<height>605</height>
			<onleft>6000</onleft>
			<onright>60</onright>
			<onup>54</onup>
			<ondown>54</ondown>
			<scrolltime>250</scrolltime>
			<focusposition>2</focusposition>
			<wraparound>true</wraparound>
			<pagecontrol>60</pagecontrol>
			<include>transition_Container</include>
			<include>infoDialogHide</include>
			<include>toggle_Menu</include>
			<visible>Container.Content(tvshows) + Skin.HasSetting(banners.enable) + !substring(container.folderpath,plugin://)</visible>
			
			<itemlayout width="560" height="65">
				<control type="label">
					<posx>75</posx>
					<width>700</width>
					<label>$INFO[ListItem.Title]</label>
					<font>listBig</font>
					<include>listMenu</include>
				</control>
				<control type="label">
					<posx>75</posx>
					<posy>23</posy>
					<width>700</width>
					<label>$INFO[ListItem.Genre]</label>
					<font>listInfo</font>
					<textcolor>Color2</textcolor>
					<include>listMenu</include>
				</control>
				<control type="label">
					<posx>75</posx>
					<width>700</width>
					<label>$INFO[ListItem.Label]</label>
					<visible>IsEmpty(ListItem.Title)</visible>
					<include>listMenu</include>
				</control>
			</itemlayout>
			<focusedlayout width="560" height="290">
				<control type="image">
					<posx>1</posx>
					<posy>0</posy>
					<width>836</width>
					<height>295</height>
					<include>dialogWindow</include>
					<include>focus_Banner</include>
					<visible>!IsEmpty(ListItem.TVShowTitle)</visible>
				</control>
				<control type="image">
					<posx>19</posx>
					<posy>16</posy>
					<width>800</width>
					<height>148</height>
					<texture diffuse="frames/frame_Wide-mask.png" fallback="thumbs/tvshow_banner.jpg">$INFO[ListItem.Thumb]</texture>
					<aspectratio scalediffuse="false" align="center">stretch</aspectratio>
					<include>focus_Banner</include>
					<visible>!IsEmpty(ListItem.TVShowTitle) + !Skin.HasSetting(banners.local)</visible>
				</control>
				<control type="image">
					<posx>19</posx>
					<posy>16</posy>
					<width>800</width>
					<height>148</height>
					<texture diffuse="frames/frame_Wide-mask.png" fallback="thumbs/tvshow_banner.jpg">$INFO[ListItem.path]banner.jpg</texture>
					<aspectratio scalediffuse="false" align="center">stretch</aspectratio>
					<include>focus_Banner</include>
					<visible>!IsEmpty(ListItem.TVShowTitle) + Skin.HasSetting(banners.local)</visible>
				</control>
				<control type="image">
					<posx>19</posx>
					<posy>164</posy>
					<width>800</width>
					<include>dialogSeparator</include>
					<include>focus_Banner</include>
					<visible>!IsEmpty(ListItem.TVShowTitle)</visible>
				</control>
				<control type="label">
					<posx>34</posx>
					<posy>178</posy>
					<label>$INFO[ListItem.TVShowTitle]</label>
					<font>dialog1</font>
					<textcolor>Color5</textcolor>
					<align>left</align>
					<width>1100</width>
					<include>focus_Banner</include>
					<visible>!IsEmpty(ListItem.TVShowTitle)</visible>
				</control>
				<control type="label">
					<posx>34</posx>
					<posy>178</posy>
					<label>$INFO[ListItem.Label]</label>
					<font>dialog1</font>
					<textcolor>Color1</textcolor>
					<align>left</align>
					<width>1100</width>
					<include>focus_Banner</include>
					<visible>IsEmpty(ListItem.TVShowTitle)</visible>
				</control>
				<control type="label">
					<posx>34</posx>
					<posy>214</posy>
					<label>$INFO[ListItem.Genre]</label>
					<font>info</font>
					<textcolor>Color4</textcolor>
					<align>left</align>
					<width>900</width>
					<include>focus_Banner</include>
					<visible>![IsEmpty(ListItem.TVShowTitle) + IsEmpty(ListItem.Property(UnWatchedEpisodes))]</visible>
				</control>
				<control type="label">
					<posx>34</posx>
					<posy>238</posy>
					<label>$INFO[ListItem.Property(UnWatchedEpisodes)] $LOCALIZE[16101] $LOCALIZE[20360]</label>
					<font>info</font>
					<textcolor>Color4</textcolor>
					<align>left</align>
					<width>900</width>
					<visible>!IsEmpty(ListItem.Property(UnWatchedEpisodes))</visible>
					<include>focus_Banner</include>
					<visible>![IsEmpty(ListItem.TVShowTitle) + IsEmpty(ListItem.Property(UnWatchedEpisodes))]</visible>
				</control>
				<control type="image">
					<posx>678</posx>
					<posy>214</posy>
					<width>128</width>
					<height>48</height>
					<aspectratio align="right">keep</aspectratio>
					<colordiffuse>Color4</colordiffuse>
					<include>flag_Network-mono</include>
					<include>focus_Banner</include>
				</control>
			</focusedlayout>
		</control>
	</include>
	
	<include name="view_BannerWide">
		<control type="panel" id="541">
			<viewtype label="537">biglist</viewtype> 	
			<posx>25</posx>
			<posy>75</posy>
			<width>645</width>
			<height>620</height>
			<onleft>6000</onleft>
			<onright>-</onright>
			<onup>541</onup>
			<ondown>541</ondown>
			<scrolltime>150</scrolltime>
			<preloaditems>5</preloaditems>
			<pagecontrol>60</pagecontrol>
			<orientation>vertical</orientation>
			<include>transition_Container</include>
			<include>infoDialogHide</include>
			<include>toggle_Menu</include>
			<visible>Container.Content(tvshows) + Skin.HasSetting(banners.enable)</visible>
			<itemlayout width="645" height="123">
				<control type="image">
					<posx>10</posx>
					<posy>10</posy>
					<width>620</width>
					<height>115</height>
					<texture fallback="thumbs/tvshow_banner.jpg" background="true">$INFO[ListItem.Thumb]</texture>
					<bordertexture border="6" width="590" height="106">frames/frame_Square-small.png</bordertexture>
					<bordersize>6</bordersize>
					<aspectratio>stretch</aspectratio>
					<visible>!Skin.HasSetting(banners.local)</visible>
				</control>
				<control type="image">
					<posx>10</posx>
					<posy>10</posy>
					<width>620</width>
					<height>115</height>
					<texture fallback="thumbs/tvshow_banner.jpg" background="true">$INFO[ListItem.path]banner.jpg</texture>
					<bordertexture border="6" width="590" height="106">frames/frame_Square-small.png</bordertexture>
					<bordersize>6</bordersize>
					<aspectratio>stretch</aspectratio>
					<visible>Skin.HasSetting(banners.local)</visible>
				</control>
				<control type="image">
					<posx>592</posx>
					<posy>87</posy>
					<include>watchedOverlay</include>
				</control>
			</itemlayout>
			<focusedlayout width="645" height="123">
				<control type="image">
					<posx>0</posx>
					<width>640</width>
					<height>135</height>
					<texture border="10">views/list-focus-bigAlt.png</texture>
					<bordersize>6</bordersize>
					<aspectratio>stretch</aspectratio>
				</control>
				<control type="image">
					<posx>10</posx>
					<posy>10</posy>
					<width>620</width>
					<height>115</height>
					<texture fallback="thumbs/tvshow_banner.jpg" background="true">$INFO[ListItem.Thumb]</texture>
					<bordersize>6</bordersize>
					<aspectratio>stretch</aspectratio>
					<visible>!Skin.HasSetting(banners.local)</visible>
				</control>
				<control type="image">
					<posx>10</posx>
					<posy>10</posy>
					<width>620</width>
					<height>115</height>
					<texture fallback="thumbs/tvshow_banner.jpg" background="true">$INFO[ListItem.path]banner.jpg</texture>
					<bordersize>6</bordersize>
					<aspectratio>stretch</aspectratio>
					<visible>Skin.HasSetting(banners.local)</visible>
				</control>
				<control type="image">
					<posx>592</posx>
					<posy>87</posy>
					<include>watchedOverlay</include>
				</control>
			</focusedlayout>
		</control>
	</include>
</includes>