﻿<window type="dialog" id="61">
	<defaultcontrol always="true">100</defaultcontrol>
	<include>dialogOpen</include>
	<coordinates>
		<system>1</system>
		<posx>240</posx>
		<posy>65</posy>
	</coordinates>

	<controls>
		<control type="image">
			<width>800</width>
			<height>610</height>
			<include>dialogWindow</include>
		</control>
		<control type="label">
			<label>$LOCALIZE[31109]</label>
			<width>762</width>
			<include>dialog_Windowtitle</include>
		</control>

		<control type="group">
			<posx>19</posx>
			<posy>75</posy>		
			<control type="image">
				<width>762</width>
				<include>dialog_Separator</include>
			</control>
			<control type="image">
				<posy>439</posy>
				<width>762</width>
				<include>dialog_Separator</include>
			</control>
			<control type="image">
				<posx>205</posx>
				<height>440</height>
				<include>dialog_Separator-y</include>
			</control>

		<!--button area------>
			<control type="grouplist" id="100">
				<width>225</width>
				<height>360</height>
				<itemgap>0</itemgap>
				<onleft>12</onleft>
				<onright>200</onright>
				<onup>100</onup>
				<ondown>100</ondown>
				<scrolltime tween="Cubic" easing="Out">200</scrolltime>
				<control type="button" id="101">
					<width>206</width>
					<label>$LOCALIZE[3]</label>
					<onfocus>Skin.SetString(Sub,Video)</onfocus>
					<selectedcolor>Selected</selectedcolor>
					<include>dialog_Button-list</include>
				</control>
				<control type="button" id="102">
					<width>206</width>
					<label>$LOCALIZE[342]</label>
					<onfocus>Skin.SetString(Sub,Movies)</onfocus>
					<include>dialog_Button-list</include>
				</control>
				<control type="button" id="103">
					<width>206</width>
					<label>$LOCALIZE[20343]</label>
					<onfocus>Skin.SetString(Sub,Shows)</onfocus>
					<include>dialog_Button-list</include>
				</control>
				<control type="button" id="104">
					<width>206</width>
					<label>$LOCALIZE[2]</label>
					<onfocus>Skin.SetString(Sub,Music)</onfocus>
					<include>dialog_Button-list</include>
				</control>
				<control type="button" id="105">
					<width>206</width>
					<label>$LOCALIZE[24001]</label>
					<onfocus>Skin.SetString(Sub,Addons)</onfocus>
					<include>dialog_Button-list</include>
				</control>
			</control>
		<!---control area------>	
			<control type="group">
			<!--video submenu-->
				<control type="grouplist" id="200">
					<posx>206</posx>
					<width>557</width>
					<height>440</height>
					<onleft>100</onleft>
					<onright>10</onright>
					<onup>200</onup>
					<ondown>200</ondown>
					<itemgap>0</itemgap>
					<visible>Skin.String(Sub,Video)</visible>
					<scrolltime tween="Cubic" easing="Out">200</scrolltime>
					<!--playlists-->
					<control type="radiobutton" id="201">
						<label>$LOCALIZE[136]</label>
						<width>557</width>
						<onclick>Skin.ToggleSetting(videomenu.videoplaylists)</onclick>
						<selected>!Skin.HasSetting(videomenu.videoplaylists)</selected>
						<include>dialog_Radio</include>
					</control>
					<!--video addons-->
					<control type="radiobutton" id="202">
						<label>$LOCALIZE[24001]</label>
						<width>557</width>
						<onclick>Skin.ToggleSetting(videomenu.addons)</onclick>
						<selected>!Skin.HasSetting(videomenu.addons)</selected>
						<include>dialog_Radio</include>
					</control>
					<!--playlist 1-->
					<control type="button" id="210">
						<width>557</width>
						<label>$LOCALIZE[31033] 1</label>
						<label2>[I]$INFO[Skin.String(videomenu.playlist1.label)][/I]</label2>
						<onclick>Skin.Reset(videomenu.playlist1)</onclick>
						<onclick>Skin.Reset(videomenu.playlist1.path)</onclick>
						<onclick>Skin.Reset(videomenu.playlist1.label)</onclick>
						<onclick>Skin.SetFile(videomenu.playlist1.path,.xsp,special://profile/playlists/video/)</onclick>
						<onclick>Skin.SetString(videomenu.playlist1.label)</onclick>
						<include>dialog_Radio</include>
					</control>
					<!--playlist 2-->
					<control type="button" id="211">
						<width>557</width>
						<label>$LOCALIZE[31033] 2</label>
						<label2>[I]$INFO[Skin.String(videomenu.playlist2.label)][/I]</label2>
						<onclick>Skin.Reset(videomenu.playlist2)</onclick>
						<onclick>Skin.Reset(videomenu.playlist2.path)</onclick>
						<onclick>Skin.Reset(videomenu.playlist2.label)</onclick>
						<onclick>Skin.SetFile(videomenu.playlist2.path,.xsp,special://profile/playlists/video/)</onclick>
						<onclick>Skin.SetString(videomenu.playlist2.label)</onclick>
						<include>dialog_Radio</include>
					</control>
					<!--playlist 3-->
					<control type="button" id="212">
						<width>557</width>
						<label>$LOCALIZE[31033] 3</label>
						<label2>[I]$INFO[Skin.String(videomenu.playlist3.label)][/I]</label2>
						<onclick>Skin.Reset(videomenu.playlist3)</onclick>
						<onclick>Skin.Reset(videomenu.playlist3.path)</onclick>
						<onclick>Skin.Reset(videomenu.playlist3.label)</onclick>
						<onclick>Skin.SetFile(videomenu.playlist3.path,.xsp,special://profile/playlists/video/)</onclick>
						<onclick>Skin.SetString(videomenu.playlist3.label)</onclick>
						<include>dialog_Radio</include>
					</control>
					<!--playlist 4-->
					<control type="button" id="213">
						<width>557</width>
						<label>$LOCALIZE[31033] 4</label>
						<label2>[I]$INFO[Skin.String(videomenu.playlist4.label)][/I]</label2>
						<onclick>Skin.Reset(videomenu.playlist4)</onclick>
						<onclick>Skin.Reset(videomenu.playlist4.path)</onclick>
						<onclick>Skin.Reset(videomenu.playlist4.label)</onclick>
						<onclick>Skin.SetFile(videomenu.playlist4.path,.xsp,special://profile/playlists/video/)</onclick>
						<onclick>Skin.SetString(videomenu.playlist4.label)</onclick>
						<include>dialog_Radio</include>
					</control>
					<!--folder 1-->
					<control type="button" id="220">
						<width>557</width>
						<label>$LOCALIZE[31024] 1</label>
						<label2>[I]$INFO[Skin.String(videomenu.folder1.label)][/I]</label2>
						<onclick>Skin.Reset(videomenu.folder1)</onclick>
						<onclick>Skin.Reset(videomenu.folder1.path)</onclick>
						<onclick>Skin.Reset(videomenu.folder1.label)</onclick>
						<onclick>Skin.SetPath(videomenu.folder1.path)</onclick>
						<onclick>Skin.SetString(videomenu.folder1.label)</onclick>
						<include>dialog_Radio</include>
					</control>
					<!--folder 2-->
					<control type="button" id="221">
						<width>557</width>
						<label>$LOCALIZE[31024] 2</label>
						<label2>[I]$INFO[Skin.String(videomenu.folder2.label)][/I]</label2>
						<onclick>Skin.Reset(videomenu.folder2)</onclick>
						<onclick>Skin.Reset(videomenu.folder2.path)</onclick>
						<onclick>Skin.Reset(videomenu.folder2.label)</onclick>
						<onclick>Skin.SetPath(videomenu.folder2.path)</onclick>
						<onclick>Skin.SetString(videomenu.folder2.label)</onclick>
						<include>dialog_Radio</include>
					</control>
					<!--folder 3-->
					<control type="button" id="222">
						<width>557</width>
						<label>$LOCALIZE[31024] 3</label>
						<label2>[I]$INFO[Skin.String(videomenu.folder3.label)][/I]</label2>
						<onclick>Skin.Reset(videomenu.folder3)</onclick>
						<onclick>Skin.Reset(videomenu.folder3.path)</onclick>
						<onclick>Skin.Reset(videomenu.folder3.label)</onclick>
						<onclick>Skin.SetPath(videomenu.folder3.path)</onclick>
						<onclick>Skin.SetString(videomenu.folder3.label)</onclick>
						<include>dialog_Radio</include>
					</control>
					<!--folder 4-->
					<control type="button" id="223">
						<width>557</width>
						<label>$LOCALIZE[31024] 4</label>
						<label2>[I]$INFO[Skin.String(videomenu.folder4.label)][/I]</label2>
						<onclick>Skin.Reset(videomenu.folder4)</onclick>
						<onclick>Skin.Reset(videomenu.folder4.path)</onclick>
						<onclick>Skin.Reset(videomenu.folder4.label)</onclick>
						<onclick>Skin.SetPath(videomenu.folder4.path)</onclick>
						<onclick>Skin.SetString(videomenu.folder4.label)</onclick>
						<include>dialog_Radio</include>
					</control>
				</control>
			<!--movies submenu-->
				<control type="grouplist" id="200">
					<posx>206</posx>
					<width>557</width>
					<height>480</height>
					<onleft>100</onleft>
					<onright>10</onright>
					<onup>200</onup>
					<ondown>200</ondown>
					<itemgap>0</itemgap>
					<visible>Skin.String(Sub,Movies)</visible>
					<!--recent movies-->
					<control type="radiobutton" id="201">
						<label>$LOCALIZE[31095]</label>
						<width>557</width>
						<onclick>Skin.ToggleSetting(moviesmenu.recent)</onclick>
						<selected>Skin.HasSetting(moviesmenu.recent)</selected>
						<include>dialog_Radio</include>
					</control>
					<!--unwatched movies-->
					<control type="radiobutton" id="202">
						<label>$LOCALIZE[16101]</label>
						<width>557</width>
						<onclick>Skin.ToggleSetting(moviesmenu.unwatched)</onclick>
						<selected>Skin.HasSetting(moviesmenu.unwatched)</selected>
						<include>dialog_Radio</include>
					</control>
					<!--movies in progress-->
					<control type="radiobutton" id="203">
						<label>$LOCALIZE[575]</label>
						<width>557</width>
						<onclick>Skin.ToggleSetting(moviesmenu.inprogress)</onclick>
						<selected>Skin.HasSetting(moviesmenu.inprogress)</selected>
						<include>dialog_Radio</include>
					</control>
					<!--trailers-->
					<control type="radiobutton" id="204">
						<label>$LOCALIZE[31953]</label>
						<width>557</width>
						<onclick>Skin.ToggleSetting(moviesmenu.trailers)</onclick>
						<selected>Skin.HasSetting(moviesmenu.trailers)</selected>
						<include>dialog_Radio</include>
						<enable>System.HasAddon(plugin.video.apple.movie.trailers.lite)</enable>
					</control>
					<!--genres-->
					<control type="radiobutton" id="205">
						<label>$LOCALIZE[135]</label>
						<width>557</width>
						<onclick>Skin.ToggleSetting(moviesmenu.genres)</onclick>
						<selected>Skin.HasSetting(moviesmenu.genres)</selected>
						<include>dialog_Radio</include>
					</control>
					<!--years-->
					<control type="radiobutton" id="206">
						<label>$LOCALIZE[652]</label>
						<width>557</width>
						<onclick>Skin.ToggleSetting(moviesmenu.years)</onclick>
						<selected>Skin.HasSetting(moviesmenu.years)</selected>
						<include>dialog_Radio</include>
					</control>
					<!--actors-->
					<control type="radiobutton" id="207">
						<label>$LOCALIZE[344]</label>
						<width>557</width>
						<onclick>Skin.ToggleSetting(moviesmenu.actors)</onclick>
						<selected>Skin.HasSetting(moviesmenu.actors)</selected>
						<include>dialog_Radio</include>
					</control>
				</control>
			<!--tv shows submenu-->
				<control type="grouplist" id="200">
					<posx>206</posx>
					<width>557</width>
					<height>480</height>
					<onleft>100</onleft>
					<onright>10</onright>
					<onup>200</onup>
					<ondown>200</ondown>
					<itemgap>0</itemgap>
					<visible>Skin.String(Sub,Shows)</visible>
					<!--watchlist-->
					<control type="radiobutton" id="201">
						<label>$LOCALIZE[31086]</label>
						<width>557</width>
						<onclick>Skin.ToggleSetting(tvshowsmenu.watchlist)</onclick>
						<selected>!Skin.HasSetting(tvshowsmenu.watchlist)</selected>
						<include>dialog_Radio</include>
					</control>
					<!--recent episodes-->
					<control type="radiobutton" id="202">
						<label>$LOCALIZE[31094]</label>
						<width>557</width>
						<onclick>Skin.ToggleSetting(tvshowsmenu.recent)</onclick>
						<selected>Skin.HasSetting(tvshowsmenu.recent)</selected>
						<include>dialog_Radio</include>
					</control>
					<!--unwatched episodes-->
					<control type="radiobutton" id="203">
						<label>$LOCALIZE[16101]</label>
						<width>557</width>
						<onclick>Skin.ToggleSetting(tvshowsmenu.unwatched)</onclick>
						<selected>Skin.HasSetting(tvshowsmenu.unwatched)</selected>
						<include>dialog_Radio</include>
					</control>
					<!--episodes in progress-->
					<control type="radiobutton" id="204">
						<label>$LOCALIZE[575]</label>
						<width>557</width>
						<onclick>Skin.ToggleSetting(tvshowsmenu.inprogress)</onclick>
						<selected>Skin.HasSetting(tvshowsmenu.inprogress)</selected>
						<include>dialog_Radio</include>
					</control>
					<!--genres-->
					<control type="radiobutton" id="205">
						<label>$LOCALIZE[135]</label>
						<width>557</width>
						<onclick>Skin.ToggleSetting(tvshowsmenu.genres)</onclick>
						<selected>Skin.HasSetting(tvshowsmenu.genres)</selected>
						<include>dialog_Radio</include>
					</control>
					<!--years-->
					<control type="radiobutton" id="206">
						<label>$LOCALIZE[652]</label>
						<width>557</width>
						<onclick>Skin.ToggleSetting(tvshowsmenu.years)</onclick>
						<selected>Skin.HasSetting(tvshowsmenu.years)</selected>
						<include>dialog_Radio</include>
					</control>
					<!--actors-->
					<control type="radiobutton" id="207">
						<label>$LOCALIZE[344]</label>
						<width>557</width>
						<onclick>Skin.ToggleSetting(tvshowsmenu.actors)</onclick>
						<selected>Skin.HasSetting(tvshowsmenu.actors)</selected>
						<include>dialog_Radio</include>
					</control>
					<!--tv guide-->
					<control type="radiobutton" id="208">
						<label>$LOCALIZE[31070]</label>
						<width>557</width>
						<onclick>Skin.ToggleSetting(tvshowsmenu.guide)</onclick>
						<selected>!Skin.HasSetting(tvshowsmenu.guide)</selected>
						<include>dialog_Radio</include>
					</control>
				</control>
			<!--music submenu-->
				<control type="grouplist" id="200">
					<posx>206</posx>
					<width>557</width>
					<height>480</height>
					<onleft>100</onleft>
					<onright>10</onright>
					<onup>200</onup>
					<ondown>200</ondown>
					<itemgap>0</itemgap>
					<visible>Skin.String(Sub,Music)</visible>
					<!--recently added albums-->
					<control type="radiobutton" id="201">
						<label>$LOCALIZE[31096]</label>
						<width>557</width>
						<onclick>Skin.ToggleSetting(musicmenu.recent)</onclick>
						<selected>Skin.HasSetting(musicmenu.recent)</selected>
						<include>dialog_Radio</include>
					</control>
					<!--recent played albums-->
					<control type="radiobutton" id="202">
						<label>$LOCALIZE[517]</label>
						<width>557</width>
						<onclick>Skin.ToggleSetting(musicmenu.played)</onclick>
						<selected>Skin.HasSetting(musicmenu.played)</selected>
						<include>dialog_Radio</include>
					</control>
					<!--artists-->
					<control type="radiobutton" id="203">
						<label>$LOCALIZE[133]</label>
						<width>557</width>
						<onclick>Skin.ToggleSetting(musicmenu.artists)</onclick>
						<selected>!Skin.HasSetting(musicmenu.artists)</selected>
						<include>dialog_Radio</include>
					</control>
					<!--genres-->
					<control type="radiobutton" id="204">
						<label>$LOCALIZE[135]</label>
						<width>557</width>
						<onclick>Skin.ToggleSetting(musicmenu.genres)</onclick>
						<selected>!Skin.HasSetting(musicmenu.genres)</selected>
						<include>dialog_Radio</include>
					</control>
					<!--music addons-->
					<control type="radiobutton" id="205">
						<label>$LOCALIZE[24001]</label>
						<width>557</width>
						<onclick>Skin.ToggleSetting(musicmenu.addons)</onclick>
						<selected>Skin.HasSetting(musicmenu.addons)</selected>
						<include>dialog_Radio</include>
					</control>
					<!--music playlists-->
					<control type="radiobutton" id="206">
						<label>$LOCALIZE[136]</label>
						<width>557</width>
						<onclick>Skin.ToggleSetting(musicmenu.playlists)</onclick>
						<selected>Skin.HasSetting(musicmenu.playlists)</selected>
						<include>dialog_Radio</include>
					</control>
					<!--partymode-->
					<control type="radiobutton" id="207">
						<label>$LOCALIZE[589]</label>
						<width>557</width>
						<onclick>Skin.ToggleSetting(musicmenu.partymode)</onclick>
						<selected>Skin.HasSetting(musicmenu.partymode)</selected>
						<include>dialog_Radio</include>
					</control>
					<!--lastfm-->
					<control type="radiobutton" id="208">
						<label>$LOCALIZE[15200]</label>
						<width>557</width>
						<onclick>Skin.ToggleSetting(musicmenu.lastfm)</onclick>
						<selected>Skin.HasSetting(musicmenu.lastfm)</selected>
						<include>dialog_Radio</include>
					</control>
					<!--music videos-->
					<control type="radiobutton" id="209">
						<label>$LOCALIZE[20389]</label>
						<width>557</width>
						<onclick>Skin.ToggleSetting(musicmenu.videos)</onclick>
						<selected>Skin.HasSetting(musicmenu.videos)</selected>
						<include>dialog_Radio</include>
					</control>
				</control>
			<!--addons submenu-->
				<control type="grouplist" id="200">
					<posx>206</posx>
					<width>557</width>
					<height>480</height>
					<onleft>100</onleft>
					<onright>10</onright>
					<onup>200</onup>
					<ondown>200</ondown>
					<itemgap>0</itemgap>
					<visible>Skin.String(Sub,Addons)</visible>
					<!--available updates-->
					<control type="radiobutton" id="201">
						<label>$LOCALIZE[24043]</label>
						<width>557</width>
						<onclick>Skin.ToggleSetting(addonsmenu.updates)</onclick>
						<selected>Skin.HasSetting(addonsmenu.updates)</selected>
						<include>dialog_Radio</include>
					</control>
					<!--programs-->
					<control type="radiobutton" id="202">
						<label>$LOCALIZE[0]</label>
						<width>557</width>
						<onclick>Skin.ToggleSetting(addonsmenu.programs)</onclick>
						<selected>Skin.HasSetting(addonsmenu.programs)</selected>
						<include>dialog_Radio</include>
					</control>
					<!--addon 1-->
					<control type="button" id="210">
						<width>557</width>
						<label>$LOCALIZE[24000] 1</label>
						<label2>[I]$INFO[Skin.String(addonsmenu.addon1.label)][/I]</label2>
						<onclick>Skin.Reset(addonsmenu.addon1)</onclick>
						<onclick>Skin.Reset(addonsmenu.addon1.path)</onclick>
						<onclick>Skin.Reset(addonsmenu.addon1.label)</onclick>
						<onclick>Skin.SetAddOn(addonsmenu.addon1.path,xbmc.python.pluginsource)</onclick>
						<onclick>Skin.SetString(addonsmenu.addon1.label)</onclick>
						<include>dialog_Radio</include>
					</control>
					<!--addon 2-->
					<control type="button" id="211">
						<width>557</width>
						<label>$LOCALIZE[24000] 2</label>
						<label2>[I]$INFO[Skin.String(addonsmenu.addon2.label)][/I]</label2>
						<onclick>Skin.Reset(addonsmenu.addon2)</onclick>
						<onclick>Skin.Reset(addonsmenu.addon2.path)</onclick>
						<onclick>Skin.Reset(addonsmenu.addon2.label)</onclick>
						<onclick>Skin.SetAddOn(addonsmenu.addon2.path,xbmc.python.pluginsource)</onclick>
						<onclick>Skin.SetString(addonsmenu.addon2.label)</onclick>
						<include>dialog_Radio</include>
					</control>
					<!--addon 3-->
					<control type="button" id="212">
						<width>557</width>
						<label>$LOCALIZE[24000] 3</label>
						<label2>[I]$INFO[Skin.String(addonsmenu.addon3.label)][/I]</label2>
						<onclick>Skin.Reset(addonsmenu.addon3)</onclick>
						<onclick>Skin.Reset(addonsmenu.addon3.path)</onclick>
						<onclick>Skin.Reset(addonsmenu.addon3.label)</onclick>
						<onclick>Skin.SetAddOn(addonsmenu.addon3.path,xbmc.python.pluginsource)</onclick>
						<onclick>Skin.SetString(addonsmenu.addon3.label)</onclick>
						<include>dialog_Radio</include>
					</control>
					<!--addon 4-->
					<control type="button" id="213">
						<width>557</width>
						<label>$LOCALIZE[24000] 4</label>
						<label2>[I]$INFO[Skin.String(addonsmenu.addon4.label)][/I]</label2>
						<onclick>Skin.Reset(addonsmenu.addon4)</onclick>
						<onclick>Skin.Reset(addonsmenu.addon4.path)</onclick>
						<onclick>Skin.Reset(addonsmenu.addon4.label)</onclick>
						<onclick>Skin.SetAddOn(addonsmenu.addon4.path,xbmc.python.pluginsource)</onclick>
						<onclick>Skin.SetString(addonsmenu.addon4.label)</onclick>
						<include>dialog_Radio</include>
					</control>
					<!--addon 5-->
					<control type="button" id="214">
						<width>557</width>
						<label>$LOCALIZE[24000] 5</label>
						<label2>[I]$INFO[Skin.String(addonsmenu.addon5.label)][/I]</label2>
						<onclick>Skin.Reset(addonsmenu.addon5)</onclick>
						<onclick>Skin.Reset(addonsmenu.addon5.path)</onclick>
						<onclick>Skin.Reset(addonsmenu.addon5.label)</onclick>
						<onclick>Skin.SetAddOn(addonsmenu.addon5.path,xbmc.python.pluginsource)</onclick>
						<onclick>Skin.SetString(addonsmenu.addon5.label)</onclick>
						<include>dialog_Radio</include>
					</control>
					<!--addon 6-->
					<control type="button" id="215">
						<width>557</width>
						<label>$LOCALIZE[24000] 6</label>
						<label2>[I]$INFO[Skin.String(addonsmenu.addon6.label)][/I]</label2>
						<onclick>Skin.Reset(addonsmenu.addon6)</onclick>
						<onclick>Skin.Reset(addonsmenu.addon6.path)</onclick>
						<onclick>Skin.Reset(addonsmenu.addon6.label)</onclick>
						<onclick>Skin.SetAddOn(addonsmenu.addon6.path,xbmc.python.pluginsource)</onclick>
						<onclick>Skin.SetString(addonsmenu.addon6.label)</onclick>
						<include>dialog_Radio</include>
					</control>
				</control>
			</control>	
		</control>
		<!--ok-->
		<control type="button" id="10">
			<posx>645</posx>
			<posy>533</posy>
			<label>$LOCALIZE[186]</label>
			<onup>200</onup>
			<onleft>12</onleft>
			<onright>11</onright>
			<ondown>311</ondown>
			<onclick>Close</onclick>
			<include>dialog_Button</include>
		</control>
	</controls>
</window>