﻿<window id="107">
	<coordinates>
		<system>1</system>
		<posx>0</posx>
		<posy>0</posy>
	</coordinates>
	<zorder>1</zorder>
	<controls>
		<control type="group">
			<!--line 1-->
			<control type="fadelabel" id="401">
				<posx>470r</posx>
				<width>400</width>
				<include>toast_Top</include>
			</control>
			<!--line 2-->
			<control type="fadelabel" id="402">
				<posx>470r</posx>
				<width>400</width>
				<include>toast_Bottom</include>
			</control>
			<!--icon-->
			<control type="image" id="400">
				<include>toast_Icon</include>
				<texture>toast/info.png</texture>
			</control>
			<control type="image" id="403">
				<include>toast_Icon</include>
				<visible>false</visible>
				<texture>toast/info.png</texture>
			</control>
			<control type="image" id="404">
				<include>toast_Icon</include>
				<visible>false</visible>
				<texture>toast/warning.png</texture>
			</control>
			<control type="image" id="405">
				<include>toast_Icon</include>
				<visible>false</visible>
				<texture>toast/error.png</texture>
			</control>
		</control>
	</controls>
</window>