<?xml version="1.0" encoding="UTF-8" standalone="yes"?>
<addon id="xbmc.repo.jeroen" name="Jeroen's Add-on Repository" version="1.0.2" provider-name="Jeroen">
    <extension point="xbmc.addon.repository" name="Jeroen's Add-on Repository">
        <info>http://xbmc-focus.googlecode.com/svn/trunk/addons.xml</info>
        <checksum>http://xbmc-focus.googlecode.com/svn/trunk/addons.xml.md5</checksum>
        <datadir zip="true">http://xbmc-focus.googlecode.com/svn/trunk/</datadir>
    </extension>
    <extension point="xbmc.addon.metadata">
        <summary>Jeroen's Add-on Repository</summary>
        <description>Home of the reFocus skin</description>
        <disclaimer></disclaimer>
        <platform>all</platform>
    </extension>
</addon>